id_contrato;valor_total;n_parcelas;valor_parcela;renda_declarada;renda_ausente;parcela_sobre_renda;tempo_contrato_dias;data_referencia;inadimplente_30d;qtd_parcelas_anteriores;proporcao_atrasos_anteriores;atraso_medio_anterior_dias;atraso_maximo_anterior_dias;qtd_parcelas_em_aberto;valor_parcelas_em_aberto;qtd_compras_anteriores;valor_compras_anteriores;valor_medio_compras_anteriores;dias_desde_ultima_compra;qtd_atendimentos_sac;qtd_segunda_via;qtd_negociacoes;dias_desde_ultimo_sac;score_bureau
C00001;1014,95;10;101,5;6104,01;0;0,016628413125142325;263;22/01/2026;0;8;0,5;5,75;23;0;0,0;6;4798,72;799,7866666666667;51,0;1;1;0;59,0;600
C00003;2494,27;12;207,86;3944,55;0;0,05269549124741733;323;02/02/2026;0;10;0,2;0,3;2;0;0,0;0;0,0;;;1;0;0;164,0;878
C00004;1516,74;10;151,67;1492,09;0;0,10164936431448506;293;05/09/2025;1;9;0,5555555555555556;6,222222222222222;21;0;0,0;2;1176,42;588,21;150,0;0;0;0;;689
C00005;9349,93;12;779,16;2230,13;0;0,3493787357687668;353;03/09/2025;1;11;0,45454545454545453;3,8181818181818183;15;0;0,0;5;3037,25;607,45;12,0;1;1;0;178,0;594
C00007;1974,4;12;164,53;1861,14;0;0,08840280688180362;263;29/01/2026;1;8;0,25;3,0;23;0;0,0;4;2131,99;532,9975;68,0;0;0;0;;518
C00008;3407,65;18;189,31;3337,85;0;0,056716149617268605;413;10/01/2026;0;13;0,3076923076923077;3,5384615384615383;23;1;189,31;0;0,0;;;0;0;0;;714
C00009;2032,89;6;338,82;2976,42;0;0,11383474106476908;173;02/08/2025;1;5;0,8;4,8;12;0;0,0;2;1407,73;703,865;363,0;1;0;0;137,0;633
C00010;1323,77;12;110,31;1996,69;0;0,05524643284636073;353;06/06/2025;0;11;0,36363636363636365;0,5454545454545454;2;0;0,0;2;1401,13;700,565;316,0;0;0;0;;730
C00012;1466,7;10;146,67;3817,89;0;0,03841650754736255;293;14/07/2025;0;9;0,5555555555555556;5,111111111111111;15;0;0,0;0;0,0;;;0;0;0;;824
C00013;3652,6;18;202,92;3919,16;0;0,05177640106553445;473;23/01/2026;1;15;0,9333333333333333;12,733333333333333;23;0;0,0;3;1103,23;367,74333333333334;201,0;1;1;0;15,0;450
C00014;1606,26;18;89,24;4675,92;0;0,0190850142859587;203;10/01/2026;1;6;0,3333333333333333;2,0;10;0;0,0;6;8207,640000000001;1367,9400000000003;134,0;0;0;0;;844
C00015;1955,35;18;108,63;1973,2;0;0,05505270626393675;83;23/01/2026;0;2;0,5;0,5;1;0;0,0;2;1070,04;535,02;302,0;0;0;0;;636
C00016;2039,37;18;113,3;2095,82;0;0,05405998606750579;503;30/01/2026;1;16;0,1875;0,8125;11;0;0,0;5;1509,5700000000002;301,91400000000004;216,0;1;0;0;86,0;706
C00017;3051,53;12;254,29;4632,83;0;0,05488869654185455;113;16/01/2026;1;3;1,0;22,333333333333332;26;0;0,0;2;2052,5;1026,25;643,0;0;0;0;;529
C00018;4393,32;10;439,33;1414,77;0;0,310531040381122;83;29/01/2026;1;2;1,0;17,5;23;1;439,33;1;933,33;933,33;209,0;1;1;0;56,0;521
C00019;863,86;10;86,39;3108,39;0;0,027792522817278398;143;31/01/2026;1;4;0,75;5,75;20;0;0,0;5;2867,55;573,51;213,0;0;0;0;;754
C00020;1745,38;6;290,9;2283,33;0;0,12740164584181873;143;18/01/2026;0;4;0,0;0,0;0;0;0,0;3;2052,52;684,1733333333333;251,0;1;0;0;3,0;683
C00021;3670,38;6;611,73;9243,37;0;0,06618040822773512;173;24/11/2025;1;5;0,4;4,0;19;0;0,0;1;2270,15;2270,15;709,0;2;2;0;77,0;628
C00022;3506,19;24;146,09;2112,06;0;0,0691694364743426;503;03/02/2026;0;16;0,4375;3,75;25;0;0,0;1;261,64;261,64;297,0;1;0;0;17,0;579
C00023;2211,15;18;122,84;4230,53;0;0,029036550975882456;113;21/01/2026;1;3;0,3333333333333333;5,0;15;0;0,0;4;4084,4500000000003;1021,1125000000001;222,0;1;1;0;60,0;721
C00024;2107,76;10;210,78;3024,79;0;0,06968417642216485;143;20/01/2026;0;4;0,0;0,0;0;0;0,0;3;3523,84;1174,6133333333335;252,0;0;0;0;;729
C00025;1741,14;18;96,73;1604,78;0;0,060276174927404384;323;12/01/2026;0;10;0,2;0,2;1;0;0,0;4;4808,46;1202,115;112,0;0;0;0;;851
C00026;5571,17;24;232,13;5892,46;0;0,039394412520407436;563;01/02/2026;0;18;0,2777777777777778;0,4444444444444444;2;0;0,0;3;1730,79;576,93;474,0;3;1;0;64,0;694
C00027;14000,0;10;1400,0;3401,61;0;0,4115698154697334;293;20/11/2025;1;9;0,8888888888888888;13,0;21;0;0,0;4;2551,8;637,95;240,0;0;0;0;;581
C00028;4192,32;10;419,23;3303,66;0;0,12689865179830856;293;25/08/2025;0;9;0,4444444444444444;6,333333333333333;23;0;0,0;1;435,49;435,49;788,0;5;3;0;31,0;705
C00029;791,93;12;65,99;4234,96;0;0,015582201484783799;203;10/01/2026;1;6;0,5;7,666666666666667;26;0;0,0;2;3539,43;1769,715;99,0;3;2;0;52,0;662
C00030;989,43;18;54,97;2915,72;0;0,018852976280301265;413;24/01/2026;0;13;0,46153846153846156;2,923076923076923;18;0;0,0;3;1102,15;367,3833333333334;256,0;0;0;0;;711
C00031;1230,8;10;123,08;4657,57;0;0,02642579714314546;293;26/01/2026;1;9;0,3333333333333333;0,5555555555555556;3;0;0,0;4;5096,0199999999995;1274,0049999999999;78,0;2;1;0;1,0;622
C00032;3383,14;6;563,86;1384,1;0;0,40738385954772055;173;21/02/2025;1;5;1,0;14,2;22;0;0,0;1;527,63;527,63;226,0;2;0;0;115,0;490
C00033;2157,57;24;89,9;4443,84;0;0,02023025131417873;233;05/02/2026;0;7;0,0;0,0;0;0;0,0;8;6516,01;814,50125;100,0;1;0;0;103,0;881
C00034;2009,43;12;167,45;1801,53;0;0,09294877132215394;353;09/08/2025;1;11;0,5454545454545454;8,909090909090908;23;0;0,0;2;1417,3899999999999;708,6949999999999;214,0;0;0;0;;657
C00035;1411,68;12;117,64;1582,5;0;0,07433807266982623;233;19/01/2026;0;7;0,7142857142857143;3,5714285714285716;11;0;0,0;1;422,03;422,03;341,0;0;0;0;;773
C00036;4252,14;6;708,69;2934,54;0;0,24149951951583556;173;16/07/2025;1;5;1,0;14,6;21;0;0,0;2;1407,73;703,865;346,0;0;0;0;;617
C00037;1459,15;6;243,19;4504,23;0;0,05399147024019644;173;12/09/2025;0;5;0,4;0,8;2;0;0,0;4;5612,21;1403,0525;9,0;0;0;0;;957
C00038;1774,87;24;73,95;1814,39;0;0,04075749976576149;563;14/01/2026;0;18;0,3333333333333333;2,5;17;0;0,0;1;473,09;473,09;717,0;1;1;0;41,0;781
C00039;4759,38;12;396,62;2902,17;0;0,13666325542611218;353;10/01/2026;1;11;0,6363636363636364;3,909090909090909;20;0;0,0;5;1610,35;322,07;85,0;0;0;0;;647
C00040;1236,3;6;206,05;1488,84;0;0,13839633540205798;173;06/08/2025;1;5;0,8;5,6;16;0;0,0;2;1652,9699999999998;826,4849999999999;163,0;1;1;0;97,0;713
C00041;1012,87;12;84,41;3819,5;0;0,02209975127634507;353;06/11/2025;0;11;0,09090909090909091;0,18181818181818182;2;0;0,0;7;5911,21;844,4585714285714;109,0;1;0;0;264,0;738
C00042;1154,11;12;96,18;2405,54;0;0,0399827065856315;173;05/02/2026;0;5;0,4;0,6;2;0;0,0;8;6440,71;805,08875;53,0;0;0;0;;665
C00043;2122,54;12;176,88;2844,25;0;0,06218862617561747;83;22/01/2026;1;2;0,5;0,5;1;0;0,0;4;2652,06;663,015;216,0;0;0;0;;645
C00044;1108,75;18;61,6;3815,58;0;0,016144334544158426;503;10/01/2026;0;16;0,5625;9,6875;24;0;0,0;6;4693,89;782,315;77,0;1;1;0;143,0;828
C00045;4789,11;12;399,09;2340,61;0;0,1705068336886538;323;26/01/2026;0;10;0,5;5,7;26;0;0,0;3;5406,57;1802,1899999999998;205,0;1;1;0;188,0;717
C00046;1722,14;6;287,02;1378,87;0;0,2081559537882469;173;05/10/2025;1;5;0,6;6,0;24;0;0,0;2;946,3699999999999;473,18499999999995;125,0;0;0;0;;779
C00047;1988,0;12;165,67;4675,5;0;0,03543364346059245;323;08/01/2026;0;10;0,4;0,5;2;0;0,0;2;1500,29;750,145;718,0;1;0;0;183,0;793
C00048;5385,01;18;299,17;1311,11;0;0,22818070184805245;83;29/01/2026;1;2;1,0;8,5;10;0;0,0;1;414,22;414,22;827,0;1;0;0;5,0;677
C00049;1607,38;12;133,95;4080,78;0;0,032824607060414915;353;25/11/2025;1;11;0,36363636363636365;3,727272727272727;23;0;0,0;0;0,0;;;0;0;0;;718
C00050;1554,2;12;129,52;2104,46;0;0,061545479600467586;353;22/11/2025;1;11;0,45454545454545453;7,0;23;0;0,0;0;0,0;;;1;1;0;22,0;714
C00051;1721,36;24;71,72;3085,28;0;0,023245864232743867;443;01/02/2026;0;14;0,21428571428571427;0,35714285714285715;2;0;0,0;1;931,25;931,25;51,0;1;0;0;21,0;659
C00052;1523,54;12;126,96;1604,94;0;0,07910576096302664;323;24/01/2026;1;10;0,4;2,8;22;0;0,0;3;1499,76;499,92;290,0;2;1;0;19,0;626
C00053;1619,96;18;90,0;1815,05;0;0,04958541087022396;113;26/01/2026;0;3;0,6666666666666666;16,666666666666668;26;0;0,0;0;0,0;;;2;1;0;51,0;658
C00054;6266,38;12;522,2;5109,21;0;0,1022075819940852;113;10/01/2026;0;3;0,3333333333333333;0,6666666666666666;2;0;0,0;1;334,28;334,28;102,0;0;0;0;;642
C00055;6227,43;10;622,74;2864,29;0;0,21741513603720294;203;17/01/2026;1;6;0,5;10,333333333333334;22;0;0,0;6;6904,11;1150,685;160,0;1;1;0;48,0;767
C00056;2169,79;6;361,63;2054,17;0;0,1760467731492525;173;07/12/2025;1;5;0,8;16,2;24;1;361,63;3;1670,2199999999998;556,7399999999999;77,0;4;4;0;81,0;641
C00057;1695,25;12;141,27;2176,0;0;0,064921875;323;11/01/2026;0;10;0,1;0,1;1;0;0,0;5;4108,59;821,7180000000001;411,0;0;0;0;;855
C00058;1346,61;10;134,66;1692,27;0;0,07957359050269756;113;08/01/2026;0;3;0,3333333333333333;0,6666666666666666;2;0;0,0;2;2052,5;1026,25;635,0;0;0;0;;734
C00059;2157,96;18;119,89;4719,74;0;0,02540182298177442;263;03/02/2026;0;8;0,625;9,625;22;0;0,0;4;4489,91;1122,4775;214,0;0;0;0;;668
C00060;984,53;18;54,7;1354,76;0;0,04037615518615844;83;11/01/2026;1;2;0,5;12,0;24;0;0,0;2;2646,02;1323,01;82,0;1;0;0;16,0;725
C00061;4975,61;6;829,27;4709,41;0;0,17608787512660823;173;04/01/2025;0;5;0,2;4,4;22;0;0,0;1;500,45;500,45;146,0;0;0;0;;665
C00062;2078,83;18;115,49;2731,73;0;0,042277238233646805;143;03/02/2026;1;4;0,5;3,75;14;0;0,0;2;710,83;355,415;477,0;0;0;0;;623
C00063;4270,6;24;177,94;4935,69;0;0,03605169692586042;413;24/01/2026;1;13;0,6923076923076923;5,076923076923077;19;0;0,0;3;6022,9;2007,6333333333332;209,0;2;1;0;14,0;613
C00065;2114,69;12;176,22;3193,19;0;0,0551861931172276;323;21/01/2026;0;10;0,6;4,7;23;0;0,0;3;1662,68;554,2266666666667;240,0;1;0;0;143,0;548
C00068;2202,93;24;91,79;2957,23;0;0,031039181937150648;593;04/02/2026;1;19;0,3157894736842105;1,368421052631579;13;0;0,0;8;5776,7300000000005;722,0912500000001;71,0;0;0;0;;735
C00069;1526,35;12;127,2;4655,7;0;0,027321348025001614;353;11/06/2025;1;11;0,45454545454545453;4,0;26;0;0,0;5;2602,94;520,588;249,0;0;0;0;;845
C00070;710,93;24;29,62;2628,07;0;0,011270628255716172;473;12/01/2026;0;15;0,4666666666666667;1,6666666666666667;16;0;0,0;5;3608,13;721,626;349,0;3;0;0;4,0;765
C00071;1244,56;24;51,86;1388,61;0;0,037346699217202815;233;10/01/2026;0;7;0,42857142857142855;2,5714285714285716;15;0;0,0;2;1858,58;929,29;242,0;2;0;0;113,0;826
C00072;3231,78;12;269,32;1761,12;0;0,15292541110202598;353;11/01/2026;1;11;1,0;13,181818181818182;22;0;0,0;1;431,35;431,35;819,0;4;4;0;3,0;424
C00073;849,88;10;84,99;1209,82;0;0,07025011985254005;293;21/08/2025;1;9;0,5555555555555556;10,333333333333334;26;0;0,0;3;3360,65;1120,2166666666667;417,0;1;0;0;249,0;662
C00074;3379,66;6;563,28;5321,92;0;0,10584150081173711;173;19/06/2025;1;5;0,6;5,4;23;0;0,0;2;1566,56;783,28;356,0;0;0;0;;708
C00075;2278,0;18;126,56;6092,87;0;0,02077182017669834;413;04/02/2026;0;13;0,46153846153846156;1,9230769230769231;16;0;0,0;3;3514,54;1171,5133333333333;80,0;2;0;0;82,0;724
C00076;853,03;24;35,54;3014,02;0;0,011791560772655788;563;21/01/2026;0;18;0,16666666666666666;0,16666666666666666;1;0;0,0;1;316,84;316,84;734,0;0;0;0;;790
C00077;990,72;18;55,04;4063,94;0;0,013543507039966141;113;23/01/2026;1;3;1,0;13,666666666666666;18;0;0,0;2;1557,27;778,635;482,0;0;0;0;;487
C00078;1920,62;12;160,05;2682,19;0;0,059671387932995056;83;23/01/2026;0;2;0,0;0,0;0;0;0,0;3;2911,2999999999997;970,4333333333333;237,0;1;1;0;10,0;604
C00080;4466,73;12;372,23;1956,31;0;0,1902714804913332;203;17/01/2026;0;6;0,6666666666666666;10,5;25;0;0,0;0;0,0;;;1;1;0;45,0;672
C00081;2680,14;6;446,69;3010,44;0;0,14838030321149068;173;26/12/2024;1;5;0,6;6,0;13;0;0,0;1;1563,83;1563,83;100,0;0;0;0;;548
C00083;6197,44;10;619,74;2671,85;0;0,23195164399199059;293;08/05/2025;1;9;0,8888888888888888;12,333333333333334;21;0;0,0;1;434,65;434,65;808,0;3;3;0;147,0;505
C00086;951,01;10;95,1;4398,58;0;0,0216206139254032;263;12/01/2026;0;8;0,125;0,125;1;0;0,0;2;1728,73;864,365;263,0;0;0;0;;725
C00087;4678,32;12;389,86;2821,12;0;0,13819334165154265;353;03/09/2025;1;11;0,6363636363636364;3,6363636363636362;17;0;0,0;2;2838,6099999999997;1419,3049999999998;404,0;2;2;0;127,0;622
C00088;2424,86;12;202,07;4141,75;0;0,048788555562262324;353;28/08/2025;0;11;0,2727272727272727;0,2727272727272727;1;0;0,0;1;635,38;635,38;188,0;0;0;0;;689
C00089;2151,39;12;179,28;3329,77;0;0,05384155662403109;203;15/01/2026;1;6;0,6666666666666666;3,8333333333333335;15;0;0,0;3;3289,61;1096,5366666666666;7,0;0;0;0;;738
C00090;2559,97;18;142,22;3097,3;0;0,045917411939431114;173;21/01/2026;1;5;0,0;0,0;0;0;0,0;4;3437,6800000000003;859,4200000000001;65,0;1;0;0;149,0;641
C00091;1738,82;18;96,6;4460,33;0;0,021657590357664118;263;10/01/2026;0;8;0,25;2,625;20;0;0,0;3;2911,2999999999997;970,4333333333333;224,0;0;0;0;;855
C00092;1274,84;10;127,48;2395,12;0;0,053224890610908855;293;16/11/2025;0;9;0,1111111111111111;1,2222222222222223;11;0;0,0;3;3517,7;1172,5666666666666;379,0;0;0;0;;782
C00093;2068,81;12;172,4;3643,11;0;0,04732220547828641;113;25/01/2026;0;3;0,3333333333333333;0,3333333333333333;1;0;0,0;1;2286,2;2286,2;776,0;1;0;0;56,0;844
C00094;485,92;12;40,49;3843,89;0;0,010533600077005326;113;22/01/2026;0;3;0,3333333333333333;5,666666666666667;17;0;0,0;3;4237,95;1412,6499999999999;364,0;0;0;0;;616
C00095;1236,54;10;123,65;1075,49;0;0,11497085049605296;83;20/01/2026;1;2;0,5;6,5;13;0;0,0;1;347,75;347,75;439,0;0;0;0;;749
C00096;688,49;12;57,37;1129,48;0;0,050793285405673405;203;20/01/2026;0;6;0,0;0,0;0;0;0,0;1;490,93;490,93;239,0;0;0;0;;854
C00097;966,42;6;161,07;2832,47;0;0,056865562565534676;173;19/02/2025;0;5;0,2;0,2;1;0;0,0;0;0,0;;;1;0;0;110,0;595
C00099;2362,2;6;393,7;5183,08;0;0,07595869637358482;113;23/01/2026;0;3;0,3333333333333333;0,6666666666666666;2;0;0,0;1;1440,3;1440,3;426,0;0;0;0;;793
C00100;2049,0;12;170,75;2589,65;0;0,06593555113625393;353;14/07/2025;0;11;0,2727272727272727;1,8181818181818181;17;0;0,0;0;0,0;;;1;0;0;35,0;730
C00101;3591,46;12;299,29;2157,63;0;0,13871238349485315;293;16/01/2026;1;9;0,5555555555555556;2,5555555555555554;14;0;0,0;2;1787,74;893,87;43,0;2;1;0;132,0;783
C00102;2256,5;10;225,65;2616,64;0;0,08623654763360647;293;27/08/2025;0;9;0,4444444444444444;0,8888888888888888;2;0;0,0;5;3823,8500000000004;764,7700000000001;33,0;0;0;0;;855
C00103;1039,7;18;57,76;3705,84;0;0,015586209874144592;233;26/01/2026;0;7;0,14285714285714285;0,2857142857142857;2;0;0,0;3;2290,83;763,61;80,0;0;0;0;;742
C00104;3344,39;10;334,44;2117,18;0;0,15796484002304953;263;21/01/2026;1;8;0,875;12,125;24;0;0,0;3;2650,41;883,4699999999999;46,0;3;1;0;167,0;484
C00105;2114,83;18;117,49;3644,85;0;0,032234522682689275;533;22/12/2025;0;17;0,23529411764705882;2,2941176470588234;22;0;0,0;3;2244,67;748,2233333333334;92,0;1;0;0;235,0;716
C00106;1506,14;12;125,51;5081,81;0;0,024697893073530888;233;15/01/2026;0;7;0,42857142857142855;0,5714285714285714;2;0;0,0;3;2109,13;703,0433333333334;192,0;1;0;0;160,0;858
C00107;1924,37;18;106,91;2621,68;0;0,04077919501998718;443;12/01/2026;1;14;0,5714285714285714;7,5;26;0;0,0;1;4078,99;4078,99;279,0;1;1;0;123,0;541
C00108;656,42;12;54,7;4392,36;0;0,012453441885455656;173;28/01/2026;0;5;0,0;0,0;0;0;0,0;4;5111,3;1277,825;260,0;2;1;0;15,0;737
C00109;926,1;6;154,35;5320,7;0;0,0290093408762005;173;22/12/2025;1;5;0,6;4,0;13;0;0,0;5;6206,200000000001;1241,2400000000002;80,0;0;0;0;;536
C00110;1162,77;10;116,28;2995,31;0;0,038820689678196914;293;12/06/2025;0;9;0,4444444444444444;2,3333333333333335;16;0;0,0;5;7504,650000000001;1500,93;5,0;2;1;0;20,0;1000
C00111;1591,93;18;88,44;1331,6;0;0,0664163412436167;323;12/01/2026;1;10;0,6;3,7;16;0;0,0;2;1457,6;728,8;122,0;0;0;0;;814
C00112;1653,71;6;275,62;5288,74;0;0,05211449229873278;173;24/04/2025;1;5;0,4;4,8;13;0;0,0;2;682,22;341,11;466,0;0;0;0;;729
C00113;1872,14;12;156,01;1937,37;0;0,08052669340394453;233;09/01/2026;1;7;0,8571428571428571;9,714285714285714;24;0;0,0;4;5459,62;1364,905;242,0;0;0;0;;570
C00114;1511,53;10;151,15;985,99;0;0,15329770078804045;173;24/01/2026;1;5;0,8;6,6;19;0;0,0;4;5414,719999999999;1353,6799999999998;133,0;1;0;0;75,0;536
C00115;2038,71;12;169,89;1507,03;0;0,11273166426680291;83;18/01/2026;0;2;1,0;8,5;16;0;0,0;4;4470,71;1117,6775;51,0;0;0;0;;627
C00116;1310,28;10;131,03;4393,41;0;0,02982421399323077;83;26/01/2026;0;2;1,0;4,5;7;0;0,0;0;0,0;;;0;0;0;;748
C00117;4590,32;18;255,02;5400,41;0;0,0472223405259971;263;02/02/2026;0;8;0,25;1,375;10;0;0,0;1;937,29;937,29;138,0;2;1;0;31,0;576
C00118;2684,92;10;268,49;2013,2;0;0,13336479237035564;203;27/01/2026;1;6;0,6666666666666666;9,833333333333334;26;0;0,0;3;2550,63;850,21;471,0;0;0;0;;751
C00119;2032,83;6;338,8;3353,67;0;0,10102365468278036;173;14/04/2025;1;5;0,4;4,0;19;0;0,0;3;2382,38;794,1266666666667;48,0;0;0;0;;562
C00120;2173,54;18;120,75;2429,23;0;0,049707108836956566;173;26/01/2026;0;5;0,4;6,0;22;0;0,0;0;0,0;;;1;1;0;91,0;763
C00121;2208,42;18;122,69;2632,17;0;0,04661173100521623;143;25/01/2026;0;4;0,0;0,0;0;0;0,0;2;1652,65;826,325;92,0;1;1;0;115,0;610
C00122;2227,09;10;222,71;1840,96;0;0,12097492612549975;293;09/05/2025;1;9;0,6666666666666666;5,444444444444445;16;0;0,0;0;0,0;;;1;1;0;42,0;527
C00123;1478,06;24;61,59;900,0;0;0,06843333333333333;83;17/01/2026;1;2;1,0;18,5;22;0;0,0;4;1972,1100000000001;493,02750000000003;405,0;0;0;0;;739
C00124;5477,21;18;304,29;4264,42;0;0,07135554190253306;443;22/01/2026;0;14;0,2857142857142857;3,642857142857143;24;0;0,0;3;1749,04;583,0133333333333;115,0;0;0;0;;624
C00125;1169,47;6;194,91;1712,04;0;0,11384663909721736;143;02/02/2026;1;4;0,5;9,5;21;0;0,0;4;5226,66;1306,665;99,0;2;2;0;44,0;721
C00126;1584,59;12;132,05;2067,86;0;0,06385828827870359;263;30/01/2026;1;8;0,25;2,0;15;0;0,0;2;2097,77;1048,885;75,0;0;0;0;;687
C00127;2485,23;10;248,52;2850,68;0;0,08717919934892729;293;17/09/2025;1;9;0,7777777777777778;8,88888888888889;23;0;0,0;3;1033,21;344,40333333333336;213,0;1;1;0;85,0;512
C00128;1269,61;12;105,8;2890,94;0;0,03659709298705611;173;08/01/2026;1;5;0,6;4,0;15;0;0,0;2;1478,2;739,1;300,0;2;2;0;50,0;654
C00129;1948,23;12;162,35;2216,27;0;0,07325371006240214;143;25/01/2026;1;4;0,0;0,0;0;0;0,0;1;792,34;792,34;672,0;0;0;0;;669
C00130;1475,66;24;61,49;5096,01;0;0,012066302852623915;143;26/01/2026;0;4;0,25;0,5;2;0;0,0;2;1092,54;546,27;171,0;0;0;0;;773
C00131;2880,72;6;480,12;1739,35;0;0,2760341506884756;173;26/01/2025;0;5;0,8;12,6;24;0;0,0;1;426,74;426,74;127,0;1;1;0;95,0;679
C00132;1110,21;10;111,02;1297,11;0;0,08559027376244112;293;18/04/2025;1;9;0,7777777777777778;12,555555555555555;26;0;0,0;3;5307,83;1769,2766666666666;22,0;2;1;0;89,0;629
C00133;2332,91;12;194,41;3366,09;0;0,05775543731748111;353;23/07/2025;1;11;0,36363636363636365;3,090909090909091;19;0;0,0;2;1104,81;552,405;136,0;2;0;0;197,0;770
C00134;2771,2;12;230,93;2666,33;0;0,08660968447266468;323;14/01/2026;1;10;0,5;5,4;23;0;0,0;0;0,0;;;0;0;0;;564
C00135;3521,51;6;586,92;3256,2;0;0,18024691358024691;173;11/02/2025;0;5;0,6;9,8;24;0;0,0;2;1956,68;978,34;352,0;1;1;0;61,0;774
C00136;2098,12;18;116,56;3002,97;0;0,038814906575823274;173;23/01/2026;1;5;0,4;0,6;2;0;0,0;1;1052,83;1052,83;135,0;0;0;0;;818
C00138;3588,67;10;358,87;3348,71;0;0,10716664028834984;293;26/07/2025;1;9;0,2222222222222222;0,3333333333333333;2;0;0,0;5;8070,84;1614,1680000000001;231,0;0;0;0;;703
C00139;829,09;10;82,91;1944,18;0;0,042645228322480425;293;06/06/2025;0;9;0,3333333333333333;3,111111111111111;26;0;0,0;2;961,72;480,86;127,0;0;0;0;;750
C00140;1713,7;12;142,81;3551,91;0;0,04020653676472659;293;22/01/2026;0;9;0,4444444444444444;2,5555555555555554;18;0;0,0;2;1805,52;902,76;162,0;0;0;0;;772
C00141;3285,09;10;328,51;2624,96;0;0,1251485736925515;293;14/06/2025;1;9;0,7777777777777778;10,11111111111111;25;0;0,0;2;1510,81;755,405;219,0;1;0;0;87,0;777
C00142;1311,83;18;72,88;2437,12;0;0,029904149159663863;203;20/01/2026;1;6;0,6666666666666666;8,333333333333334;17;0;0,0;4;1618,67;404,6675;67,0;0;0;0;;619
C00144;4174,69;6;695,78;4793,28;0;0,14515738700847855;173;29/01/2025;1;5;0,2;0,2;1;0;0,0;0;0,0;;;1;1;0;68,0;768
C00146;2895,04;12;241,25;4494,9;0;0,053671939308994644;353;11/07/2025;0;11;0,18181818181818182;1,3636363636363635;14;0;0,0;3;1481,92;493,97333333333336;167,0;1;0;0;115,0;661
C00149;2480,08;10;248,01;2283,31;0;0,10861862821955845;173;19/01/2026;0;5;1,0;19,8;25;0;0,0;4;2784,41;696,1025;590,0;1;1;0;22,0;594
C00150;841,03;18;46,72;2919,4;0;0,0160032883469206;383;22/01/2026;0;12;0,16666666666666666;0,16666666666666666;1;0;0,0;4;4427,799999999999;1106,9499999999998;191,0;0;0;0;;822
C00151;1120,53;12;93,38;4647,21;0;0,0200937766961252;323;29/01/2026;0;10;0,5;2,7;18;0;0,0;2;1676,6699999999998;838,3349999999999;63,0;0;0;0;;636
C00152;2477,46;12;206,46;2031,62;0;0,10162333507250372;233;18/01/2026;0;7;0,7142857142857143;14,285714285714286;25;1;206,46;1;703,29;703,29;630,0;1;0;0;94,0;766
C00153;1747,84;12;145,65;2665,15;0;0,054649832092002325;353;20/09/2025;1;11;0,18181818181818182;0,2727272727272727;2;0;0,0;2;4375,34;2187,67;830,0;0;0;0;;646
C00154;1000,56;10;100,06;1809,9;0;0,05528482236587657;293;29/07/2025;1;9;0,5555555555555556;9,777777777777779;26;0;0,0;2;1484,1599999999999;742,0799999999999;542,0;2;2;0;109,0;679
C00155;2545,12;18;141,4;4603,39;0;0,03071649371441481;263;21/01/2026;0;8;0,5;3,625;21;0;0,0;7;5703,45;814,7785714285714;58,0;4;2;0;48,0;620
C00156;706,0;18;39,22;1835,68;0;0,021365379586856095;443;10/01/2026;0;14;0,5;4,428571428571429;21;0;0,0;2;5194,61;2597,305;508,0;1;0;0;187,0;800
C00158;2955,85;18;164,21;1820,26;0;0,0902123872413831;473;29/01/2026;1;15;0,26666666666666666;1,0666666666666667;10;0;0,0;0;0,0;;;2;0;0;99,0;739
C00159;1968,49;18;109,36;2384,09;0;0,045870751523642145;323;11/01/2026;0;10;0,4;3,7;15;0;0,0;3;2415,02;805,0066666666667;282,0;0;0;0;;614
C00160;1019,17;18;56,62;3504,65;0;0,016155678883768707;113;03/02/2026;1;3;0,6666666666666666;7,0;20;0;0,0;1;527,81;527,81;94,0;1;0;0;105,0;621
C00161;588,58;18;32,7;4987,28;0;0,006556680194414592;353;13/01/2026;0;11;0,18181818181818182;0,18181818181818182;1;0;0,0;4;5129,389999999999;1282,3474999999999;31,0;0;0;0;;950
C00162;1897,64;10;189,76;5215,51;0;0,036383786053521126;233;19/01/2026;0;7;0,7142857142857143;7,142857142857143;25;0;0,0;1;632,12;632,12;600,0;0;0;0;;662
C00163;1862,48;18;103,47;3172,44;0;0,03261527404773613;263;26/01/2026;1;8;0,625;1,25;3;0;0,0;2;894,9300000000001;447,46500000000003;718,0;0;0;0;;700
C00164;2243,11;12;186,93;1758,14;0;0,10632259091994949;353;06/08/2025;1;11;0,36363636363636365;0,7272727272727273;4;0;0,0;0;0,0;;;2;0;0;93,0;843
C00165;3662,64;24;152,61;2329,52;0;0,06551134997767781;173;12/01/2026;1;5;0,4;5,8;22;0;0,0;0;0,0;;;0;0;0;;576
C00167;4367,4;24;181,98;1656,06;0;0,1098873229230825;293;02/02/2026;1;9;0,5555555555555556;5,444444444444445;21;0;0,0;3;2202,5;734,1666666666666;119,0;0;0;0;;591
C00168;1431,6;12;119,3;2963,42;0;0,04025754027441267;173;25/01/2026;1;5;0,0;0,0;0;0;0,0;0;0,0;;;0;0;0;;833
C00169;6963,81;18;386,88;2904,39;0;0,13320525136087097;323;20/01/2026;1;10;0,6;6,8;20;0;0,0;2;2289,83;1144,915;707,0;0;0;0;;564
C00170;1353,91;6;225,65;2373,58;0;0,09506736659392143;173;30/12/2025;0;5;0,2;0,4;2;0;0,0;2;1808,0299999999997;904,0149999999999;493,0;1;0;0;108,0;866
C00171;3100,36;12;258,36;3015,92;0;0,08566540226531208;353;05/02/2026;0;11;0,45454545454545453;4,7272727272727275;25;0;0,0;3;2124,18;708,06;409,0;1;1;0;51,0;678
C00172;3096,36;6;516,06;1935,92;0;0,26657093268316867;173;02/01/2025;1;5;0,8;4,6;10;0;0,0;4;4402,46;1100,615;126,0;2;2;0;24,0;615
C00173;1899,09;6;316,52;3998,57;0;0,07915829909192536;173;07/12/2025;0;5;0,4;0,6;2;0;0,0;2;1748,98;874,49;532,0;1;1;0;25,0;642
C00176;1797,4;10;179,74;2085,95;0;0,08616697428030395;293;27/04/2025;1;9;0,8888888888888888;14,88888888888889;22;0;0,0;2;2936,94;1468,47;205,0;3;2;0;1,0;575
C00178;2134,02;10;213,4;2054,38;0;0,10387562184211295;173;02/02/2026;1;5;0,6;7,8;20;0;0,0;3;2368,5299999999997;789,5099999999999;68,0;1;1;0;118,0;806
C00179;2253,07;12;187,76;3324,8;0;0,0564725697786333;113;09/01/2026;1;3;0,0;0,0;0;0;0,0;2;3679,04;1839,52;694,0;0;0;0;;881
C00180;1603,45;6;267,24;3145,22;0;0,08496702933340117;173;09/01/2025;1;5;0,0;0,0;0;0;0,0;2;949,6800000000001;474,84000000000003;58,0;3;2;0;5,0;643
C00181;3441,72;12;286,81;2638,62;0;0,10869697038603512;353;03/09/2025;0;11;0,45454545454545453;2,4545454545454546;22;0;0,0;3;2173,66;724,5533333333333;228,0;1;0;0;129,0;724
C00183;1034,9;12;86,24;5108,51;0;0,01688163476238668;293;09/01/2026;0;9;0,3333333333333333;0,5555555555555556;2;0;0,0;3;4392,78;1464,26;268,0;3;2;0;32,0;774
C00184;1624,79;10;162,48;3011,97;0;0,05394476040598014;293;14/07/2025;0;9;0,2222222222222222;2,2222222222222223;18;0;0,0;5;3608,13;721,626;167,0;1;0;0;146,0;692
C00185;1150,45;18;63,91;1401,77;0;0,04559235823280566;353;20/01/2026;1;11;0,36363636363636365;4,7272727272727275;22;0;0,0;5;4506,219999999999;901,2439999999999;408,0;0;0;0;;603
C00186;4418,8;18;245,49;5236,18;0;0,04688341500865134;443;05/02/2026;0;14;0,14285714285714285;0,14285714285714285;1;0;0,0;2;1668,95;834,475;323,0;1;0;0;280,0;768
C00187;3408,98;24;142,04;1684,21;0;0,08433627635508635;473;17/01/2026;0;15;0,6666666666666666;5,533333333333333;22;0;0,0;1;1676,72;1676,72;861,0;1;1;0;180,0;750
C00188;1063,27;12;88,61;2688,76;0;0,03295571192668739;203;30/01/2026;0;6;0,3333333333333333;1,1666666666666667;6;0;0,0;5;6234,6900000000005;1246,938;102,0;0;0;0;;817
C00189;963,13;24;40,13;2444,99;0;0,016413155064028895;503;02/02/2026;1;16;0,5;4,0;22;0;0,0;0;0,0;;;3;1;0;29,0;724
C00190;3354,76;24;139,78;5108,95;0;0,02735982931913603;593;28/01/2026;0;19;0,5789473684210527;5,842105263157895;20;0;0,0;1;479,4;479,4;621,0;1;1;0;170,0;692
C00191;1664,09;10;166,41;2937,23;0;0,0566554202428819;293;01/10/2025;0;9;0,2222222222222222;0,3333333333333333;2;0;0,0;4;4801,93;1200,4825;118,0;0;0;0;;830
C00193;4044,15;10;404,42;1140,5;0;0,35459886014905745;293;24/06/2025;1;9;0,3333333333333333;2,2222222222222223;16;0;0,0;0;0,0;;;1;1;0;187,0;753
C00194;2020,11;6;336,68;2359,12;0;0,14271423242565026;173;18/01/2026;1;5;0,8;12,4;26;0;0,0;0;0,0;;;1;0;0;143,0;535
C00195;3753,49;10;375,35;2161,61;0;0,17364371926480726;293;28/08/2025;0;9;0,3333333333333333;5,222222222222222;23;0;0,0;7;4250,58;607,2257142857143;43,0;1;1;0;197,0;607
C00196;2468,42;10;246,84;1443,5;0;0,1710010391409768;173;23/01/2026;0;5;0,4;3,8;18;0;0,0;2;1393,4099999999999;696,7049999999999;128,0;0;0;0;;589
C00197;571,98;12;47,66;3343,73;0;0,014253543198763057;353;03/09/2025;1;11;0,36363636363636365;6,0;26;0;0,0;3;3314,71;1104,9033333333334;290,0;1;0;0;71,0;714
C00198;3371,9;12;280,99;4771,86;0;0,058884795446639264;353;02/01/2026;0;11;0,18181818181818182;0,2727272727272727;2;0;0,0;1;492,91;492,91;90,0;1;0;0;295,0;697
C00199;1023,11;18;56,84;1942,45;0;0,02926201446626683;443;03/02/2026;0;14;0,14285714285714285;0,21428571428571427;2;0;0,0;5;2397,19;479,438;617,0;0;0;0;;997
C00200;1347,38;12;112,28;2525,51;0;0,04445834702693713;263;24/01/2026;0;8;0,375;4,375;17;0;0,0;6;4970,81;828,4683333333334;283,0;1;0;0;176,0;790
C00201;7420,88;12;618,41;2632,52;0;0,23491179554191421;143;30/01/2026;1;4;0,75;5,25;18;0;0,0;2;1143,1;571,55;227,0;0;0;0;;545
C00202;5809,01;24;242,04;4607,32;0;0,052533794049469104;473;09/01/2026;1;15;0,8666666666666667;8,133333333333333;25;0;0,0;4;6755,610000000001;1688,9025000000001;286,0;1;0;0;181,0;459
C00204;1363,62;12;113,64;4328,27;0;0,026255293685467862;143;11/01/2026;0;4;0,75;12,75;26;0;0,0;1;492,91;492,91;99,0;1;1;0;82,0;763
C00205;1591,35;24;66,31;6106,58;0;0,010858778563451228;263;06/02/2026;1;8;0,25;1,125;7;0;0,0;3;2961,05;987,0166666666668;409,0;1;1;0;84,0;697
C00206;4451,2;12;370,93;3137,46;0;0,11822620846162182;263;05/02/2026;1;8;0,75;4,125;25;0;0,0;2;961,53;480,765;678,0;1;0;0;263,0;725
C00207;1775,46;6;295,91;4999,32;0;0,05919004984677917;173;07/08/2025;0;5;0,6;1,2;4;0;0,0;0;0,0;;;0;0;0;;700
C00208;1545,25;6;257,54;2167,79;0;0,11880302058778758;173;14/08/2025;0;5;0,2;5,2;26;0;0,0;3;2039,06;679,6866666666666;111,0;0;0;0;;875
C00210;2456,77;12;204,73;5605,8;0;0,03652110314317314;83;06/02/2026;0;2;0,5;1,0;2;0;0,0;3;3423,7999999999997;1141,2666666666667;468,0;0;0;0;;845
C00211;869,13;10;86,91;1880,49;0;0,04621667756808066;233;08/01/2026;0;7;0,2857142857142857;6,0;24;0;0,0;4;3766,59;941,6475;14,0;0;0;0;;600
C00212;3374,22;12;281,18;1992,48;0;0,1411206135067855;263;13/01/2026;1;8;0,5;4,5;16;0;0,0;4;1955,8;488,95;24,0;0;0;0;;633
C00213;2904,39;10;290,44;2425,13;0;0,11976265189907345;143;31/01/2026;1;4;0,5;3,75;13;0;0,0;2;1446,02;723,01;332,0;1;1;0;65,0;745
C00215;1828,94;6;304,82;1495,53;0;0,20382071907618035;173;24/08/2025;1;5;0,6;10,4;23;0;0,0;0;0,0;;;0;0;0;;746
C00216;1998,96;18;111,05;5926,15;0;0,01873897893235912;83;27/01/2026;0;2;0,0;0,0;0;0;0,0;1;1154,91;1154,91;422,0;0;0;0;;843
C00217;1953,96;12;162,83;3828,66;0;0,042529239995194146;353;30/09/2025;0;11;0,45454545454545453;1,4545454545454546;6;0;0,0;4;3580,62;895,155;131,0;0;0;0;;814
C00219;3376,85;24;140,7;2357,06;0;0,05969300739056282;323;16/01/2026;1;10;0,8;8,8;24;0;0,0;0;0,0;;;2;2;0;103,0;644
C00220;956,39;10;95,64;2892,53;0;0,03306447988439186;293;07/11/2025;0;9;0,2222222222222222;2,0;16;0;0,0;4;2434,37;608,5925;253,0;0;0;0;;789
C00221;3413,38;18;189,63;1731,76;0;0,10950131657966462;113;15/01/2026;1;3;0,6666666666666666;6,333333333333333;15;0;0,0;2;861,23;430,615;47,0;2;2;0;14,0;634
C00222;1508,35;6;251,39;2612,5;0;0,09622583732057416;173;11/07/2025;1;5;0,4;2,4;8;0;0,0;2;1354,03;677,015;0,0;0;0;0;;601
C00223;2860,89;12;238,41;1706,67;0;0,13969308653694035;143;21/01/2026;1;4;0,0;0,0;0;0;0,0;6;6236,97;1039,4950000000001;163,0;0;0;0;;673
C00224;1068,28;24;44,51;1505,48;0;0,029565321359300685;173;27/01/2026;1;5;0,4;5,0;23;0;0,0;1;2240,45;2240,45;759,0;2;2;0;9,0;599
C00225;1028,0;10;102,8;3317,77;0;0,030984667412147317;293;07/08/2025;0;9;0,1111111111111111;0,1111111111111111;1;0;0,0;0;0,0;;;0;0;0;;675
C00226;1778,47;24;74,1;3294,73;0;0,02249046204089561;413;27/01/2026;0;13;0,0;0,0;0;0;0,0;1;531,44;531,44;888,0;0;0;0;;652
C00227;2927,22;12;243,93;3426,3;0;0,07119341563786008;353;13/12/2025;1;11;0,45454545454545453;3,727272727272727;24;0;0,0;4;5129,389999999999;1282,3474999999999;0,0;1;0;0;96,0;734
C00228;3316,63;24;138,19;2239,66;0;0,061701329666110034;83;31/01/2026;1;2;1,0;8,5;11;0;0,0;0;0,0;;;0;0;0;;711
C00229;1067,74;6;177,96;3188,22;0;0,055817979938649155;173;19/04/2025;0;5;0,2;0,2;1;0;0,0;4;2631,56;657,89;391,0;1;0;0;9,0;923
C00230;10054,38;6;1675,73;2542,6;0;0,6590615904979156;173;24/12/2024;1;5;1,0;13,8;25;0;0,0;2;2251,73;1125,865;386,0;1;1;0;119,0;299
C00231;1916,86;24;79,87;4024,16;0;0,0198476203729474;263;03/02/2026;0;8;0,25;0,375;2;0;0,0;1;844,71;844,71;592,0;1;0;0;159,0;520
C00232;1420,56;18;78,92;2877,16;0;0,027429826634598007;413;01/02/2026;1;13;0,38461538461538464;2,076923076923077;21;0;0,0;2;1597,35;798,675;114,0;0;0;0;;767
C00233;1037,17;10;103,72;3731,98;0;0,027792217535999655;293;14/04/2025;0;9;0,3333333333333333;0,4444444444444444;2;0;0,0;3;2502,41;834,1366666666667;345,0;1;0;0;279,0;772
C00234;1374,49;24;57,27;3190,23;0;0,017951683734401595;563;29/01/2026;1;18;0,9444444444444444;14,277777777777779;26;0;0,0;0;0,0;;;0;0;0;;562
C00235;2148,36;6;358,06;1497,12;0;0,2391658651277119;173;15/08/2025;0;5;0,2;4,6;23;0;0,0;2;1912,15;956,075;50,0;1;0;0;8,0;707
C00236;925,37;12;77,11;1724,83;0;0,044705855069774994;353;27/10/2025;0;11;0,18181818181818182;2,3636363636363638;25;0;0,0;5;3183,8;636,76;204,0;1;0;0;3,0;686
C00237;1329,34;12;110,78;3661,62;0;0,030254368285076005;113;19/01/2026;0;3;0,3333333333333333;0,6666666666666666;2;0;0,0;3;3156,03;1052,01;125,0;1;1;0;60,0;683
C00238;3987,94;6;664,66;5077,08;0;0,1309138323603331;173;24/03/2025;1;5;0,6;6,0;19;0;0,0;1;816,72;816,72;378,0;1;0;0;85,0;838
C00239;1657,33;6;276,22;3244,49;0;0,08513510597967633;173;18/11/2025;0;5;0,4;3,4;14;0;0,0;5;4296,07;859,2139999999999;49,0;0;0;0;;705
C00240;1506,23;10;150,62;2246,82;0;0,06703696780338433;293;17/06/2025;0;9;0,2222222222222222;0,2222222222222222;1;0;0,0;0;0,0;;;0;0;0;;694
C00241;3794,45;6;632,41;2874,97;0;0,21997099100164524;173;21/03/2025;0;5;0,4;2,8;13;0;0,0;2;4800,39;2400,195;267,0;1;1;0;103,0;631
C00242;1788,94;12;149,08;1704,44;0;0,08746567787660464;113;27/01/2026;1;3;0,3333333333333333;0,3333333333333333;1;0;0,0;2;4087,5;2043,75;120,0;0;0;0;;714
C00244;3460,42;12;288,37;2368,09;0;0,12177324341557964;353;22/08/2025;0;11;0,36363636363636365;2,8181818181818183;24;0;0,0;1;673,52;673,52;669,0;2;0;0;16,0;697
C00245;4386,55;18;243,7;2719,3;0;0,08961865185893428;323;28/01/2026;1;10;0,7;8,6;26;0;0,0;4;5245,42;1311,355;57,0;0;0;0;;472
C00246;3660,68;6;610,11;3762,26;0;0,1621658258599884;113;21/01/2026;0;3;0,3333333333333333;6,666666666666667;20;0;0,0;2;1729,3200000000002;864,6600000000001;30,0;0;0;0;;643
C00247;1731,79;24;72,16;2586,92;0;0,0278941753127271;353;14/01/2026;0;11;0,18181818181818182;0,6363636363636364;6;0;0,0;4;3757,42;939,355;270,0;1;0;0;45,0;670
C00248;1854,61;24;77,28;1801,25;0;0,04290353920888272;353;02/02/2026;0;11;0,36363636363636365;5,363636363636363;23;0;0,0;2;929,23;464,615;553,0;0;0;0;;687
C00250;2578,75;18;143,26;3508,7;0;0,04082993701370878;323;06/02/2026;0;10;0,3;2,1;18;0;0,0;2;989,8399999999999;494,91999999999996;410,0;0;0;0;;652
C00251;1163,78;18;64,65;2660,6;0;0,024299030293918666;353;28/01/2026;0;11;0,0;0,0;0;0;0,0;3;3514,54;1171,5133333333333;73,0;1;0;0;280,0;829
C00252;3552,53;12;296,04;4501,07;0;0,0657710277778395;353;15/06/2025;0;11;0,36363636363636365;2,4545454545454546;16;0;0,0;1;589,41;589,41;389,0;2;2;0;14,0;504
C00253;996,85;6;166,14;2444,18;0;0,06797371715667422;173;20/02/2025;0;5;0,4;4,8;22;0;0,0;0;0,0;;;1;1;0;96,0;682
C00256;2397,68;12;199,81;2040,07;0;0,09794271765184528;353;06/02/2026;1;11;0,2727272727272727;4,363636363636363;25;0;0,0;5;3269,12;653,824;93,0;3;2;0;13,0;706
C00257;2074,41;24;86,43;4140,64;0;0,02087358475984389;203;18/01/2026;1;6;0,16666666666666666;1,5;9;0;0,0;4;2727,92;681,98;198,0;0;0;0;;712
C00258;1145,32;6;190,89;2938,0;0;0,06497277059223962;83;15/01/2026;1;2;0,0;0,0;0;0;0,0;5;5289,01;1057,8020000000001;176,0;0;0;0;;790
C00259;3669,23;6;611,54;2039,95;0;0,29978185739846563;173;22/05/2025;1;5;0,6;5,6;23;0;0,0;2;3528,24;1764,12;558,0;2;2;0;65,0;579
C00260;1689,13;6;281,52;2072,54;0;0,13583332529167108;173;23/12/2024;1;5;0,6;7,0;23;0;0,0;1;230,91;230,91;778,0;0;0;0;;565
C00261;2670,6;12;222,55;2222,78;0;0,10012236928530939;83;03/02/2026;0;2;0,0;0,0;0;0;0,0;2;1020,39;510,195;553,0;1;0;0;40,0;698
C00262;3761,76;12;313,48;2336,66;0;0,13415730144736507;203;17/01/2026;1;6;0,5;7,166666666666667;23;0;0,0;2;1599,0300000000002;799,5150000000001;258,0;1;0;0;15,0;732
C00263;2846,47;10;284,65;2957,84;0;0,09623576664052146;293;25/09/2025;0;9;0,2222222222222222;0,3333333333333333;2;0;0,0;3;3360,65;1120,2166666666667;452,0;1;0;0;148,0;912
C00265;1850,6;10;185,06;3537,14;0;0,05231910526583625;203;22/01/2026;1;6;0,5;8,166666666666666;26;0;0,0;1;266,0;266,0;90,0;1;1;0;176,0;728
C00266;768,8;10;76,88;1332,85;0;0,05768090932963199;233;11/01/2026;1;7;0,7142857142857143;9,571428571428571;20;0;0,0;1;1869,94;1869,94;604,0;1;1;0;10,0;623
C00267;2293,8;18;127,43;1535,97;0;0,0829638599712234;503;23/01/2026;0;16;0,375;4,8125;24;0;0,0;3;3899,1099999999997;1299,7033333333331;228,0;1;1;0;134,0;683
C00268;1376,95;12;114,75;5177,81;0;0,02216187925010767;353;18/06/2025;0;11;0,6363636363636364;3,909090909090909;19;0;0,0;5;4438,3;887,6600000000001;63,0;0;0;0;;715
C00269;2844,88;12;237,07;2250,97;0;0,10531904023598716;353;05/02/2026;1;11;0,36363636363636365;4,818181818181818;22;0;0,0;0;0,0;;;0;0;0;;670
C00270;1473,07;6;245,51;1617,8;0;0,15175547039189022;173;20/03/2025;1;5;0,6;13,0;23;0;0,0;2;1286,28;643,14;31,0;1;1;0;66,0;635
C00272;1192,07;10;119,21;1635,77;0;0,07287699370938457;293;26/07/2025;1;9;0,7777777777777778;12,777777777777779;26;0;0,0;3;1730,79;576,93;284,0;3;2;0;11,0;726
C00273;1690,15;24;70,42;2985,61;0;0,023586469766647352;83;27/01/2026;0;2;0,5;3,5;7;0;0,0;1;689,55;689,55;380,0;1;1;0;47,0;662
C00275;795,4;12;66,28;7507,21;0;0,008828845869504116;203;08/01/2026;1;6;0,6666666666666666;5,666666666666667;22;0;0,0;7;4785,7;683,6714285714286;0,0;2;0;0;26,0;762
C00276;919,32;18;51,07;12114,83;0;0,004215494563274929;113;11/01/2026;0;3;0,0;0,0;0;0;0,0;2;7252,33;3626,165;438,0;1;0;0;11,0;693
C00277;1945,67;10;194,57;4286,3;0;0,04539346289340456;293;13/11/2025;0;9;0,3333333333333333;2,7777777777777777;15;0;0,0;1;737,14;737,14;19,0;1;1;0;56,0;746
C00278;3517,35;24;146,56;1463,58;0;0,10013801773732903;503;23/01/2026;0;16;0,4375;4,0625;24;0;0,0;2;1588,96;794,48;321,0;1;0;0;22,0;563
C00280;722,03;6;120,34;7718,76;0;0,015590587089117942;173;12/12/2024;0;5;0,4;0,8;2;0;0,0;1;359,21;359,21;817,0;0;0;0;;781
C00281;5172,98;10;517,3;4722,75;0;0,10953364035784235;83;11/01/2026;0;2;0,5;8,5;17;0;0,0;0;0,0;;;1;0;0;78,0;731
C00282;4557,75;12;379,81;4817,61;0;0,07883784698221732;353;18/12/2025;1;11;0,5454545454545454;5,818181818181818;23;0;0,0;1;1153,49;1153,49;725,0;1;1;0;26,0;530
C00283;2680,46;6;446,74;2200,12;0;0,20305256076941258;173;25/12/2024;1;5;0,8;15,8;25;0;0,0;1;2952,48;2952,48;481,0;2;2;0;2,0;682
C00284;1510,08;10;151,01;3950,48;0;0,038225734594277146;233;28/01/2026;0;7;0,0;0,0;0;0;0,0;1;560,34;560,34;668,0;1;0;0;85,0;803
C00285;1880,65;10;188,06;1884,03;0;0,09981794345100663;293;14/06/2025;0;9;0,4444444444444444;6,0;23;1;188,06;3;7178,39;2392,7966666666666;58,0;0;0;0;;608
C00286;1498,99;10;149,9;3640,78;0;0,04117249600360362;173;25/01/2026;1;5;0,8;14,0;24;0;0,0;1;543,18;543,18;70,0;1;1;0;108,0;594
C00287;4109,02;12;342,42;2366,68;0;0,14468369192286243;323;30/01/2026;1;10;0,4;6,4;25;0;0,0;3;3785,04;1261,68;748,0;0;0;0;;800
C00288;1831,26;6;305,21;2924,02;0;0,10438027099677841;173;03/02/2026;0;5;0,6;4,8;21;0;0,0;4;2841,94;710,485;422,0;1;1;0;91,0;643
C00290;2525,63;12;210,47;2070,26;0;0,1016635591664815;113;25/01/2026;1;3;0,3333333333333333;0,3333333333333333;1;0;0,0;1;1159,6;1159,6;630,0;1;1;0;105,0;783
C00291;1299,8;12;108,32;4543,17;0;0,023842383181787163;113;30/01/2026;0;3;0,0;0,0;0;0;0,0;1;2240,53;2240,53;151,0;0;0;0;;706
C00292;2849,1;18;158,28;3786,77;0;0,041798155155977255;293;15/01/2026;1;9;0,5555555555555556;3,2222222222222223;17;0;0,0;1;1099,06;1099,06;626,0;1;1;0;21,0;658
C00293;1981,75;6;330,29;3032,04;0;0,10893325945568001;173;14/10/2025;1;5;0,4;5,4;25;0;0,0;1;1181,15;1181,15;830,0;1;1;0;40,0;617
C00294;907,27;10;90,73;3253,44;0;0,027887405330972757;293;03/04/2025;1;9;0,4444444444444444;4,666666666666667;16;0;0,0;1;1143,65;1143,65;334,0;1;1;0;13,0;720
C00295;4139,9;12;344,99;3114,12;0;0,11078250035322981;263;10/01/2026;1;8;0,625;6,375;25;0;0,0;4;2200,12;550,03;228,0;1;1;0;208,0;703
C00296;3960,4;10;396,04;3604,65;0;0,10986919673199895;293;24/12/2025;0;9;0,4444444444444444;3,888888888888889;26;0;0,0;4;2513,24;628,31;10,0;0;0;0;;782
C00297;2154,25;12;179,52;1300,27;0;0,13806363293777446;263;09/01/2026;0;8;0,5;5,5;25;0;0,0;5;12377,710000000001;2475,5420000000004;119,0;0;0;0;;812
C00298;2519,02;12;209,92;4440,45;0;0,047274487946041506;173;09/01/2026;1;5;0,8;10,6;16;0;0,0;1;510,4;510,4;342,0;1;1;0;40,0;713
C00299;1393,33;18;77,41;2671,25;0;0,02897894244267665;353;30/01/2026;0;11;0,36363636363636365;2,4545454545454546;21;0;0,0;2;1883,45;941,725;458,0;1;0;0;231,0;669
C00300;2372,09;18;131,78;2422,97;0;0,0543877967948427;353;30/01/2026;1;11;0,7272727272727273;10,545454545454545;25;0;0,0;1;1672,72;1672,72;590,0;0;0;0;;601
C00302;2668,17;18;148,23;7163,26;0;0,020693092251293402;113;01/02/2026;0;3;0,3333333333333333;0,6666666666666666;2;0;0,0;4;4069,95;1017,4875;98,0;0;0;0;;854
C00304;1574,17;18;87,45;1711,81;0;0,05108627709850977;203;30/01/2026;1;6;0,5;1,8333333333333333;7;0;0,0;3;3125,04;1041,68;429,0;0;0;0;;780
C00305;1532,65;24;63,86;2354,8;0;0,027119075930015286;383;28/01/2026;0;12;0,25;0,75;6;0;0,0;7;8635,73;1233,6757142857143;159,0;1;1;0;96,0;899
C00306;2548,85;6;424,81;1568,27;0;0,2708781013473445;173;20/01/2025;1;5;0,4;6,4;24;0;0,0;2;3365,49;1682,745;696,0;3;3;0;13,0;677
C00307;2939,11;6;489,85;4300,52;0;0,11390483011356765;173;14/08/2025;0;5;0,8;3,4;12;0;0,0;3;1750,3;583,4333333333333;266,0;0;0;0;;745
C00308;908,58;24;37,86;3078,24;0;0,012299235927023235;353;18/01/2026;0;11;0,5454545454545454;7,181818181818182;24;1;37,86;4;1618,67;404,6675;65,0;0;0;0;;692
C00310;1646,61;6;274,44;2765,01;0;0,0992546139073638;113;16/01/2026;0;3;0,6666666666666666;2,0;4;0;0,0;0;0,0;;;1;1;0;27,0;794
C00311;1209,45;18;67,19;3182,36;0;0,021113261855981093;143;23/01/2026;0;4;0,25;0,25;1;0;0,0;1;229,66;229,66;694,0;0;0;0;;593
C00312;2271,41;24;94,64;1289,65;0;0,0733842515411158;83;27/01/2026;1;2;0,5;8,0;16;0;0,0;4;3470,7599999999998;867,6899999999999;42,0;0;0;0;;752
C00313;1916,39;18;106,47;3027,1;0;0,03517227709689141;473;01/02/2026;0;15;0,4;3,1333333333333333;20;0;0,0;0;0,0;;;1;1;0;20,0;631
C00314;2852,99;24;118,87;5313,21;0;0,02237253938767713;233;31/01/2026;0;7;0,14285714285714285;0,14285714285714285;1;0;0,0;2;3308,3599999999997;1654,1799999999998;289,0;0;0;0;;714
C00315;1759,1;10;175,91;3972,11;0;0,044286286130041715;293;03/08/2025;1;9;0,2222222222222222;2,5555555555555554;22;0;0,0;2;1894,1599999999999;947,0799999999999;380,0;0;0;0;;614
C00316;1985,62;18;110,31;2978,54;0;0,037034923150268254;533;15/01/2026;1;17;0,4117647058823529;3,3529411764705883;26;0;0,0;3;1337,74;445,91333333333336;171,0;2;2;0;85,0;689
C00317;10433,44;6;1738,91;2162,81;0;0,8040049750093629;173;11/04/2025;1;5;1,0;14,8;18;0;0,0;5;4621,37;924,274;228,0;1;1;0;36,0;344
C00318;955,37;10;95,54;2281,57;0;0,041874674018329484;173;24/01/2026;0;5;0,0;0,0;0;0;0,0;4;2120,7;530,175;39,0;0;0;0;;860
C00319;1311,67;12;109,31;2424,37;0;0,04508800224388192;353;02/12/2025;0;11;0,45454545454545453;2,1818181818181817;13;0;0,0;1;449,59;449,59;397,0;0;0;0;;546
C00320;915,24;12;76,27;2354,66;0;0,03239108830998955;353;09/06/2025;1;11;0,45454545454545453;3,6363636363636362;13;0;0,0;2;2590,6800000000003;1295,3400000000001;29,0;0;0;0;;626
C00321;2643,7;12;220,31;2815,97;0;0,07823591870652032;173;13/01/2026;0;5;0,2;1,2;6;0;0,0;4;5668,41;1417,1025;95,0;0;0;0;;719
C00322;2068,26;24;86,18;3566,58;0;0,02416320396570384;473;18/01/2026;1;15;0,5333333333333333;3,933333333333333;23;0;0,0;3;2010,9;670,3000000000001;42,0;2;1;0;132,0;668
C00324;1701,68;12;141,81;3927,76;0;0,036104548139397515;293;28/01/2026;1;9;0,2222222222222222;0,3333333333333333;2;0;0,0;2;2658,25;1329,125;151,0;1;0;0;75,0;691
C00326;4633,58;10;463,36;1313,76;0;0,35269760077944223;233;03/02/2026;1;7;1,0;12,285714285714286;19;0;0,0;2;790,7900000000001;395,39500000000004;590,0;6;4;0;23,0;533
C00327;1630,68;18;90,59;2125,89;0;0,0426127410167036;293;06/02/2026;1;9;0,4444444444444444;5,444444444444445;26;0;0,0;2;721,2;360,6;33,0;2;2;0;81,0;798
C00328;1938,8;12;161,57;5421,71;0;0,029800561077593598;353;22/10/2025;1;11;0,18181818181818182;1,4545454545454546;15;0;0,0;4;3319,24;829,81;91,0;3;0;0;224,0;664
C00329;2379,6;12;198,3;4022,58;0;0,049296720015512434;233;18/01/2026;1;7;0,14285714285714285;0,2857142857142857;2;0;0,0;1;344,99;344,99;364,0;1;0;0;198,0;738
C00330;3027,4;12;252,28;2906,0;0;0,08681348933241569;83;27/01/2026;0;2;0,5;0,5;1;0;0,0;3;1635,46;545,1533333333333;301,0;0;0;0;;678
C00331;2488,44;18;138,25;2467,46;0;0,05602927707034765;503;27/01/2026;0;16;0,4375;7,75;26;0;0,0;2;1661,48;830,74;57,0;0;0;0;;720
C00332;808,22;12;67,35;3454,85;0;0,019494334052129615;353;27/06/2025;0;11;0,2727272727272727;1,0909090909090908;9;0;0,0;1;599,96;599,96;812,0;2;0;0;4,0;721
C00333;4300,1;6;716,68;1369,27;0;0,5234029811505401;113;12/01/2026;1;3;1,0;14,0;24;0;0,0;1;559,51;559,51;565,0;0;0;0;;577
C00335;7124,66;10;712,47;4659,52;0;0,15290630794588284;293;25/11/2025;1;9;0,3333333333333333;1,6666666666666667;12;0;0,0;3;2561,67;853,89;92,0;2;0;0;26,0;694
C00336;1034,43;6;172,4;6340,03;0;0,02719230035189108;173;05/03/2025;0;5;0,2;0,2;1;0;0,0;6;3427,07;571,1783333333334;126,0;1;0;0;26,0;942
C00337;4410,51;12;367,54;990,32;0;0,3711325632118911;353;05/08/2025;1;11;1,0;13,181818181818182;23;0;0,0;3;2947,2;982,4;266,0;3;2;0;8,0;631
C00338;1909,15;18;106,06;2059,06;0;0,05150894097306538;83;08/01/2026;0;2;0,0;0,0;0;0;0,0;7;5632,110000000001;804,5871428571429;419,0;0;0;0;;776
C00339;1915,6;10;191,56;2840,18;0;0,06744642945165448;293;24/01/2026;0;9;0,1111111111111111;0,2222222222222222;2;0;0,0;3;2911,2999999999997;970,4333333333333;238,0;0;0;0;;927
C00340;395,58;12;32,96;2685,11;0;0,012275102323554714;203;17/01/2026;0;6;0,3333333333333333;0,6666666666666666;2;0;0,0;0;0,0;;;0;0;0;;522
C00342;788,87;6;131,48;2966,06;0;0,044328165984504696;173;20/12/2024;0;5;0,4;0,6;2;0;0,0;1;470,08;470,08;840,0;1;0;0;16,0;940
C00343;2994,36;18;166,35;2968,59;0;0,05603670429395773;533;27/12/2025;0;17;0,11764705882352941;0,23529411764705882;2;0;0,0;7;7108,12;1015,4457142857143;245,0;1;0;0;290,0;937
C00344;5315,94;10;531,59;1500,17;0;0,3543531733070252;293;20/11/2025;1;9;0,8888888888888888;10,444444444444445;26;0;0,0;6;4825,37;804,2283333333334;31,0;1;1;0;148,0;439
C00345;1082,38;18;60,13;3356,18;0;0,017916202349099276;83;19/01/2026;1;2;0,5;1,5;3;0;0,0;1;600,25;600,25;81,0;0;0;0;;767
C00346;2915,81;24;121,49;3959,91;0;0,030679990201797517;83;18/01/2026;1;2;0,5;1,0;2;0;0,0;5;4090,58;818,116;176,0;0;0;0;;802
C00347;4097,06;12;341,42;2200,66;0;0,15514436578117474;233;27/01/2026;0;7;0,42857142857142855;2,4285714285714284;13;0;0,0;6;2765,63;460,93833333333333;6,0;0;0;0;;622
C00348;2093,42;12;174,45;2417,77;0;0,07215326519892297;293;30/01/2026;0;9;0,5555555555555556;3,0;15;0;0,0;8;7397,37;924,67125;173,0;2;1;0;153,0;737
C00349;768,62;10;76,86;1919,19;0;0,040048145311303206;293;17/08/2025;1;9;0,5555555555555556;9,333333333333334;21;0;0,0;7;6599,9;942,842857142857;41,0;1;1;0;12,0;682
C00350;2092,88;24;87,2;1864,41;0;0,04677082830493293;293;31/01/2026;1;9;0,3333333333333333;0,4444444444444444;2;0;0,0;2;1301,85;650,925;586,0;0;0;0;;875
C00351;1492,9;6;248,82;4426,79;0;0,05620777131962438;173;13/03/2025;0;5;0,2;0,2;1;0;0,0;4;3348,81;837,2025;174,0;0;0;0;;846
C00352;2313,9;12;192,82;2683,19;0;0,07186222369642105;323;22/01/2026;0;10;0,0;0,0;0;0;0,0;3;4509,7;1503,2333333333333;167,0;1;0;0;112,0;663
C00354;2912,56;24;121,36;3143,81;0;0,03860284177478919;113;20/01/2026;1;3;0,6666666666666666;8,333333333333334;13;0;0,0;2;1748,6200000000001;874,3100000000001;75,0;1;1;0;93,0;717
C00355;1181,38;12;98,45;1408,24;0;0,06990995852979606;293;13/01/2026;1;9;0,3333333333333333;3,6666666666666665;19;0;0,0;2;1095,31;547,655;409,0;2;0;0;50,0;669
C00356;10186,68;24;424,44;4832,14;0;0,08783685903140223;173;05/02/2026;0;5;0,4;1,0;4;0;0,0;4;8774,41;2193,6025;139,0;2;1;0;95,0;688
C00357;1387,86;12;115,65;4433,79;0;0,026083779340022872;263;14/01/2026;0;8;0,25;0,5;2;0;0,0;0;0,0;;;0;0;0;;777
C00362;4968,56;6;828,09;2379,03;0;0,3480788388544911;173;09/08/2025;1;5;1,0;10,6;23;0;0,0;1;391,33;391,33;852,0;0;0;0;;711
C00363;2848,62;10;284,86;3384,1;0;0,08417599952720074;293;26/11/2025;0;9;0,5555555555555556;3,6666666666666665;13;0;0,0;2;2015,0;1007,5;473,0;1;0;0;88,0;624
C00364;2001,78;12;166,82;3326,95;0;0,050142021972076525;83;11/01/2026;1;2;1,0;7,5;10;0;0,0;2;3374,01;1687,005;425,0;0;0;0;;804
C00365;1309,51;18;72,75;2981,37;0;0,02440153352317894;293;28/01/2026;1;9;0,3333333333333333;3,2222222222222223;26;0;0,0;7;7454,67;1064,952857142857;429,0;0;0;0;;596
C00366;3652,26;24;152,18;2867,21;0;0,053075986760648855;413;10/01/2026;0;13;0,6923076923076923;4,769230769230769;19;0;0,0;7;6056,719999999999;865,2457142857141;54,0;2;1;0;38,0;621
C00367;478,65;12;39,89;2986,36;0;0,013357398304290172;83;12/01/2026;1;2;1,0;1,0;1;0;0,0;2;1170,6599999999999;585,3299999999999;421,0;0;0;0;;568
C00368;2360,26;12;196,69;7198,88;0;0,02732230569199653;353;26/06/2025;0;11;0,18181818181818182;0,6363636363636364;5;0;0,0;1;845,15;845,15;541,0;1;0;0;116,0;741
C00371;887,59;6;147,93;1699,84;0;0,08702583772590362;173;22/10/2025;0;5;0,4;1,8;8;0;0,0;4;2468,3500000000004;617,0875000000001;201,0;1;0;0;111,0;711
C00372;1357,76;18;75,43;2454,96;0;0,03072555153648125;413;11/01/2026;1;13;0,23076923076923078;2,6153846153846154;26;0;0,0;4;2817,0299999999997;704,2574999999999;398,0;1;0;0;34,0;736
C00373;2923,69;24;121,82;1697,17;0;0,07177831330980396;533;09/01/2026;1;17;0,23529411764705882;2,8823529411764706;24;0;0,0;1;1279,75;1279,75;187,0;1;0;0;240,0;769
C00375;3568,25;24;148,68;1468,03;0;0,10127858422511803;503;18/01/2026;0;16;0,125;0,1875;2;0;0,0;2;1017,25;508,625;760,0;3;1;0;68,0;638
C00376;1424,04;18;79,11;3279,02;0;0,024126110850193047;383;31/01/2026;0;12;0,3333333333333333;1,75;16;0;0,0;2;1458,23;729,115;346,0;0;0;0;;789
C00377;1756,83;6;292,8;1515,99;0;0,193141115706568;83;22/01/2026;0;2;1,0;8,5;12;0;0,0;1;2346,92;2346,92;121,0;1;1;0;36,0;659
C00378;3825,17;18;212,51;3625,61;0;0,058613585024313145;473;18/01/2026;0;15;0,4666666666666667;1,6666666666666667;18;0;0,0;3;1872,19;624,0633333333334;419,0;2;1;0;26,0;693
C00379;4642,46;24;193,44;1149,14;0;0,16833458064291557;113;28/01/2026;1;3;0,3333333333333333;7,0;21;0;0,0;0;0,0;;;0;0;0;;571
C00380;1184,75;18;65,82;2160,27;0;0,030468413670513405;443;19/01/2026;0;14;0,5;3,7857142857142856;24;0;0,0;4;4413,75;1103,4375;119,0;3;1;0;6,0;838
C00381;4162,81;10;416,28;1740,95;0;0,2391108302938051;293;10/08/2025;1;9;1,0;11,777777777777779;24;0;0,0;8;7846,84;980,855;213,0;4;2;0;11,0;404
C00382;1179,65;12;98,3;1628,47;0;0,0603634085982548;353;03/07/2025;0;11;0,36363636363636365;2,090909090909091;12;0;0,0;2;1297,6;648,8;154,0;1;0;0;22,0;617
C00383;1603,48;24;66,81;1852,01;0;0,036074319253135784;203;19/01/2026;0;6;0,3333333333333333;3,5;16;0;0,0;1;2022,68;2022,68;551,0;3;1;0;7,0;777
C00384;3731,74;12;310,98;3445,05;0;0,09026864631863107;203;26/01/2026;1;6;0,8333333333333334;5,166666666666667;14;0;0,0;5;2415,6000000000004;483,12000000000006;167,0;1;0;0;15,0;727
C00385;4488,17;10;448,82;1914,73;0;0,23440380628078109;293;02/08/2025;1;9;0,4444444444444444;5,222222222222222;15;0;0,0;3;4249,26;1416,42;173,0;3;3;0;26,0;703
C00386;4282,31;18;237,91;3940,27;0;0,06037911107614453;173;11/01/2026;0;5;0,2;2,6;13;0;0,0;1;1201,97;1201,97;174,0;0;0;0;;614
C00387;1443,32;12;120,28;4245,36;0;0,028332108466655362;113;23/01/2026;0;3;0,3333333333333333;6,0;18;0;0,0;2;1428,26;714,13;49,0;1;0;0;95,0;759
C00388;1404,49;6;234,08;2273,23;0;0,10297242250014298;113;31/01/2026;0;3;0,6666666666666666;6,0;17;0;0,0;1;402,43;402,43;128,0;0;0;0;;792
C00389;4821,71;12;401,81;4422,6;0;0,09085379640935196;293;27/01/2026;0;9;0,3333333333333333;4,111111111111111;19;0;0,0;6;4693,89;782,315;94,0;3;3;0;39,0;638
C00390;2452,38;12;204,36;900,0;0;0,2270666666666667;353;11/06/2025;1;11;0,09090909090909091;0,09090909090909091;1;0;0,0;1;1610,17;1610,17;659,0;0;0;0;;693
C00391;3057,79;18;169,88;1901,47;0;0,08934140428195028;473;19/01/2026;0;15;0,4666666666666667;4,733333333333333;26;0;0,0;1;791,9;791,9;510,0;1;1;0;197,0;704
C00392;4980,37;10;498,04;1886,95;0;0,26393916108004983;293;10/07/2025;0;9;0,2222222222222222;3,0;25;0;0,0;1;5350,56;5350,56;593,0;1;1;0;123,0;600
C00393;511,59;12;42,63;2803,1;0;0,01520816239163783;143;30/01/2026;1;4;0,75;8,75;15;0;0,0;7;7454,67;1064,952857142857;431,0;1;1;0;20,0;588
C00394;2486,55;12;207,21;2220,27;0;0,09332648731910984;353;27/10/2025;0;11;0,36363636363636365;5,545454545454546;22;0;0,0;1;525,4;525,4;982,0;3;1;0;40,0;676
C00395;386,16;18;21,45;4645,43;0;0,004617441227184566;533;30/11/2025;0;17;0,17647058823529413;3,0;26;0;0,0;1;653,84;653,84;132,0;4;2;0;43,0;715
C00396;949,9;10;94,99;2148,19;0;0,044218621257896176;173;17/01/2026;0;5;0,4;1,4;6;0;0,0;3;1394,9299999999998;464,97666666666663;121,0;0;0;0;;758
C00397;2640,85;12;220,07;2241,62;0;0,09817453448845032;263;12/01/2026;1;8;0,75;11,75;26;0;0,0;3;1949,75;649,9166666666666;87,0;1;1;0;159,0;654
C00398;2011,98;10;201,2;1765,98;0;0,11393107509711321;203;16/01/2026;1;6;0,6666666666666666;11,0;22;0;0,0;0;0,0;;;2;0;0;121,0;562
C00399;1715,1;6;285,85;4457,2;0;0,06413219061294087;173;18/04/2025;0;5;0,4;0,6;2;0;0,0;0;0,0;;;2;1;0;99,0;685
C00400;6440,36;6;1073,39;2041,91;0;0,525679388415748;173;24/07/2025;1;5;1,0;15,0;26;1;1073,39;4;4264,62;1066,155;158,0;5;3;0;26,0;384
C00401;2656,69;12;221,39;2523,37;0;0,08773584531796763;353;12/12/2025;1;11;0,8181818181818182;10,454545454545455;23;1;221,39;0;0,0;;;1;1;0;199,0;662
C00402;2955,58;18;164,2;3228,28;0;0,05086299825293964;533;08/01/2026;0;17;0,23529411764705882;3,1176470588235294;19;0;0,0;3;2270,97;756,9899999999999;92,0;1;1;0;110,0;679
C00403;4184,2;12;348,68;2833,57;0;0,12305325084610579;353;17/06/2025;0;11;0,45454545454545453;2,090909090909091;17;0;0,0;0;0,0;;;2;1;0;35,0;649
C00404;1551,45;18;86,19;2585,92;0;0,03333049746318525;443;22/01/2026;0;14;0,35714285714285715;3,2857142857142856;22;0;0,0;3;1483,46;494,4866666666667;461,0;0;0;0;;647
C00405;1224,44;12;102,04;3080,69;0;0,03312244984078242;203;16/01/2026;0;6;0,5;0,8333333333333334;2;0;0,0;4;5351,87;1337,9675;315,0;1;1;0;100,0;733
C00407;2005,91;18;111,44;4979,45;0;0,022379981724889295;443;19/01/2026;0;14;0,07142857142857142;0,5714285714285714;8;0;0,0;4;2964,92;741,23;53,0;1;0;0;197,0;881
C00408;2785,11;12;232,09;2844,56;0;0,08159082599769385;353;07/12/2025;0;11;0,2727272727272727;0,36363636363636365;2;0;0,0;1;483,26;483,26;99,0;1;0;0;150,0;643
C00409;4030,32;12;335,86;3736,42;0;0,08988818173545801;353;14/06/2025;1;11;0,6363636363636364;6,363636363636363;16;0;0,0;1;534,19;534,19;205,0;4;1;0;75,0;701
C00410;2102,09;10;210,21;2249,53;0;0,09344618653674322;263;10/01/2026;0;8;0,375;0,875;3;0;0,0;2;1653,19;826,595;382,0;0;0;0;;608
C00411;11331,87;6;1888,65;2482,65;0;0,7607395323545405;173;24/12/2025;1;5;1,0;17,0;26;0;0,0;3;3678,12;1226,04;54,0;2;2;0;62,0;338
C00412;1286,66;12;107,22;2249,86;0;0,047656298614135985;353;02/01/2026;0;11;0,36363636363636365;1,9090909090909092;13;0;0,0;1;610,56;610,56;46,0;0;0;0;;904
C00413;998,73;10;99,87;4364,0;0;0,022884967919340055;293;22/12/2025;0;9;0,3333333333333333;0,4444444444444444;2;0;0,0;2;3178,67;1589,335;351,0;2;0;0;69,0;723
C00414;2018,45;12;168,2;3030,69;0;0,05549891278883686;203;27/01/2026;1;6;0,5;4,333333333333333;23;0;0,0;4;4227,35;1056,8375;169,0;1;1;0;188,0;579
C00415;8279,44;6;1379,91;2278,99;0;0,605491906502442;173;12/01/2026;1;5;1,0;12,8;22;0;0,0;2;1661,48;830,74;42,0;1;1;0;79,0;206
C00416;1116,61;18;62,03;1840,66;0;0,03369986852542023;533;15/12/2025;1;17;0,6470588235294118;7,235294117647059;19;0;0,0;1;371,72;371,72;506,0;1;1;0;6,0;634
C00417;2229,23;10;222,92;1650,06;0;0,13509811764420687;233;30/01/2026;0;7;0,2857142857142857;0,42857142857142855;2;0;0,0;4;1618,67;404,6675;77,0;0;0;0;;687
C00418;4464,51;10;446,45;2940,46;0;0,1518299857845371;293;13/01/2026;0;9;0,2222222222222222;0,6666666666666666;4;0;0,0;2;2084,06;1042,03;464,0;3;1;0;35,0;889
C00420;5870,93;18;326,16;1964,09;0;0,1660616366867099;383;24/01/2026;1;12;0,3333333333333333;5,916666666666667;21;0;0,0;0;0,0;;;0;0;0;;496
C00421;1511,14;18;83,95;2550,01;0;0,03292143952376657;473;26/01/2026;0;15;0,4666666666666667;7,866666666666666;25;1;83,95;6;8760,5;1460,0833333333333;189,0;0;0;0;;584
C00422;2120,96;6;353,49;2608,74;0;0,13550219646266015;173;25/01/2026;0;5;0,2;0,4;2;0;0,0;0;0,0;;;1;0;0;73,0;597
C00423;1048,47;6;174,74;4223,28;0;0,041375423841185054;173;03/10/2025;0;5;0,4;0,6;2;0;0,0;0;0,0;;;2;0;0;15,0;938
C00424;3501,09;12;291,76;1862,97;0;0,15661014401734863;173;30/01/2026;1;5;0,6;9,4;21;0;0,0;2;2003,74;1001,87;332,0;0;0;0;;683
C00425;588,57;6;98,1;2100,03;0;0,046713618376880324;173;20/10/2025;0;5;0,4;0,6;2;0;0,0;2;1413,31;706,655;161,0;1;0;0;139,0;770
C00427;2567,92;10;256,79;1548,48;0;0,1658335916511676;203;03/02/2026;1;6;0,5;8,5;26;0;0,0;6;5430,44;905,0733333333333;52,0;1;1;0;152,0;682
C00428;1456,48;12;121,37;2545,7;0;0,047676474054287626;263;18/01/2026;0;8;0,375;3,0;18;0;0,0;1;316,84;316,84;731,0;1;1;0;87,0;776
C00429;4538,66;10;453,87;2786,5;0;0,16288175130091512;113;04/02/2026;1;3;1,0;11,666666666666666;16;0;0,0;2;1597,35;798,675;117,0;0;0;0;;492
C00430;2818,37;6;469,73;2488,45;0;0,18876409009624467;173;29/01/2025;1;5;0,4;6,0;17;0;0,0;0;0,0;;;0;0;0;;752
C00431;1127,92;12;93,99;4746,34;0;0,019802626866174778;353;20/11/2025;0;11;0,2727272727272727;1,4545454545454546;13;0;0,0;2;911,75;455,875;167,0;0;0;0;;858
C00432;3184,75;18;176,93;3142,79;0;0,056297111801933954;203;22/01/2026;0;6;0,5;0,8333333333333334;2;0;0,0;7;8635,73;1233,6757142857143;153,0;0;0;0;;891
C00433;2421,48;10;242,15;3623,87;0;0,06682082966552333;293;15/04/2025;0;9;0,2222222222222222;1,3333333333333333;10;0;0,0;2;2084,79;1042,395;67,0;0;0;0;;695
C00435;1137,7;12;94,81;2737,07;0;0,034639231002495365;353;26/07/2025;0;11;0,45454545454545453;4,181818181818182;23;0;0,0;2;3931,08;1965,54;84,0;1;0;0;142,0;635
C00436;1439,53;6;239,92;1715,12;0;0,13988525584215683;173;25/09/2025;1;5;0,2;0,4;2;0;0,0;3;1519,63;506,54333333333335;311,0;0;0;0;;755
C00437;831,14;24;34,63;1670,47;0;0,02073069255957904;413;22/01/2026;0;13;0,5384615384615384;6,230769230769231;26;0;0,0;1;836,42;836,42;590,0;0;0;0;;669
C00438;1604,13;12;133,68;3484,04;0;0,0383692494919691;353;13/10/2025;0;11;0,5454545454545454;2,8181818181818183;20;0;0,0;1;517,02;517,02;348,0;3;1;0;44,0;772
C00439;1866,51;12;155,54;3035,13;0;0,05124656933969879;353;08/08/2025;1;11;0,5454545454545454;2,909090909090909;19;0;0,0;3;2424,67;808,2233333333334;386,0;0;0;0;;688
C00440;4412,55;10;441,26;3729,69;0;0,11831010083947996;293;22/01/2026;0;9;0,1111111111111111;0,2222222222222222;2;0;0,0;5;5465,85;1093,17;83,0;2;0;0;59,0;894
C00441;3797,5;12;316,46;1525,67;0;0,20742362371941506;353;17/10/2025;1;11;0,9090909090909091;11,272727272727273;26;0;0,0;1;842,25;842,25;650,0;0;0;0;;495
C00442;1630,62;12;135,88;2791,84;0;0,0486704109118001;113;09/01/2026;1;3;0,0;0,0;0;0;0,0;3;2013,1399999999999;671,0466666666666;193,0;2;1;0;56,0;537
C00443;2062,4;12;171,87;1613,94;0;0,1064909476188706;203;03/02/2026;1;6;0,3333333333333333;4,0;17;0;0,0;4;2478,33;619,5825;108,0;2;0;0;47,0;751
C00444;1368,96;24;57,04;5550,77;0;0,010276051791012777;83;02/02/2026;0;2;0,5;1,0;2;0;0,0;0;0,0;;;1;1;0;13,0;711
C00445;2029,16;24;84,55;4290,22;0;0,019707614061749746;323;02/02/2026;0;10;0,5;5,3;26;0;0,0;3;4023,44;1341,1466666666668;409,0;1;0;0;221,0;522
C00446;4954,68;12;412,89;3252,4;0;0,126949329725741;353;10/06/2025;1;11;0,7272727272727273;6,363636363636363;25;0;0,0;1;720,29;720,29;249,0;2;1;0;140,0;636
C00447;1067,48;18;59,3;4289,19;0;0,013825454223291577;263;08/01/2026;0;8;0,125;0,875;7;0;0,0;2;1859,8;929,9;468,0;0;0;0;;760
C00448;1682,83;10;168,28;4192,66;0;0,04013681052124427;203;26/01/2026;0;6;0,3333333333333333;0,5;2;0;0,0;2;2323,7799999999997;1161,8899999999999;497,0;1;1;0;171,0;821
C00449;1758,97;18;97,72;3729,71;0;0,02620042845154181;233;21/01/2026;0;7;0,5714285714285714;1,7142857142857142;7;0;0,0;2;1121,17;560,585;320,0;0;0;0;;913
C00451;1928,4;6;321,4;4253,59;0;0,07555970368559263;173;30/03/2025;1;5;0,8;10,2;24;0;0,0;1;347,67;347,67;211,0;0;0;0;;578
C00452;1775,03;12;147,92;1855,69;0;0,07971158975906535;353;16/01/2026;0;11;0,18181818181818182;0,2727272727272727;2;0;0,0;0;0,0;;;1;0;0;292,0;569
C00453;1393,52;6;232,25;3874,4;0;0,05994476564113153;173;24/10/2025;0;5;0,0;0,0;0;0;0,0;2;1017,25;508,625;674,0;0;0;0;;704
C00454;1522,42;12;126,87;2098,08;0;0,06046957218027912;353;07/09/2025;1;11;0,2727272727272727;0,8181818181818182;5;0;0,0;3;1615,1399999999999;538,38;172,0;2;1;0;63,0;791
C00455;544,75;24;22,7;3153,86;0;0,007197529376700297;323;23/01/2026;1;10;0,2;2,5;14;0;0,0;3;2756,2599999999998;918,7533333333332;378,0;1;1;0;53,0;659
C00456;1616,39;18;89,8;3762,49;0;0,023867173068898524;263;18/01/2026;1;8;0,625;3,625;22;0;0,0;2;790,7900000000001;395,39500000000004;574,0;0;0;0;;621
C00457;2978,09;12;248,17;2034,27;0;0,12199462214946885;293;24/01/2026;1;9;1,0;9,0;26;0;0,0;3;7178,39;2392,7966666666666;282,0;4;3;0;20,0;575
C00461;1963,38;12;163,62;4144,73;0;0,039476636596352484;143;17/01/2026;1;4;0,75;15,0;23;1;163,62;0;0,0;;;1;1;0;121,0;525
C00463;646,86;12;53,9;2969,07;0;0,018153832681614107;353;08/06/2025;1;11;0,36363636363636365;4,636363636363637;25;0;0,0;2;3019,2799999999997;1509,6399999999999;37,0;1;0;0;274,0;743
C00464;1003,26;10;100,33;3036,31;0;0,03304339807200187;293;19/06/2025;0;9;0,2222222222222222;1,5555555555555556;13;0;0,0;0;0,0;;;0;0;0;;824
C00465;663,05;12;55,25;3676,86;0;0,015026408402821972;353;18/10/2025;1;11;0,7272727272727273;8,272727272727273;24;0;0,0;1;2017,85;2017,85;772,0;0;0;0;;651
C00466;1571,78;12;130,98;4244,66;0;0,03085759519019191;353;03/06/2025;0;11;0,36363636363636365;3,727272727272727;25;0;0,0;2;4029,48;2014,74;288,0;1;0;0;99,0;684
C00467;2396,27;6;399,38;1058,93;0;0,3771542972623308;173;05/01/2025;1;5;1,0;18,4;23;1;399,38;0;0,0;;;5;4;0;28,0;427
C00468;1306,9;12;108,91;2828,96;0;0,03849824670550308;353;26/10/2025;0;11;0,18181818181818182;0,2727272727272727;2;0;0,0;3;4942,65;1647,55;82,0;1;0;0;106,0;814
C00469;513,09;12;42,76;1905,99;0;0,022434535333343827;353;21/07/2025;0;11;0,2727272727272727;2,5454545454545454;25;0;0,0;3;2676,61;892,2033333333334;115,0;2;1;0;9,0;779
C00470;1439,03;12;119,92;4747,92;0;0,025257375861429846;353;09/06/2025;1;11;0,2727272727272727;2,6363636363636362;18;0;0,0;1;645,25;645,25;188,0;0;0;0;;865
C00471;4138,38;12;344,86;2056,62;0;0,16768289718081125;203;27/01/2026;0;6;1,0;19,0;25;1;344,86;0;0,0;;;1;1;0;117,0;532
C00472;1628,62;10;162,86;3045,3;0;0,053479131776836435;293;15/08/2025;0;9;0,2222222222222222;0,3333333333333333;2;0;0,0;0;0,0;;;1;0;0;163,0;644
C00473;1040,24;18;57,79;1936,13;0;0,0298482023417849;203;17/01/2026;0;6;0,3333333333333333;4,5;23;1;57,79;0;0,0;;;0;0;0;;648
C00474;3389,37;10;338,94;2933,61;0;0,115536830048984;113;05/02/2026;1;3;0,0;0,0;0;0;0,0;3;2244,67;748,2233333333334;137,0;0;0;0;;722
C00475;2590,67;10;259,07;3634,51;0;0,07128058527834563;293;19/09/2025;0;9;0,6666666666666666;6,0;23;0;0,0;0;0,0;;;0;0;0;;734
C00476;1506,83;10;150,68;2133,45;0;0,07062738756474256;83;08/01/2026;1;2;0,5;3,5;7;0;0,0;1;2498,2;2498,2;354,0;1;1;0;29,0;649
C00477;2609,16;10;260,92;3479,23;0;0,07499360490683284;293;03/01/2026;1;9;1,0;13,666666666666666;19;0;0,0;0;0,0;;;0;0;0;;657
C00479;3321,35;18;184,52;2772,39;0;0,06655629258509806;353;25/01/2026;1;11;0,7272727272727273;11,0;24;0;0,0;0;0,0;;;0;0;0;;479
C00480;2878,65;18;159,93;3821,81;0;0,04184666427687405;533;09/01/2026;0;17;0,4117647058823529;3,411764705882353;24;0;0,0;2;1713,21;856,605;124,0;2;1;0;191,0;635
C00481;803,72;18;44,65;1581,68;0;0,028229477517576245;383;09/01/2026;1;12;0,5833333333333334;8,416666666666666;23;0;0,0;2;1704,1100000000001;852,0550000000001;156,0;2;0;0;248,0;614
C00482;906,97;18;50,39;1953,78;0;0,02579103071993776;113;23/01/2026;0;3;0,3333333333333333;0,6666666666666666;2;0;0,0;6;6904,11;1150,685;166,0;0;0;0;;826
C00483;1693,82;12;141,15;3571,69;0;0,03951910720135286;263;23/01/2026;1;8;1,0;15,375;25;0;0,0;1;1159,62;1159,62;726,0;2;1;0;40,0;437
C00484;764,08;6;127,35;1881,42;0;0,06768823548171062;173;27/04/2025;0;5;0,6;3,4;8;0;0,0;3;5307,83;1769,2766666666666;31,0;1;1;0;63,0;654
C00485;3217,79;18;178,77;3998,63;0;0,044707812425755826;203;25/01/2026;0;6;0,16666666666666666;1,0;6;0;0,0;1;799,2;799,2;663,0;2;1;0;54,0;505
C00486;1849,57;6;308,26;4116,09;0;0,07489146252875908;83;08/01/2026;0;2;0,0;0,0;0;0;0,0;3;2650,75;883,5833333333334;614,0;0;0;0;;654
C00488;3672,06;18;204,0;4194,91;0;0,048630363941061905;113;15/01/2026;0;3;0,3333333333333333;2,6666666666666665;8;0;0,0;0;0,0;;;1;1;0;38,0;726
C00489;2322,6;10;232,26;1856,61;0;0,1250989707046714;83;05/02/2026;1;2;1,0;20,5;23;1;232,26;2;1851,5;925,75;15,0;1;1;0;52,0;595
C00490;752,58;6;125,43;3283,71;0;0,03819764839160584;173;16/04/2025;0;5;0,2;0,2;1;0;0,0;6;6307,6900000000005;1051,2816666666668;12,0;0;0;0;;724
C00491;1168,42;6;194,74;4283,45;0;0,045463353138241375;173;08/01/2025;0;5;0,6;3,2;12;0;0,0;1;615,5;615,5;416,0;0;0;0;;779
C00492;3746,35;12;312,2;;1;;323;14/01/2026;0;10;0,6;4,7;15;0;0,0;2;861,0;430,5;338,0;1;1;0;209,0;704
C00493;3572,64;12;297,72;2582,9;0;0,11526578651902901;143;21/01/2026;1;4;0,25;0,5;2;0;0,0;0;0,0;;;1;1;0;1,0;655
C00494;2360,21;12;196,68;1344,94;0;0,1462370068553244;353;27/10/2025;1;11;0,36363636363636365;5,909090909090909;21;0;0,0;1;2463,5;2463,5;629,0;2;2;0;46,0;748
C00495;1726,13;6;287,69;2602,25;0;0,11055432798539726;83;27/01/2026;0;2;0,5;1,0;2;0;0,0;2;2214,4700000000003;1107,2350000000001;256,0;1;0;0;64,0;707
C00496;3003,59;24;125,15;3489,18;0;0,035868026298442615;113;31/01/2026;0;3;0,6666666666666666;3,6666666666666665;10;0;0,0;1;898,4;898,4;498,0;0;0;0;;962
C00497;4503,49;12;375,29;3233,91;0;0,11604837487747031;113;19/01/2026;0;3;0,6666666666666666;2,3333333333333335;5;0;0,0;3;1534,75;511,5833333333333;550,0;0;0;0;;670
C00498;2375,32;6;395,89;1820,31;0;0,21748493388488774;173;06/01/2025;1;5;1,0;13,8;20;0;0,0;1;268,31;268,31;162,0;2;2;0;59,0;718
C00499;2562,29;24;106,76;2564,21;0;0,04163465550793422;113;15/01/2026;1;3;0,3333333333333333;0,3333333333333333;1;0;0,0;2;3892,76;1946,38;364,0;1;0;0;61,0;730
C00500;1360,27;24;56,68;2895,85;0;0,01957283699086624;503;27/01/2026;0;16;0,3125;0,4375;2;0;0,0;3;2010,3600000000001;670,12;192,0;0;0;0;;785
C00501;3102,57;10;310,26;2535,87;0;0,12234854310355026;263;30/01/2026;1;8;0,375;2,75;19;0;0,0;10;8427,62;842,7620000000001;355,0;1;1;0;156,0;645
C00502;1040,5;6;173,42;3880,88;0;0,044685741378244104;173;09/02/2025;1;5;0,4;1,0;3;0;0,0;4;3065,1600000000003;766,2900000000001;449,0;1;1;0;66,0;600
C00503;1859,5;12;154,96;1820,68;0;0,08511105740712262;353;22/12/2025;1;11;0,45454545454545453;4,363636363636363;20;0;0,0;3;2095,8199999999997;698,6066666666666;56,0;0;0;0;;689
C00504;1525,15;12;127,1;2871,39;0;0,04426427618679455;113;02/02/2026;0;3;0,3333333333333333;2,6666666666666665;8;0;0,0;1;762,52;762,52;574,0;0;0;0;;872
C00505;1521,5;12;126,79;4891,72;0;0,025919308545869345;353;07/01/2026;1;11;0,09090909090909091;0,18181818181818182;2;0;0,0;3;2173,9700000000003;724,6566666666668;54,0;2;1;0;5,0;651
C00506;2085,36;6;347,56;3971,94;0;0,0875038394336269;173;14/05/2025;1;5;0,8;8,4;24;0;0,0;2;1456,15;728,075;275,0;2;1;0;79,0;618
C00507;762,6;6;127,1;1068,03;0;0,119004147823563;173;12/09/2025;1;5;0,8;11,8;20;0;0,0;2;1281,49;640,745;179,0;2;2;0;146,0;705
C00509;679,07;12;56,59;1876,94;0;0,030150137990559104;293;08/01/2026;0;9;0,3333333333333333;0,5555555555555556;2;0;0,0;1;863,52;863,52;336,0;1;0;0;118,0;687
C00512;4480,12;10;448,01;3336,02;0;0,13429475842470967;293;31/07/2025;1;9;0,3333333333333333;2,888888888888889;16;0;0,0;6;4970,81;828,4683333333334;106,0;0;0;0;;598
C00513;2005,73;12;167,14;2372,6;0;0,070445924302453;353;19/09/2025;0;11;0,45454545454545453;1,7272727272727273;13;0;0,0;3;3481,7799999999997;1160,5933333333332;10,0;0;0;0;;776
C00514;873,12;12;72,76;2237,53;0;0,03251799975866245;263;10/01/2026;0;8;0,25;0,375;2;0;0,0;1;364,41;364,41;243,0;1;0;0;167,0;653
C00515;3156,1;12;263,01;2262,82;0;0,11623107449996022;353;18/10/2025;1;11;0,45454545454545453;5,909090909090909;20;0;0,0;3;1785,4099999999999;595,1366666666667;474,0;2;1;0;111,0;707
C00516;2273,68;18;126,32;1471,18;0;0,0858630487091994;443;11/01/2026;1;14;0,5714285714285714;7,785714285714286;22;0;0,0;3;1280,47;426,8233333333333;280,0;0;0;0;;590
C00517;828,64;24;34,53;4528,01;0;0,007625866550648077;263;15/01/2026;1;8;0,875;8,75;21;0;0,0;1;375,54;375,54;168,0;0;0;0;;765
C00518;2049,21;18;113,84;4753,63;0;0,023948014464735372;233;24/01/2026;1;7;0,42857142857142855;5,142857142857143;24;0;0,0;8;8505,25;1063,15625;111,0;1;1;0;186,0;644
C00519;1923,89;10;192,39;2116,92;0;0,09088203616575023;173;27/01/2026;1;5;0,4;8,2;21;0;0,0;5;4404,54;880,908;105,0;0;0;0;;678
C00520;2364,87;18;131,38;3463,6;0;0,037931631828155676;203;03/02/2026;0;6;0,16666666666666666;0,3333333333333333;2;0;0,0;4;2131,99;532,9975;73,0;0;0;0;;843
C00521;1137,03;12;94,75;2948,13;0;0,03213901693615953;143;23/01/2026;1;4;0,75;4,75;17;0;0,0;0;0,0;;;1;1;0;35,0;624
C00522;4869,43;18;270,52;2581,57;0;0,10478894626138356;503;28/01/2026;1;16;0,9375;16,9375;26;0;0,0;8;5718,889999999999;714,8612499999999;25,0;4;3;0;1,0;434
C00523;3279,56;12;273,3;2759,97;0;0,09902281546538551;173;01/02/2026;0;5;0,2;0,2;1;0;0,0;3;2013,1399999999999;671,0466666666666;216,0;0;0;0;;652
C00524;1035,14;10;103,51;4547,45;0;0,022762207390955372;293;07/08/2025;0;9;0,3333333333333333;2,4444444444444446;20;0;0,0;5;2056,31;411,262;430,0;1;0;0;77,0;711
C00525;1064,78;18;59,15;1655,86;0;0,035721618977449784;83;29/01/2026;0;2;0,5;0,5;1;0;0,0;0;0,0;;;0;0;0;;628
C00526;737,66;24;30,74;2750,62;0;0,01117566221433713;383;13/01/2026;0;12;0,25;0,3333333333333333;2;0;0,0;2;1480,61;740,305;474,0;2;1;0;3,0;635
C00529;1376,37;18;76,46;2665,17;0;0,02868860147757929;263;29/01/2026;0;8;0,25;2,375;18;0;0,0;4;4489,91;1122,4775;209,0;0;0;0;;718
C00530;1838,75;10;183,88;1940,17;0;0,09477520011133045;293;17/06/2025;0;9;0,1111111111111111;0,2222222222222222;2;0;0,0;3;2023,15;674,3833333333333;489,0;1;0;0;279,0;479
C00531;3003,46;12;250,29;1741,19;0;0,14374651818583842;353;02/08/2025;1;11;0,6363636363636364;3,5454545454545454;16;0;0,0;0;0,0;;;1;1;0;25,0;639
C00532;2370,35;12;197,53;2376,07;0;0,08313307267883521;353;24/01/2026;0;11;0,36363636363636365;6,545454545454546;26;0;0,0;4;2973,54;743,385;309,0;1;1;0;45,0;719
C00533;6292,1;12;524,34;3665,4;0;0,14305123588148633;353;18/08/2025;1;11;0,36363636363636365;1,9090909090909092;15;0;0,0;2;801,58;400,79;199,0;3;2;0;105,0;685
C00534;5255,08;18;291,95;3801,88;0;0,07679095605332098;533;01/01/2026;1;17;0,47058823529411764;3,588235294117647;19;0;0,0;2;1484,1599999999999;742,0799999999999;698,0;4;2;0;1,0;537
C00535;1117,12;12;93,09;2059,38;0;0,04520292515223028;263;29/01/2026;1;8;0,75;8,375;18;0;0,0;1;1971,71;1971,71;421,0;1;0;0;219,0;769
C00537;4171,84;12;347,65;3289,69;0;0,10567865057193838;353;01/01/2026;1;11;0,5454545454545454;3,4545454545454546;17;0;0,0;0;0,0;;;1;0;0;109,0;686
C00538;3542,22;12;295,18;6553,72;0;0,04504006884639564;353;19/07/2025;1;11;0,45454545454545453;5,181818181818182;19;0;0,0;2;1018,5500000000001;509,27500000000003;89,0;2;1;0;117,0;771
C00539;2227,12;6;371,19;3083,75;0;0,12036967977300364;173;04/08/2025;1;5;0,4;4,4;21;0;0,0;4;2459,89;614,9725;26,0;1;1;0;143,0;784
C00540;2254,17;10;225,42;2248,52;0;0,10025261060608756;293;03/08/2025;0;9;0,3333333333333333;2,0;10;0;0,0;0;0,0;;;0;0;0;;799
C00541;4571,65;18;253,98;5108,82;0;0,049714023982054566;503;04/02/2026;0;16;0,375;2,5625;21;0;0,0;0;0,0;;;0;0;0;;612
C00542;1739,07;12;144,92;2532,78;0;0,05721776072142072;353;01/11/2025;1;11;0,36363636363636365;3,1818181818181817;21;0;0,0;0;0,0;;;2;1;0;24,0;631
C00543;968,91;10;96,89;3248,22;0;0,029828644611510306;293;28/06/2025;1;9;0,2222222222222222;3,4444444444444446;25;0;0,0;3;2054,8;684,9333333333334;52,0;1;1;0;144,0;724
C00544;3251,03;24;135,46;3370,52;0;0,04018964432787819;83;17/01/2026;1;2;1,0;13,0;18;0;0,0;2;7252,33;3626,165;444,0;1;1;0;6,0;503
C00548;2562,91;12;213,58;4645,88;0;0,045971914900944495;353;24/06/2025;1;11;0,36363636363636365;1,0;5;0;0,0;2;2663,09;1331,545;316,0;0;0;0;;665
C00549;873,88;10;87,39;3643,12;0;0,02398768088890841;293;26/12/2025;0;9;0,5555555555555556;7,111111111111111;23;0;0,0;0;0,0;;;1;0;0;158,0;818
C00550;994,4;18;55,24;3675,54;0;0,015029084161783031;83;10/01/2026;1;2;0,0;0,0;0;0;0,0;0;0,0;;;0;0;0;;503
C00551;380,0;24;15,83;5239,24;0;0,0030214305891694214;113;27/01/2026;1;3;1,0;9,333333333333334;24;0;0,0;5;6340,54;1268,108;44,0;1;1;0;53,0;597
C00553;1959,26;6;326,54;1136,89;0;0,28722215869609197;173;16/11/2025;1;5;1,0;11,2;16;0;0,0;0;0,0;;;0;0;0;;485
C00554;4019,37;10;401,94;5982,05;0;0,06719101311423341;293;16/08/2025;0;9;0,2222222222222222;0,4444444444444444;2;0;0,0;3;2317,16;772,3866666666667;98,0;0;0;0;;874
C00555;1974,2;24;82,26;1411,06;0;0,058296599719359916;143;29/01/2026;1;4;1,0;19,25;25;1;82,26;1;592,6;592,6;884,0;1;1;0;130,0;542
C00556;2554,29;12;212,86;1793,09;0;0,11871127494994675;83;11/01/2026;0;2;0,0;0,0;0;0;0,0;7;6672,28;953,1828571428571;120,0;0;0;0;;617
C00557;1373,56;12;114,46;4055,91;0;0,028220547300112673;353;10/08/2025;1;11;0,5454545454545454;1,9090909090909092;11;0;0,0;0;0,0;;;2;1;0;195,0;873
C00558;2798,07;10;279,81;1514,58;0;0,1847442855445074;173;08/01/2026;1;5;0,4;5,6;19;0;0,0;2;650,1899999999999;325,09499999999997;559,0;1;1;0;128,0;655
C00559;1408,44;6;234,74;2886,63;0;0,08131973962717771;173;14/08/2025;0;5;0,2;2,4;12;0;0,0;4;2107,05;526,7625;187,0;1;0;0;138,0;886
C00560;2262,63;6;377,1;4566,64;0;0,0825771245379535;143;13/01/2026;0;4;0,0;0,0;0;0;0,0;2;844,59;422,295;130,0;0;0;0;;780
C00561;3276,17;18;182,01;4218,42;0;0,0431464861251369;533;21/01/2026;0;17;0,5294117647058824;2,4705882352941178;20;0;0,0;3;6022,9;2007,6333333333332;206,0;1;0;0;173,0;740
C00562;3463,82;24;144,33;2768,92;0;0,05212501625182382;173;25/01/2026;0;5;0,6;8,4;18;0;0,0;1;495,59;495,59;616,0;4;3;0;7,0;664
C00563;5697,86;24;237,41;2883,58;0;0,08233168491944041;113;08/01/2026;1;3;0,3333333333333333;0,6666666666666666;2;0;0,0;4;4413,75;1103,4375;108,0;2;1;0;92,0;615
C00564;2796,45;24;116,52;2399,76;0;0,04855485548554855;263;08/01/2026;1;8;0,375;3,375;22;0;0,0;1;752,98;752,98;538,0;1;1;0;62,0;822
C00565;1105,12;10;110,51;1948,84;0;0,056705527390652904;293;30/01/2026;1;9;0,1111111111111111;0,2222222222222222;2;0;0,0;1;233,87;233,87;704,0;1;0;0;174,0;844
C00566;923,37;6;153,9;4381,98;0;0,035121109635370316;173;19/12/2025;1;5;1,0;12,4;23;0;0,0;0;0,0;;;1;0;0;138,0;534
C00568;2251,2;12;187,6;2194,26;0;0,08549579357049757;353;15/11/2025;1;11;0,8181818181818182;11,454545454545455;26;0;0,0;4;2283,32;570,83;295,0;4;1;0;82,0;635
C00569;638,52;24;26,6;1573,32;0;0,016906922940024917;563;11/01/2026;0;18;0,5;3,7777777777777777;24;0;0,0;1;1228,38;1228,38;338,0;0;0;0;;616
C00570;4336,09;18;240,89;3433,55;0;0,07015770849412414;353;08/01/2026;1;11;0,36363636363636365;1,9090909090909092;12;0;0,0;1;1068,05;1068,05;714,0;1;0;0;136,0;661
C00571;4704,57;24;196,02;1559,34;0;0,12570702989726423;383;14/01/2026;1;12;0,6666666666666666;7,166666666666667;26;0;0,0;5;5035,16;1007,0319999999999;62,0;2;1;0;102,0;562
C00572;3514,54;12;292,88;4425,37;0;0,06618203675624863;173;25/01/2026;1;5;0,6;8,2;25;0;0,0;2;1551,3400000000001;775,6700000000001;419,0;0;0;0;;611
C00574;1061,66;12;88,47;5530,0;0;0,015998191681735986;263;19/01/2026;0;8;0,0;0,0;0;0;0,0;3;2928,95;976,3166666666666;17,0;1;1;0;96,0;775
C00575;3365,35;10;336,54;3979,14;0;0,08457606417467092;83;25/01/2026;0;2;0,0;0,0;0;0;0,0;0;0,0;;;0;0;0;;739
C00577;2951,25;18;163,96;2634,42;0;0,062237608278102964;533;27/01/2026;1;17;0,5882352941176471;7,294117647058823;24;0;0,0;0;0,0;;;0;0;0;;624
C00579;709,81;12;59,15;2243,13;0;0,02636940346747625;353;29/07/2025;0;11;0,45454545454545453;1,0909090909090908;5;0;0,0;0;0,0;;;2;1;0;147,0;664
C00580;3969,34;6;661,56;4237,79;0;0,1561096703706413;173;22/08/2025;0;5;0,4;2,6;11;0;0,0;2;1876,65;938,325;395,0;1;0;0;103,0;683
C00581;1807,91;12;150,66;1815,07;0;0,08300506316560793;353;11/08/2025;1;11;0,36363636363636365;0,9090909090909091;5;0;0,0;3;2667,67;889,2233333333334;43,0;0;0;0;;773
C00582;8680,22;12;723,35;7163,0;0;0,10098422448694681;353;30/08/2025;0;11;0,2727272727272727;4,2727272727272725;20;0;0,0;4;2668,37;667,0925;56,0;1;0;0;98,0;632
C00583;3984,87;10;398,49;4676,01;0;0,08522009148825602;83;29/01/2026;0;2;1,0;12,5;23;0;0,0;2;2787,08;1393,54;284,0;1;1;0;53,0;554
C00584;4923,96;12;410,33;3573,39;0;0,11482933572881773;173;13/01/2026;0;5;0,4;0,6;2;0;0,0;6;6705,79;1117,6316666666667;34,0;3;0;0;70,0;689
C00585;2969,03;18;164,95;1586,51;0;0,10397035001355175;323;27/01/2026;1;10;0,7;5,9;25;0;0,0;0;0,0;;;1;1;0;26,0;640
C00586;5024,27;12;418,69;3170,82;0;0,13204470767814003;353;07/06/2025;1;11;0,5454545454545454;9,909090909090908;24;0;0,0;2;3308,3599999999997;1654,1799999999998;51,0;0;0;0;;740
C00587;1419,4;10;141,94;2850,63;0;0,04979250200832798;203;14/01/2026;0;6;0,3333333333333333;5,0;22;0;0,0;0;0,0;;;1;0;0;39,0;510
C00588;1071,74;18;59,54;3199,59;0;0,01860863423126088;353;10/01/2026;0;11;0,18181818181818182;0,18181818181818182;1;0;0,0;7;5921,9;845,9857142857143;332,0;0;0;0;;817
C00589;1016,16;10;101,62;2503,59;0;0,04058971317188517;173;28/01/2026;1;5;0,8;13,8;22;0;0,0;2;654,27;327,135;237,0;2;1;0;95,0;693
C00590;5000,78;10;500,08;1452,4;0;0,3443128614706692;293;08/08/2025;1;9;0,8888888888888888;16,77777777777778;26;0;0,0;5;4706,549999999999;941,3099999999998;74,0;0;0;0;;535
C00591;2787,85;10;278,78;3240,05;0;0,08604188206972113;293;15/10/2025;0;9;0,5555555555555556;5,0;25;0;0,0;6;4042,32;673,72;6,0;3;1;0;53,0;820
C00592;3352,28;18;186,24;5613,26;0;0,03317858071780035;533;22/12/2025;0;17;0,29411764705882354;1,0;12;0;0,0;4;7738,93;1934,7325;200,0;0;0;0;;837
C00593;1841,67;12;153,47;2742,98;0;0,055950098068524017;293;20/01/2026;1;9;0,2222222222222222;2,0;17;0;0,0;2;1011,47;505,735;285,0;2;0;0;38,0;913
C00595;1906,45;10;190,64;2936,25;0;0,06492635163899531;293;28/06/2025;1;9;0,5555555555555556;4,777777777777778;22;0;0,0;2;1771,62;885,81;371,0;1;0;0;118,0;602
C00597;1853,79;6;308,96;4249,49;0;0,07270519521166069;113;22/01/2026;0;3;0,6666666666666666;0,6666666666666666;1;0;0,0;4;5961,52;1490,38;156,0;0;0;0;;995
C00598;2511,21;6;418,54;3526,41;0;0,11868727686230474;143;27/01/2026;0;4;0,25;4,0;16;0;0,0;7;6672,28;953,1828571428571;136,0;0;0;0;;600
C00599;1175,21;12;97,93;4236,86;0;0,02311381541991003;353;23/09/2025;0;11;0,09090909090909091;0,18181818181818182;2;0;0,0;3;3703,37;1234,4566666666667;638,0;1;0;0;166,0;592
C00600;2879,78;24;119,99;2686,55;0;0,04466322979285701;263;10/01/2026;1;8;0,5;1,375;7;0;0,0;2;803,03;401,515;138,0;1;0;0;200,0;632
C00601;3373,15;10;337,32;2410,83;0;0,13991861723970583;293;05/09/2025;1;9;0,3333333333333333;2,0;9;0;0,0;4;4647,45;1161,8625;223,0;1;0;0;261,0;571
C00602;1946,51;18;108,14;2316,57;0;0,04668108453446258;533;02/01/2026;0;17;0,17647058823529413;0,29411764705882354;2;0;0,0;5;2702,7200000000003;540,5440000000001;60,0;0;0;0;;675
C00603;2596,07;18;144,23;2340,35;0;0,0616275343431538;443;20/01/2026;1;14;0,7142857142857143;11,5;23;0;0,0;0;0,0;;;1;0;0;72,0;727
C00604;1957,81;24;81,58;3223,41;0;0,025308601760247688;173;16/01/2026;0;5;0,0;0,0;0;0;0,0;4;1995,17;498,7925;390,0;0;0;0;;825
C00605;1944,93;12;162,08;1812,86;0;0,08940569045596462;143;06/02/2026;1;4;0,75;12,0;23;0;0,0;2;3246,21;1623,105;22,0;4;2;0;2,0;629
C00606;2706,06;18;150,34;3599,99;0;0,04176122711451977;473;03/02/2026;1;15;0,5333333333333333;2,533333333333333;12;0;0,0;5;5135,78;1027,156;132,0;0;0;0;;752
C00607;1645,82;10;164,58;3392,53;0;0,048512467096827445;293;21/07/2025;1;9;0,3333333333333333;0,5555555555555556;2;0;0,0;3;2086,06;695,3533333333334;67,0;0;0;0;;553
C00608;2041,74;6;340,29;2705,07;0;0,12579711430757798;173;17/12/2025;1;5;0,4;4,8;23;1;340,29;1;490,93;490,93;205,0;1;1;0;106,0;644
C00609;1712,58;24;71,36;3727,2;0;0,01914573942906203;443;10/01/2026;0;14;0,5714285714285714;9,0;25;0;0,0;3;2039,38;679,7933333333334;119,0;2;2;0;93,0;680
C00610;2666,82;10;266,68;2992,23;0;0,08912416492047737;263;10/01/2026;0;8;0,25;0,875;6;0;0,0;5;5135,78;1027,156;108,0;0;0;0;;708
C00611;1947,18;10;194,72;2997,24;0;0,06496643578759126;173;28/01/2026;0;5;0,2;4,8;24;0;0,0;5;5697,41;1139,482;485,0;2;0;0;21,0;689
C00613;3601,8;12;300,15;2664,44;0;0,11265031301136448;323;21/01/2026;0;10;0,6;9,2;26;0;0,0;6;7924,86;1320,81;218,0;1;1;0;36,0;582
C00614;380,0;10;38,0;1820,8;0;0,020869947275922673;293;16/08/2025;1;9;0,3333333333333333;0,8888888888888888;5;0;0,0;2;3066,18;1533,09;147,0;0;0;0;;743
C00616;1498,98;18;83,28;1641,76;0;0,05072605009258357;503;16/01/2026;1;16;0,6875;8,1875;26;0;0,0;2;1576,4;788,2;153,0;3;2;0;128,0;559
C00617;2159,38;18;119,97;2204,88;0;0,05441112441493414;143;02/02/2026;0;4;0,0;0,0;0;0;0,0;1;931,25;931,25;52,0;1;0;0;98,0;858
C00618;2017,13;12;168,09;2455,51;0;0,06845421114147367;353;23/06/2025;0;11;0,36363636363636365;4,181818181818182;16;0;0,0;4;3165,03;791,2575;45,0;2;1;0;39,0;639
C00619;9619,97;6;1603,33;2250,57;0;0,7124106337505609;173;10/12/2025;1;5;1,0;15,4;21;0;0,0;2;1169,0;584,5;186,0;2;2;0;64,0;274
C00620;1850,14;12;154,18;2798,58;0;0,05509222534285245;353;16/07/2025;0;11;0,45454545454545453;7,363636363636363;26;0;0,0;1;1556,59;1556,59;693,0;2;1;0;48,0;603
C00621;1801,91;24;75,08;3587,41;0;0,02092874803827831;83;02/02/2026;0;2;0,5;5,0;10;0;0,0;2;1439,36;719,68;192,0;0;0;0;;548
C00622;1045,72;6;174,29;2673,72;0;0,06518633215145939;143;31/01/2026;1;4;0,25;0,5;2;0;0,0;2;5276,79;2638,395;190,0;0;0;0;;597
C00623;1370,12;12;114,18;2953,83;0;0,03865489889397833;353;01/11/2025;0;11;0,2727272727272727;0,2727272727272727;1;0;0,0;2;1566,56;783,28;491,0;0;0;0;;723
C00625;4938,22;12;411,52;3223,88;0;0,12764743104582055;323;11/01/2026;0;10;0,8;10,7;25;0;0,0;5;2486,79;497,358;18,0;0;0;0;;573
C00626;1632,76;18;90,71;3677,64;0;0,02466527446949674;443;09/01/2026;0;14;0,5;3,857142857142857;26;0;0,0;7;6211,46;887,3514285714285;320,0;0;0;0;;675
C00627;1520,73;24;63,36;1604,27;0;0,03949459878948058;503;18/01/2026;0;16;0,6875;10,6875;25;0;0,0;0;0,0;;;2;1;0;95,0;661
C00628;1230,39;18;68,36;4295,44;0;0,015914551245041254;443;29/01/2026;0;14;0,35714285714285715;2,5714285714285716;17;0;0,0;1;363,02;363,02;632,0;3;1;0;42,0;684
C00629;2835,57;12;236,3;3945,26;0;0,05989465840020683;83;27/01/2026;1;2;0,5;0,5;1;0;0,0;1;505,88;505,88;906,0;0;0;0;;797
C00630;2554,48;10;255,45;5423,9;0;0,0470971072475525;143;08/01/2026;0;4;0,25;1,25;5;0;0,0;4;4250,45;1062,6125;116,0;0;0;0;;621
C00632;3772,64;24;157,19;2442,38;0;0,06435935440021617;353;31/01/2026;0;11;0,5454545454545454;5,181818181818182;24;0;0,0;2;1340,5800000000002;670,2900000000001;207,0;0;0;0;;764
C00633;422,52;6;70,42;2802,31;0;0,025129268353608274;173;08/05/2025;0;5;0,4;7,8;22;0;0,0;0;0,0;;;0;0;0;;641
C00634;1517,5;18;84,31;3119,98;0;0,027022609119289227;533;14/12/2025;0;17;0,11764705882352941;0,23529411764705882;2;0;0,0;3;847,72;282,5733333333333;272,0;0;0;0;;637
C00636;1020,48;18;56,69;2300,88;0;0,02463839922116755;323;29/01/2026;1;10;0,5;4,0;23;0;0,0;3;3565,0299999999997;1188,3433333333332;184,0;1;1;0;2,0;688
C00637;4743,14;6;790,52;900,0;0;0,8783555555555556;173;02/03/2025;1;5;1,0;16,6;23;1;790,52;1;947,71;947,71;50,0;0;0;0;;398
C00638;1435,68;18;79,76;3511,03;0;0,022716980487207456;323;20/01/2026;0;10;0,3;0,9;6;0;0,0;2;2663,09;1331,545;526,0;0;0;0;;759
C00639;2543,93;6;423,99;1734,71;0;0,24441549307953492;173;24/12/2025;1;5;0,6;7,0;18;0;0,0;3;3580,42;1193,4733333333334;35,0;1;0;0;111,0;755
C00640;2551,61;24;106,32;1966,43;0;0,054067523379932154;83;08/01/2026;0;2;0,0;0,0;0;0;0,0;1;1705,5;1705,5;423,0;0;0;0;;553
C00641;3585,2;24;149,38;2285,13;0;0,0653704603239203;443;31/01/2026;0;14;0,5;3,4285714285714284;19;0;0,0;4;3125,08;781,27;171,0;1;1;0;99,0;684
C00642;1500,87;24;62,54;2236,1;0;0,027968337730870714;83;05/02/2026;0;2;0,5;10,0;20;0;0,0;3;1757,31;585,77;291,0;0;0;0;;645
C00643;1529,23;10;152,92;2662,01;0;0,057445313879361824;293;02/07/2025;0;9;0,1111111111111111;0,2222222222222222;2;0;0,0;4;4521,05;1130,2625;63,0;1;0;0;268,0;751
C00644;1632,11;10;163,21;3118,8;0;0,05233102475311017;293;20/06/2025;1;9;0,2222222222222222;1,8888888888888888;15;0;0,0;0;0,0;;;0;0;0;;549
C00645;2744,87;10;274,49;3322,9;0;0,08260555538836559;203;29/01/2026;0;6;0,16666666666666666;0,3333333333333333;2;0;0,0;5;7266,67;1453,334;494,0;0;0;0;;653
C00646;1232,52;24;51,36;1701,36;0;0,030187614614191;323;17/01/2026;0;10;0,4;4,5;22;0;0,0;0;0,0;;;3;3;0;115,0;710
C00647;1635,72;6;272,62;2037,65;0;0,13379137732191496;173;27/10/2025;0;5;0,6;5,2;23;0;0,0;2;1650,01;825,005;394,0;0;0;0;;786
C00648;1916,49;18;106,47;3042,21;0;0,03499758399321546;263;21/01/2026;1;8;0,625;3,75;16;0;0,0;3;2670,57;890,19;268,0;1;0;0;30,0;681
C00649;2571,98;10;257,2;1946,28;0;0,13214953655178083;203;20/01/2026;0;6;0,5;4,166666666666667;20;0;0,0;8;7397,37;924,67125;163,0;0;0;0;;525
C00650;1890,68;12;157,56;5013,16;0;0,03142927813993569;353;02/11/2025;0;11;0,18181818181818182;0,18181818181818182;1;0;0,0;1;647,22;647,22;691,0;0;0;0;;749
C00651;3172,53;12;264,38;3652,1;0;0,07239122696530763;353;29/01/2026;0;11;0,18181818181818182;0,36363636363636365;2;0;0,0;3;1064,78;354,9266666666667;114,0;0;0;0;;716
C00652;2808,37;12;234,03;2580,37;0;0,09069629549250689;173;09/01/2026;0;5;0,6;8,4;24;0;0,0;2;1407,73;703,865;523,0;1;0;0;154,0;529
C00653;2894,55;12;241,21;917,25;0;0,26297083674025623;353;17/11/2025;1;11;0,8181818181818182;11,090909090909092;20;0;0,0;2;1328,26;664,13;157,0;2;1;0;3,0;600
C00655;415,9;12;34,66;2674,19;0;0,012960933965051097;293;01/02/2026;1;9;0,4444444444444444;4,777777777777778;22;0;0,0;4;2608,8999999999996;652,2249999999999;118,0;0;0;0;;679
C00656;2661,62;18;147,87;2310,65;0;0,06399497976759787;113;15/01/2026;0;3;0,0;0,0;0;0;0,0;2;2445,08;1222,54;221,0;1;1;0;6,0;727
C00657;5709,06;6;951,51;3005,13;0;0,31662856515358734;173;17/02/2025;1;5;1,0;15,2;23;0;0,0;1;1292,9;1292,9;695,0;0;0;0;;507
C00658;749,08;12;62,42;2330,16;0;0,026787860061111685;263;16/01/2026;0;8;0,5;1,875;11;0;0,0;7;5703,45;814,7785714285714;53,0;0;0;0;;759
C00659;1233,8;12;102,82;2753,56;0;0,03734075160882639;233;15/01/2026;1;7;0,7142857142857143;5,285714285714286;17;0;0,0;0;0,0;;;2;0;0;89,0;866
C00660;3206,71;6;534,45;2212,06;0;0,24160737050532086;173;23/12/2024;1;5;0,8;12,8;23;1;534,45;2;2634,2000000000003;1317,1000000000001;687,0;0;0;0;;703
C00661;2037,11;10;203,71;2476,27;0;0,08226485803244396;293;24/06/2025;1;9;0,4444444444444444;5,666666666666667;23;0;0,0;2;1154,95;577,475;123,0;0;0;0;;694
C00662;863,37;10;86,34;3939,3;0;0,02191759957352829;293;25/08/2025;0;9;0,2222222222222222;2,4444444444444446;20;0;0,0;2;3843,73;1921,865;561,0;0;0;0;;705
C00663;1020,32;10;102,03;3385,45;0;0,03013779556632058;293;30/04/2025;0;9;0,0;0,0;0;0;0,0;1;389,47;389,47;262,0;0;0;0;;744
C00664;1815,5;6;302,58;1850,51;0;0,16351168056373647;173;19/11/2025;0;5;0,4;5,2;24;0;0,0;0;0,0;;;1;0;0;123,0;745
C00665;1362,77;24;56,78;3287,32;0;0,01727242860445591;293;06/02/2026;0;9;0,2222222222222222;0,3333333333333333;2;0;0,0;1;1091,64;1091,64;862,0;1;0;0;194,0;776
C00666;1426,19;10;142,62;2375,98;0;0,06002575779257401;293;02/10/2025;1;9;0,4444444444444444;1,3333333333333333;8;0;0,0;4;3432,95;858,2375;572,0;4;2;0;4,0;614
C00667;3456,27;10;345,63;3475,53;0;0,0994467030927657;203;27/01/2026;0;6;0,16666666666666666;0,8333333333333334;5;0;0,0;2;4740,62;2370,31;488,0;0;0;0;;773
C00668;2232,06;24;93,0;3809,99;0;0,024409512885860594;593;29/01/2026;1;19;0,42105263157894735;5,315789473684211;20;0;0,0;3;3604,77;1201,59;96,0;0;0;0;;576
C00669;5539,26;12;461,6;5832,26;0;0,0791459914338524;353;16/06/2025;0;11;0,5454545454545454;4,636363636363637;23;1;461,6;4;3748,95;937,2375;55,0;0;0;0;;830
C00670;1161,02;24;48,38;2450,15;0;0,019745729853274288;293;10/01/2026;0;9;0,4444444444444444;4,444444444444445;23;0;0,0;7;5800,18;828,5971428571429;40,0;1;0;0;175,0;683
C00671;3437,27;12;286,44;2035,42;0;0,14072771221664324;353;10/01/2026;1;11;0,36363636363636365;2,6363636363636362;24;0;0,0;1;959,11;959,11;268,0;0;0;0;;672
C00672;1273,73;24;53,07;5771,23;0;0,0091956134134318;533;23/01/2026;1;17;0,5294117647058824;9,235294117647058;26;1;53,07;0;0,0;;;3;2;0;59,0;622
C00673;3723,33;12;310,28;3500,66;0;0,08863471459667605;83;13/01/2026;0;2;0,0;0,0;0;0;0,0;4;2780,77;695,1925;242,0;0;0;0;;704
C00675;3660,69;12;305,06;1805,87;0;0,1689268884249697;233;30/01/2026;1;7;0,8571428571428571;8,0;16;0;0,0;2;1115,1100000000001;557,5550000000001;55,0;1;1;0;198,0;540
C00676;2197,78;12;183,15;2165,32;0;0,08458334103042506;233;27/01/2026;1;7;0,7142857142857143;10,285714285714286;25;0;0,0;0;0,0;;;1;1;0;88,0;527
C00677;1929,24;12;160,77;4277,94;0;0,037581172246455075;113;12/01/2026;0;3;0,3333333333333333;0,6666666666666666;2;0;0,0;1;1459,6;1459,6;299,0;1;0;0;91,0;663
C00678;1285,11;24;53,55;3754,77;0;0,014261858915459535;563;16/01/2026;0;18;0,2222222222222222;1,5555555555555556;15;0;0,0;3;3977,39;1325,7966666666666;70,0;0;0;0;;733
C00679;1423,85;12;118,65;2197,69;0;0,053988506113237085;353;10/09/2025;1;11;0,2727272727272727;2,0;17;0;0,0;2;549,59;274,795;407,0;1;0;0;76,0;808
C00680;1029,06;24;42,88;1986,22;0;0,021588746463130973;383;04/02/2026;0;12;0,16666666666666666;0,25;2;0;0,0;3;2289,38;763,1266666666667;409,0;0;0;0;;759
C00681;1465,01;24;61,04;1328,04;0;0,04596247100990934;233;20/01/2026;0;7;0,2857142857142857;0,42857142857142855;2;0;0,0;2;1436,53;718,265;236,0;0;0;0;;690
C00682;2418,64;18;134,37;1528,45;0;0,08791259118715038;293;09/01/2026;0;9;0,1111111111111111;0,2222222222222222;2;0;0,0;2;2205,77;1102,885;22,0;1;0;0;23,0;829
C00683;1194,93;12;99,58;3428,58;0;0,029044094056431526;353;10/06/2025;0;11;0,45454545454545453;6,545454545454546;19;0;0,0;3;1661,32;553,7733333333333;81,0;3;0;0;101,0;575
C00684;960,48;10;96,05;3719,64;0;0,025822391414222882;293;18/05/2025;1;9;0,3333333333333333;0,7777777777777778;3;0;0,0;1;390,53;390,53;104,0;0;0;0;;643
C00685;753,03;10;75,3;4271,24;0;0,017629540835916502;83;02/02/2026;1;2;0,5;1,0;2;0;0,0;8;6953,08;869,135;346,0;0;0;0;;898
C00687;1242,65;12;103,55;2581,58;0;0,04011109475592466;323;20/01/2026;0;10;0,5;6,4;24;0;0,0;7;7108,12;1015,4457142857143;269,0;2;2;0;134,0;641
C00688;1610,25;12;134,19;2722,61;0;0,04928726479370898;353;01/10/2025;1;11;0,2727272727272727;0,2727272727272727;1;0;0,0;6;6236,97;1039,4950000000001;51,0;1;0;0;5,0;758
C00689;1984,32;12;165,36;1789,87;0;0,09238659790934539;353;14/07/2025;1;11;0,6363636363636364;1,0909090909090908;2;0;0,0;2;1011,47;505,735;95,0;0;0;0;;873
C00691;906,36;12;75,53;1389,62;0;0,05435298858680791;323;30/01/2026;1;10;0,5;3,1;24;0;0,0;1;500,06;500,06;855,0;0;0;0;;696
C00692;2556,59;6;426,1;1747,14;0;0,24388429089826802;143;14/01/2026;1;4;0,0;0,0;0;0;0,0;2;1453,92;726,96;795,0;1;1;0;22,0;677
C00693;1441,46;10;144,15;1890,84;0;0,07623595862156503;293;14/08/2025;0;9;0,1111111111111111;0,1111111111111111;1;0;0,0;3;5709,63;1903,21;284,0;1;0;0;85,0;710
C00694;1530,82;6;255,14;2305,49;0;0,11066627918576963;173;13/03/2025;0;5;0,4;1,4;6;0;0,0;4;1418,99;354,7475;317,0;0;0;0;;807
C00695;3934,46;6;655,74;3106,49;0;0,21108711117692316;173;18/12/2025;1;5;1,0;15,6;25;1;655,74;5;9810,8;1962,1599999999999;24,0;1;0;0;14,0;416
C00696;5218,68;10;521,87;1956,9;0;0,26668199703612855;233;04/02/2026;1;7;0,8571428571428571;11,142857142857142;25;1;521,87;0;0,0;;;3;1;0;144,0;404
C00697;1223,95;10;122,4;2607,22;0;0,04694655610190165;293;29/05/2025;1;9;0,4444444444444444;5,444444444444445;17;0;0,0;2;570,21;285,105;33,0;1;0;0;183,0;813
C00698;1556,48;18;86,47;5097,38;0;0,016963616603039206;353;25/01/2026;0;11;0,18181818181818182;0,18181818181818182;1;0;0,0;4;1401,6999999999998;350,42499999999995;98,0;1;1;0;151,0;858
C00699;1898,42;18;105,47;3442,11;0;0,03064108933183425;413;01/02/2026;0;13;0,23076923076923078;2,1538461538461537;25;0;0,0;1;544,1;544,1;837,0;0;0;0;;733
C00700;744,96;10;74,5;2333,74;0;0,03192300770437153;143;27/01/2026;0;4;0,25;0,25;1;0;0,0;1;1071,37;1071,37;845,0;0;0;0;;650
C00701;948,87;18;52,72;2283,74;0;0,023084939616593834;173;22/01/2026;1;5;0,2;0,4;2;0;0,0;6;5499,139999999999;916,5233333333332;53,0;0;0;0;;632
C00702;2095,43;10;209,54;3407,75;0;0,061489252439292784;143;16/01/2026;1;4;0,0;0,0;0;0;0,0;1;182,22;182,22;790,0;1;1;0;55,0;587
C00704;1440,1;12;120,01;2738,23;0;0,04382758205117905;353;15/11/2025;1;11;0,7272727272727273;6,181818181818182;21;0;0,0;3;7316,29;2438,7633333333333;135,0;1;0;0;3,0;631
C00705;826,57;10;82,66;2854,18;0;0,028961032590796656;293;17/06/2025;0;9;0,3333333333333333;3,111111111111111;25;0;0,0;2;877,13;438,565;180,0;1;0;0;197,0;750
C00706;1839,97;10;184,0;1867,38;0;0,09853377459328042;83;26/01/2026;0;2;0,5;1,0;2;0;0,0;3;1280,47;426,8233333333333;295,0;1;0;0;32,0;598
C00707;3490,74;24;145,45;3035,8;0;0,047911588378681064;263;14/01/2026;1;8;0,625;9,25;23;0;0,0;1;526,21;526,21;320,0;0;0;0;;597
C00708;1633,2;10;163,32;4705,66;0;0,03470713991236086;113;15/01/2026;1;3;0,3333333333333333;5,0;15;0;0,0;0;0,0;;;0;0;0;;850
C00709;2234,4;6;372,4;1535,59;0;0,2425126498609655;173;20/01/2025;1;5;0,8;12,2;21;0;0,0;2;352,92;176,46;453,0;3;2;0;122,0;486
C00710;704,4;10;70,44;4505,78;0;0,01563325328799897;293;06/01/2026;0;9;0,6666666666666666;2,6666666666666665;10;0;0,0;0;0,0;;;1;1;0;92,0;659
C00711;1222,23;12;101,85;2870,51;0;0,03548149980317086;233;28/01/2026;0;7;0,0;0,0;0;0;0,0;9;7120,77;791,1966666666667;185,0;2;1;0;16,0;607
C00712;1249,8;12;104,15;1587,63;0;0,0656009271681689;353;12/07/2025;0;11;0,09090909090909091;0,18181818181818182;2;0;0,0;2;986,18;493,09;340,0;0;0;0;;857
C00713;4743,46;18;263,53;3266,69;0;0,08067187275192932;533;26/12/2025;1;17;0,5882352941176471;9,411764705882353;26;0;0,0;7;7501,44;1071,6342857142856;13,0;0;0;0;;654
C00714;3221,02;12;268,42;2301,17;0;0,11664501101613528;353;26/01/2026;0;11;0,2727272727272727;0,36363636363636365;2;0;0,0;3;3388,26;1129,42;149,0;0;0;0;;860
C00715;6340,07;12;528,34;3441,51;0;0,15351982124125746;353;03/10/2025;0;11;0,18181818181818182;0,36363636363636365;2;0;0,0;2;1627,72;813,86;803,0;0;0;0;;732
C00716;3806,51;6;634,42;3232,57;0;0,19625870437453788;173;24/01/2026;1;5;0,6;5,6;23;1;634,42;2;3528,6800000000003;1764,3400000000001;39,0;0;0;0;;798
C00717;5569,56;18;309,42;4872,92;0;0,06349786165174064;533;05/12/2025;1;17;0,6470588235294118;8,0;26;0;0,0;2;745,78;372,89;386,0;2;2;0;124,0;611
C00718;3715,43;6;619,24;3740,99;0;0,16552837617849822;173;31/01/2025;0;5;0,4;1,4;5;0;0,0;3;2556,5;852,1666666666666;151,0;0;0;0;;695
C00719;1549,9;10;154,99;1740,93;0;0,08902712917808298;293;03/02/2026;0;9;0,6666666666666666;10,555555555555555;26;1;154,99;0;0,0;;;2;2;0;1,0;554
C00720;1863,7;24;77,65;1581,76;0;0,04909088610155776;263;18/01/2026;0;8;0,625;5,875;24;0;0,0;1;853,15;853,15;156,0;1;0;0;128,0;796
C00721;3710,1;18;206,12;1252,9;0;0,16451432676191236;353;05/02/2026;1;11;0,18181818181818182;0,2727272727272727;2;0;0,0;7;8210,4;1172,9142857142856;10,0;0;0;0;;794
C00722;2207,08;24;91,96;1539,31;0;0,059741052809375625;233;26/01/2026;1;7;0,8571428571428571;9,857142857142858;25;0;0,0;1;184,84;184,84;803,0;0;0;0;;614
C00723;2087,65;12;173,97;7020,34;0;0,0247808510698912;353;25/08/2025;0;11;0,0;0,0;0;0;0,0;3;5612,3;1870,7666666666667;99,0;2;0;0;41,0;897
C00724;3036,93;6;506,16;2035,8;0;0,2486295313881521;173;02/08/2025;1;5;1,0;13,8;23;1;506,16;1;461,39;461,39;278,0;3;3;0;109,0;529
C00725;2060,73;18;114,48;2203,62;0;0,05195088082337246;83;23/01/2026;1;2;0,5;0,5;1;0;0,0;1;339,38;339,38;779,0;2;1;0;34,0;655
C00726;1199,07;12;99,92;2550,33;0;0,039179243470452846;353;02/12/2025;0;11;0,45454545454545453;1,9090909090909092;14;0;0,0;3;4183,86;1394,62;129,0;0;0;0;;703
C00727;1151,74;6;191,96;2238,57;0;0,08575117150681015;173;11/11/2025;1;5;0,6;11,0;22;0;0,0;0;0,0;;;0;0;0;;580
C00728;1462,78;12;121,9;5481,3;0;0,022239249813000565;353;11/11/2025;0;11;0,5454545454545454;1,0909090909090908;4;0;0,0;0;0,0;;;1;0;0;126,0;844
C00729;2024,74;12;168,73;2727,57;0;0,06186092382596963;353;08/11/2025;0;11;0,45454545454545453;3,272727272727273;23;0;0,0;2;1565,95;782,975;191,0;2;1;0;36,0;596
C00730;1443,31;10;144,33;3623,86;0;0,03982769753798436;263;20/01/2026;1;8;0,875;7,0;19;0;0,0;0;0,0;;;1;0;0;68,0;633
C00731;1144,84;18;63,6;5718,63;0;0,011121544845531186;263;14/01/2026;1;8;0,375;6,25;22;0;0,0;9;7120,77;791,1966666666667;171,0;1;0;0;4,0;703
C00732;5795,98;18;322,0;5817,14;0;0,055353661765059806;143;03/02/2026;0;4;0,25;0,5;2;0;0,0;5;3789,17;757,8340000000001;306,0;0;0;0;;831
C00734;2330,56;24;97,11;3899,66;0;0,024902170958493817;533;08/01/2026;0;17;0,35294117647058826;2,764705882352941;20;0;0,0;2;2614,74;1307,37;103,0;0;0;0;;845
C00735;2351,73;18;130,65;4448,12;0;0,029371959389584815;293;29/01/2026;1;9;0,6666666666666666;10,333333333333334;26;0;0,0;4;4502,12;1125,53;269,0;2;0;0;3,0;585
C00736;2860,94;18;158,94;2089,52;0;0,07606531643631073;203;30/01/2026;0;6;0,8333333333333334;11,666666666666666;22;0;0,0;0;0,0;;;1;0;0;138,0;695
C00737;1748,38;10;174,84;4948,58;0;0,03533134757849727;293;21/12/2025;1;9;0,5555555555555556;7,555555555555555;26;0;0,0;0;0,0;;;1;1;0;45,0;602
C00738;2447,95;24;102,0;1900,21;0;0,053678277664047654;203;26/01/2026;0;6;0,3333333333333333;6,833333333333333;22;0;0,0;0;0,0;;;0;0;0;;596
C00739;2587,48;24;107,81;2273,96;0;0,04741068444475716;83;17/01/2026;1;2;1,0;10,5;17;0;0,0;2;875,18;437,59;122,0;0;0;0;;546
C00740;638,37;18;35,47;3111,3;0;0,011400379262687622;323;13/01/2026;0;10;0,2;3,0;20;0;0,0;4;4285,16;1071,29;100,0;3;3;0;82,0;843
C00741;823,88;24;34,33;2888,66;0;0,011884403148864872;413;03/02/2026;0;13;0,3076923076923077;2,6153846153846154;23;0;0,0;1;807,04;807,04;465,0;0;0;0;;734
C00742;2880,1;24;120,0;1296,7;0;0,09254260815917328;83;06/02/2026;0;2;1,0;4,0;7;0;0,0;3;4069,79;1356,5966666666666;192,0;0;0;0;;919
C00743;3522,97;12;293,58;6184,17;0;0,04747282173678925;353;30/01/2026;1;11;0,2727272727272727;2,272727272727273;23;0;0,0;1;842,25;842,25;755,0;3;0;0;13,0;662
C00744;2580,35;18;143,35;2973,15;0;0,04821485629719321;203;24/01/2026;0;6;0,16666666666666666;1,5;9;0;0,0;1;938,36;938,36;344,0;0;0;0;;687
C00745;1163,8;18;64,66;2714,98;0;0,023816013377630774;233;05/02/2026;1;7;0,2857142857142857;0,42857142857142855;2;0;0,0;1;654,44;654,44;158,0;3;2;0;44,0;657
C00746;1250,35;12;104,2;2710,59;0;0,038441815250554304;353;29/06/2025;1;11;0,6363636363636364;2,0;10;0;0,0;2;1600,06;800,03;393,0;0;0;0;;694
C00747;1709,34;10;170,93;2434,11;0;0,07022279190340618;293;26/10/2025;0;9;0,5555555555555556;3,7777777777777777;17;0;0,0;5;4509,9400000000005;901,988;47,0;3;1;0;124,0;672
C00750;2533,93;10;253,39;5928,2;0;0,04274315981242198;293;20/11/2025;1;9;0,7777777777777778;9,333333333333334;18;0;0,0;5;5706,49;1141,298;103,0;4;3;0;51,0;438
C00751;1819,93;18;101,11;5175,11;0;0,01953774895606084;473;29/01/2026;0;15;0,06666666666666667;0,06666666666666667;1;0;0,0;4;4092,31;1023,0775;60,0;1;0;0;247,0;878
C00753;1492,54;10;149,25;1729,62;0;0,08629063031186042;293;16/12/2025;0;9;0,3333333333333333;3,2222222222222223;22;0;0,0;2;1297,6;648,8;320,0;0;0;0;;695
C00755;1483,51;10;148,35;3364,98;0;0,044086443307241055;173;14/01/2026;0;5;0,6;1,0;2;0;0,0;1;477,57;477,57;268,0;3;3;0;38,0;681
C00756;2814,81;10;281,48;3411,61;0;0,08250649986370072;293;12/07/2025;0;9;0,5555555555555556;5,333333333333333;15;0;0,0;1;359,31;359,31;744,0;2;2;0;5,0;657
C00757;1948,59;12;162,38;2279,77;0;0,07122648337332274;83;30/01/2026;1;2;0,5;3,0;6;0;0,0;0;0,0;;;1;0;0;80,0;686
C00758;825,12;12;68,76;2419,99;0;0,028413340550994017;353;07/08/2025;1;11;0,7272727272727273;11,363636363636363;23;0;0,0;2;1802,94;901,47;275,0;1;1;0;166,0;542
C00759;3871,6;12;322,63;2324,11;0;0,13881873061085748;353;01/07/2025;1;11;0,7272727272727273;8,090909090909092;18;0;0,0;1;525,4;525,4;864,0;2;0;0;191,0;696
C00760;610,72;6;101,79;1826,85;0;0,05571886033336071;173;03/08/2025;0;5;0,2;0,2;1;0;0,0;0;0,0;;;0;0;0;;736
C00761;2261,38;18;125,63;1700,23;0;0,07389000311722531;143;19/01/2026;0;4;0,5;0,75;2;0;0,0;4;4489,91;1122,4775;199,0;2;0;0;31,0;736
C00762;2388,85;10;238,88;2796,16;0;0,0854314488441291;293;03/12/2025;1;9;0,5555555555555556;5,888888888888889;22;0;0,0;4;7412,030000000001;1853,0075000000002;233,0;1;1;0;36,0;627
C00763;734,85;24;30,62;2182,19;0;0,01403177541827247;83;29/01/2026;0;2;1,0;13,0;24;0;0,0;2;2483,28;1241,64;59,0;1;1;0;66,0;794
C00764;1348,89;6;224,82;2640,8;0;0,08513329294153286;173;09/12/2025;1;5;0,2;1,8;9;0;0,0;3;7320,03;2440,0099999999998;138,0;0;0;0;;653
C00765;2241,8;10;224,18;2837,07;0;0,07901814195631408;293;02/08/2025;0;9;0,3333333333333333;3,7777777777777777;25;0;0,0;4;5463,95;1365,9875;78,0;1;0;0;88,0;753
C00768;1065,38;12;88,78;2668,1;0;0,03327461489449421;353;24/10/2025;0;11;0,18181818181818182;1,2727272727272727;13;0;0,0;0;0,0;;;0;0;0;;831
C00769;1800,15;24;75,01;2327,15;0;0,03223255913886084;263;13/01/2026;1;8;0,875;17,125;25;0;0,0;4;7326,61;1831,6525;141,0;0;0;0;;700
C00770;3268,02;10;326,8;2695,31;0;0,12124764869347125;143;09/01/2026;1;4;0,25;1,0;4;0;0,0;1;1412,74;1412,74;116,0;1;1;0;36,0;845
C00771;2359,84;12;196,65;1429,59;0;0,13755692191467486;353;16/10/2025;0;11;0,5454545454545454;9,454545454545455;26;0;0,0;2;3555,57;1777,785;189,0;1;1;0;54,0;614
C00772;1979,12;10;197,91;1601,02;0;0,12361494547226143;293;23/12/2025;1;9;0,4444444444444444;5,222222222222222;21;0;0,0;6;5052,45;842,0749999999999;27,0;2;1;0;95,0;627
C00773;1142,38;18;63,47;3100,46;0;0,020471155892996522;353;16/01/2026;1;11;0,45454545454545453;6,545454545454546;23;0;0,0;2;1595,25;797,625;441,0;0;0;0;;616
C00774;2535,15;12;211,26;2191,53;0;0,09639840659265443;263;24/01/2026;1;8;0,5;8,625;23;0;0,0;1;3201,1;3201,1;101,0;0;0;0;;712
C00775;2439,34;12;203,28;1900,93;0;0,10693713077283225;353;06/07/2025;0;11;0,36363636363636365;2,8181818181818183;24;0;0,0;2;1432,45;716,225;8,0;0;0;0;;708
C00776;1384,43;10;138,44;4886,89;0;0,028328855366091726;293;13/04/2025;0;9;0,1111111111111111;0,1111111111111111;1;0;0,0;4;2314,0299999999997;578,5074999999999;190,0;0;0;0;;729
C00777;4634,55;12;386,21;3323,13;0;0,11621874558022105;323;19/01/2026;0;10;0,6;10,8;26;1;386,21;4;2646,94;661,735;330,0;4;1;0;22,0;665
C00778;637,23;12;53,1;4532,77;0;0,011714691016751346;323;22/01/2026;0;10;0,5;2,4;17;0;0,0;0;0,0;;;1;0;0;71,0;781
C00779;3546,05;12;295,5;2931,66;0;0,10079613597756902;173;18/01/2026;1;5;1,0;14,0;26;0;0,0;5;3029,3199999999997;605,8639999999999;95,0;0;0;0;;551
C00781;1768,84;12;147,4;1606,56;0;0,0917488297978289;353;15/07/2025;0;11;0,45454545454545453;7,909090909090909;26;0;0,0;4;2526,23;631,5575;25,0;1;0;0;106,0;696
C00782;1775,98;12;148,0;3143,6;0;0,04707978114263901;203;06/02/2026;1;6;0,3333333333333333;4,0;16;0;0,0;3;1763,17;587,7233333333334;404,0;1;1;0;43,0;709
C00783;3653,32;24;152,22;1995,75;0;0,07627207816610297;473;10/01/2026;0;15;0,5333333333333333;2,6;16;0;0,0;1;595,0;595,0;749,0;0;0;0;;729
C00784;1010,46;24;42,1;2144,42;0;0,01963234814075601;233;29/01/2026;0;7;0,5714285714285714;8,857142857142858;26;0;0,0;1;271,39;271,39;94,0;1;0;0;169,0;739
C00785;850,62;10;85,06;2150,41;0;0,0395552476039453;293;10/07/2025;0;9;0,4444444444444444;5,555555555555555;21;0;0,0;1;448,99;448,99;336,0;2;0;0;133,0;564
C00786;2940,14;18;163,34;2252,18;0;0,07252528661119449;143;20/01/2026;1;4;0,25;1,0;4;0;0,0;5;1467,98;293,596;248,0;1;0;0;25,0;800
C00787;1589,19;10;158,92;3847,51;0;0,04130463598535156;293;10/12/2025;1;9;0,6666666666666666;4,222222222222222;20;0;0,0;3;1483,46;494,4866666666667;418,0;0;0;0;;643
C00788;1932,66;18;107,37;1689,81;0;0,06353968789390524;473;03/02/2026;0;15;0,06666666666666667;0,13333333333333333;2;0;0,0;4;2780,77;695,1925;263,0;1;0;0;210,0;687
C00789;834,07;10;83,41;2316,98;0;0,03599944755673333;293;10/10/2025;1;9;0,3333333333333333;3,111111111111111;20;0;0,0;3;1546,57;515,5233333333333;70,0;1;1;0;47,0;719
C00790;2730,08;6;455,01;4004,77;0;0,11361701171353161;173;20/12/2025;0;5;0,2;0,8;4;0;0,0;1;341,45;341,45;159,0;1;0;0;137,0;760
C00791;3809,85;6;634,98;3691,9;0;0,1719927408651372;173;27/01/2025;1;5;0,6;13,4;26;0;0,0;1;921,38;921,38;358,0;1;1;0;149,0;623
C00793;2650,24;12;220,85;3893,87;0;0,05671735317306433;353;14/12/2025;0;11;0,2727272727272727;3,5454545454545454;21;0;0,0;4;3152,13;788,0325;100,0;2;2;0;4,0;553
C00794;3470,66;24;144,61;1282,74;0;0,11273523862980808;83;12/01/2026;0;2;0,0;0,0;0;0;0,0;0;0,0;;;0;0;0;;664
C00795;1438,79;10;143,88;3087,34;0;0,04660322478249885;173;09/01/2026;1;5;0,4;4,6;19;0;0,0;2;2289,83;1144,915;696,0;0;0;0;;652
C00796;1452,92;10;145,29;5576,67;0;0,026053182275443947;293;22/11/2025;1;9;0,5555555555555556;6,777777777777778;21;0;0,0;0;0,0;;;0;0;0;;684
C00797;5581,97;10;558,2;3011,11;0;0,18538014220669455;293;03/11/2025;1;9;1,0;15,0;26;0;0,0;1;1232,55;1232,55;276,0;1;0;0;233,0;536
C00798;2599,85;10;259,98;3892,28;0;0,06679375584490324;233;11/01/2026;0;7;0,14285714285714285;0,14285714285714285;1;0;0,0;10;11897,55;1189,7549999999999;9,0;0;0;0;;783
C00800;877,14;18;48,73;2064,61;0;0,023602520572892697;143;21/01/2026;1;4;0,5;8,5;23;1;48,73;1;1594,21;1594,21;487,0;1;0;0;2,0;609
C00801;2050,88;12;170,91;1611,73;0;0,10604133446669106;203;19/01/2026;1;6;0,5;1,0;2;0;0,0;3;3061,39;1020,4633333333333;123,0;2;1;0;95,0;646
C00802;3674,97;18;204,16;6678,61;0;0,030569235215112126;293;29/01/2026;0;9;0,3333333333333333;2,111111111111111;16;0;0,0;8;6953,08;869,135;342,0;0;0;0;;960
C00803;1062,09;6;177,02;1459,34;0;0,12130141022654078;173;01/12/2025;1;5;0,8;10,4;25;0;0,0;1;1026,25;1026,25;876,0;1;0;0;32,0;694
C00804;1221,62;24;50,9;2107,81;0;0,024148286610273222;143;02/02/2026;0;4;0,25;0,25;1;0;0,0;8;6604,34;825,5425;18,0;1;0;0;65,0;736
C00805;1157,23;18;64,29;2907,03;0;0,022115354846699208;533;19/12/2025;0;17;0,17647058823529413;1,9411764705882353;22;0;0,0;11;5350,73;486,42999999999995;29,0;0;0;0;;895
C00807;2506,65;6;417,78;2116,73;0;0,1973704723795666;173;16/11/2025;1;5;0,6;11,8;22;0;0,0;4;3327,85;831,9625;407,0;1;1;0;68,0;552
C00808;4267,95;18;237,11;1542,92;0;0,1536761465273637;353;11/01/2026;0;11;0,8181818181818182;16,727272727272727;26;0;0,0;0;0,0;;;0;0;0;;675
C00809;2758,72;18;153,26;3829,92;0;0,040016501650165015;233;18/01/2026;0;7;0,42857142857142855;1,2857142857142858;6;0;0,0;5;2903,0499999999997;580,6099999999999;48,0;1;0;0;85,0;834
C00810;3315,86;24;138,16;2816,48;0;0,049054138499119465;263;18/01/2026;1;8;0,875;12,75;22;0;0,0;1;805,81;805,81;170,0;3;1;0;44,0;537
C00811;2687,59;10;268,76;2216,55;0;0,12125149443955696;293;03/01/2026;0;9;0,3333333333333333;4,888888888888889;25;0;0,0;1;1120,55;1120,55;814,0;0;0;0;;704
C00813;2317,41;12;193,12;3036,09;0;0,06360812755880095;353;16/01/2026;0;11;0,5454545454545454;2,909090909090909;25;0;0,0;2;801,69;400,845;30,0;1;1;0;208,0;781
C00814;1241,02;6;206,84;2189,8;0;0,09445611471367248;173;20/07/2025;0;5;0,4;0,6;2;0;0,0;1;156,36;156,36;26,0;0;0;0;;797
C00816;1550,05;12;129,17;2397,08;0;0,05388639511405543;353;03/11/2025;0;11;0,45454545454545453;5,818181818181818;23;0;0,0;1;1195,48;1195,48;99,0;1;1;0;22,0;735
C00817;2256,06;12;188,0;6587,84;0;0,028537426531306163;353;20/12/2025;0;11;0,8181818181818182;7,636363636363637;25;0;0,0;2;2504,1099999999997;1252,0549999999998;151,0;0;0;0;;438
C00818;740,55;12;61,71;2010,48;0;0,030694162588038677;113;15/01/2026;0;3;0,3333333333333333;0,6666666666666666;2;0;0,0;1;492,78;492,78;84,0;0;0;0;;830
C00819;1171,25;6;195,21;1993,27;0;0,09793454975994222;143;05/02/2026;0;4;0,5;9,75;23;0;0,0;1;187,45;187,45;596,0;1;0;0;130,0;692
C00820;954,41;24;39,77;3239,92;0;0,012274994444307267;533;10/01/2026;0;17;0,5294117647058824;4,529411764705882;16;0;0,0;1;520,49;520,49;71,0;1;1;0;22,0;907
C00821;2955,81;12;246,32;2477,75;0;0,09941277368580365;113;28/01/2026;1;3;0,3333333333333333;0,3333333333333333;1;0;0,0;2;1805,0300000000002;902,5150000000001;453,0;0;0;0;;686
C00823;728,29;12;60,69;2247,38;0;0,027004778898094668;143;29/01/2026;1;4;0,5;0,75;2;0;0,0;4;3802,1499999999996;950,5374999999999;179,0;1;1;0;99,0;558
C00824;639,54;18;35,53;3828,88;0;0,009279475982532752;443;11/01/2026;1;14;0,21428571428571427;2,7857142857142856;24;0;0,0;4;4413,75;1103,4375;111,0;0;0;0;;634
C00825;922,52;12;76,88;1593,17;0;0,048255992769133234;353;21/11/2025;0;11;0,5454545454545454;9,090909090909092;25;0;0,0;4;2283,32;570,83;301,0;3;2;0;8,0;573
C00826;3161,7;10;316,17;1904,52;0;0,16601033331233067;83;25/01/2026;0;2;0,5;1,0;2;0;0,0;2;1439,36;719,68;184,0;0;0;0;;645
C00827;997,55;24;41,56;3580,28;0;0,011608030656820137;113;22/01/2026;0;3;0,0;0,0;0;0;0,0;0;0,0;;;1;1;0;73,0;807
C00829;1031,5;6;171,92;3517,97;0;0,048869092118466045;83;31/01/2026;1;2;1,0;12,0;23;1;171,92;1;534,19;534,19;436,0;0;0;0;;675
C00830;3351,57;6;558,6;1993,82;0;0,28016571205023527;173;27/01/2026;1;5;0,2;2,4;12;0;0,0;1;462,32;462,32;399,0;1;1;0;148,0;689
C00831;2207,31;18;122,63;3688,12;0;0,03325000271140852;533;02/02/2026;0;17;0,5294117647058824;8,647058823529411;26;0;0,0;2;1208,9;604,45;849,0;1;1;0;100,0;586
C00832;957,8;10;95,78;3200,58;0;0,029925825944047642;83;08/01/2026;0;2;0,0;0,0;0;0;0,0;3;1554,52;518,1733333333333;309,0;0;0;0;;638
C00834;1865,96;18;103,66;1940,52;0;0,05341867128398573;263;09/01/2026;0;8;0,0;0,0;0;0;0,0;4;4247,55;1061,8875;141,0;1;1;0;187,0;845
C00835;1640,44;10;164,04;3786,0;0;0,043328050713153723;293;28/05/2025;1;9;0,7777777777777778;5,333333333333333;23;1;164,04;2;840,1500000000001;420,07500000000005;179,0;0;0;0;;498
C00836;1903,04;10;190,3;2363,38;0;0,08052027181409677;143;24/01/2026;1;4;0,25;0,25;1;0;0,0;3;2616,8100000000004;872,2700000000001;88,0;0;0;0;;694
C00837;2154,74;10;215,47;3383,19;0;0,06368841241550134;173;02/02/2026;0;5;0,4;4,4;21;0;0,0;2;1920,42;960,21;494,0;0;0;0;;758
C00838;1884,17;18;104,68;2100,72;0;0,04983053429300431;413;18/01/2026;0;13;0,6153846153846154;6,615384615384615;25;0;0,0;1;404,6;404,6;741,0;1;0;0;115,0;719
C00839;959,22;10;95,92;3783,59;0;0,025351584077555972;83;30/01/2026;0;2;0,0;0,0;0;0;0,0;3;3523,84;1174,6133333333335;262,0;0;0;0;;870
C00840;2741,07;18;152,28;1388,66;0;0,10965967191393142;113;24/01/2026;0;3;0,6666666666666666;1,0;2;0;0,0;3;2010,9;670,3000000000001;48,0;1;0;0;48,0;676
C00841;1452,59;18;80,7;1581,52;0;0,0510268602357226;143;25/01/2026;0;4;0,75;14,75;23;0;0,0;0;0,0;;;2;2;0;8,0;719
C00842;2863,97;10;286,4;3683,28;0;0,07775678199865337;293;09/10/2025;1;9;0,6666666666666666;12,666666666666666;26;0;0,0;3;2150,78;716,9266666666667;42,0;0;0;0;;758
C00843;3355,08;10;335,51;1824,01;0;0,18394087751711888;293;26/05/2025;0;9;0,5555555555555556;8,777777777777779;24;0;0,0;1;985,83;985,83;794,0;1;0;0;73,0;637
C00844;1327,94;18;73,77;3013,06;0;0,024483415531054806;323;28/01/2026;1;10;0,3;2,5;23;0;0,0;3;2647,6000000000004;882,5333333333334;231,0;0;0;0;;809
C00847;1408,41;18;78,24;2323,21;0;0,033677540988546015;473;27/01/2026;1;15;0,7333333333333333;8,666666666666666;24;0;0,0;1;327,1;327,1;664,0;1;0;0;122,0;565
C00848;855,75;12;71,31;3290,14;0;0,021673849744995654;203;10/01/2026;0;6;0,3333333333333333;0,3333333333333333;1;0;0,0;6;5704,41;950,735;64,0;0;0;0;;732
C00849;937,42;18;52,08;3638,11;0;0,01431512516114136;233;16/01/2026;1;7;0,14285714285714285;0,14285714285714285;1;0;0,0;1;1166,94;1166,94;176,0;0;0;0;;741
C00850;864,96;18;48,05;2090,62;0;0,022983612516861027;413;21/01/2026;1;13;0,6923076923076923;6,6923076923076925;23;0;0,0;1;266,0;266,0;89,0;2;1;0;136,0;446
C00852;3078,95;6;513,16;3500,37;0;0,14660164496896042;173;19/05/2025;0;5;0,4;5,6;26;0;0,0;1;844,71;844,71;332,0;0;0;0;;689
C00853;879,29;10;87,93;3475,4;0;0,025300684813258905;263;19/01/2026;1;8;0,375;1,375;7;0;0,0;1;1331,5;1331,5;328,0;0;0;0;;525
C00854;891,37;12;74,28;3973,07;0;0,018695869944400676;353;05/10/2025;0;11;0,18181818181818182;0,2727272727272727;2;0;0,0;2;4684,7;2342,35;126,0;1;0;0;295,0;636
C00855;876,62;10;87,66;5676,74;0;0,015441961407427502;293;22/09/2025;0;9;0,1111111111111111;0,2222222222222222;2;0;0,0;1;498,13;498,13;667,0;1;0;0;277,0;825
C00856;1607,85;10;160,78;2747,47;0;0,058519292294365366;293;23/11/2025;0;9;0,3333333333333333;0,5555555555555556;2;0;0,0;0;0,0;;;1;0;0;242,0;824
C00857;4116,29;12;343,02;3034,99;0;0,11302178919864646;83;25/01/2026;0;2;0,5;0,5;1;0;0,0;3;2709,64;903,2133333333333;47,0;0;0;0;;862
C00858;2920,14;12;243,34;3871,39;0;0,06285597679386475;323;14/01/2026;1;10;0,5;3,1;12;0;0,0;3;3577,59;1192,53;48,0;0;0;0;;728
C00859;2584,96;24;107,71;2294,72;0;0,046938188537163576;113;17/01/2026;1;3;1,0;9,666666666666666;16;0;0,0;4;2564,5099999999998;641,1274999999999;158,0;0;0;0;;706
C00860;1298,78;18;72,15;2738,76;0;0,026344038908119004;353;21/01/2026;1;11;0,5454545454545454;7,181818181818182;25;0;0,0;1;1305,51;1305,51;841,0;1;0;0;219,0;737
C00861;3817,12;12;318,09;3740,68;0;0,08503534116791599;293;22/01/2026;1;9;0,6666666666666666;7,222222222222222;21;0;0,0;2;1559,2;779,6;112,0;2;1;0;112,0;602
C00862;988,65;18;54,92;4062,07;0;0,013520200291969365;503;27/01/2026;0;16;0,125;0,25;2;0;0,0;4;5272,92;1318,23;250,0;1;0;0;262,0;834
C00863;2416,33;12;201,36;2311,71;0;0,08710435132434433;323;27/01/2026;1;10;0,7;9,6;26;0;0,0;1;462,74;462,74;882,0;0;0;0;;617
C00864;488,54;12;40,71;1687,97;0;0,02411772721079166;353;01/01/2026;0;11;0,18181818181818182;0,2727272727272727;2;0;0,0;3;1184,3300000000002;394,7766666666667;99,0;0;0;0;;810
C00865;3548,3;24;147,85;;1;;443;24/01/2026;0;14;0,2857142857142857;0,5;2;0;0,0;0;0,0;;;0;0;0;;682
C00866;1926,58;18;107,03;1580,08;0;0,06773707660371626;533;10/01/2026;1;17;0,7647058823529411;9,941176470588236;26;0;0,0;1;2240,53;2240,53;131,0;1;1;0;161,0;599
C00867;7408,18;18;411,57;2288,06;0;0,17987727594556088;353;05/02/2026;1;11;0,9090909090909091;11,636363636363637;25;0;0,0;2;4740,62;2370,31;497,0;3;0;0;3,0;698
C00868;1838,38;6;306,4;1927,36;0;0,15897393325585257;173;10/02/2025;0;5;0,4;2,2;10;0;0,0;1;978,08;978,08;873,0;0;0;0;;715
C00869;2413,72;18;134,1;3028,5;0;0,04427934621099554;203;20/01/2026;1;6;0,6666666666666666;9,166666666666666;21;0;0,0;0;0,0;;;2;1;0;126,0;693
C00870;424,43;12;35,37;4093,85;0;0,008639788951720262;263;30/01/2026;1;8;0,375;3,375;25;0;0,0;0;0,0;;;0;0;0;;778
C00871;4877,25;10;487,72;1563,95;0;0,3118514018990377;293;14/08/2025;1;9;0,8888888888888888;12,555555555555555;21;0;0,0;3;3071,77;1023,9233333333333;174,0;0;0;0;;527
C00872;1744,44;10;174,44;6023,81;0;0,028958416683129113;83;20/01/2026;0;2;0,5;11,0;22;0;0,0;11;5350,73;486,42999999999995;61,0;0;0;0;;728
C00873;637,34;24;26,56;2086,42;0;0,01272993932190067;143;16/01/2026;0;4;0,75;3,75;12;0;0,0;0;0,0;;;1;0;0;53,0;626
C00874;1511,53;18;83,97;7523,88;0;0,011160465079187866;263;24/01/2026;1;8;0,75;8,25;18;0;0,0;1;1754,08;1754,08;830,0;1;0;0;196,0;655
C00875;2809,49;24;117,06;5185,91;0;0,022572701801612447;353;28/01/2026;0;11;0,7272727272727273;10,272727272727273;26;0;0,0;1;1183,96;1183,96;257,0;1;1;0;136,0;665
C00876;622,61;18;34,59;951,96;0;0,03633556031766041;323;27/01/2026;1;10;0,5;2,6;11;0;0,0;3;2350,3;783,4333333333334;227,0;1;0;0;240,0;664
C00877;5413,48;18;300,75;3956,23;0;0,07601934164596093;83;22/01/2026;0;2;0,0;0,0;0;0;0,0;1;543,18;543,18;67,0;0;0;0;;658
C00879;1431,77;12;119,31;3969,44;0;0,030057136523035995;353;26/11/2025;1;11;0,2727272727272727;0,45454545454545453;2;0;0,0;0;0,0;;;1;1;0;61,0;747
C00880;842,18;6;140,36;2469,6;0;0,056835114998380315;173;18/01/2025;0;5;0,4;4,0;19;0;0,0;1;2717,83;2717,83;610,0;2;0;0;61,0;651
C00881;2253,54;10;225,35;4090,54;0;0,05509052594522972;143;30/01/2026;0;4;0,0;0,0;0;0;0,0;1;1017,09;1017,09;443,0;1;0;0;64,0;844
C00884;1757,65;10;175,76;1564,44;0;0,11234691007644908;293;24/05/2025;1;9;0,6666666666666666;4,888888888888889;21;0;0,0;3;1828,23;609,41;293,0;0;0;0;;570
C00885;1090,37;12;90,86;2119,18;0;0,04287507432119971;353;03/11/2025;0;11;0,45454545454545453;4,181818181818182;21;0;0,0;1;775,66;775,66;552,0;2;1;0;99,0;551
C00886;1406,26;12;117,19;3112,28;0;0,037654067114784015;353;24/11/2025;1;11;0,45454545454545453;3,3636363636363638;15;0;0,0;3;1763,17;587,7233333333334;330,0;0;0;0;;846
C00887;1603,1;6;267,18;3165,2;0;0,08441172753696449;173;17/08/2025;0;5;0,2;0,4;2;0;0,0;5;5902,41;1180,482;53,0;0;0;0;;734
C00889;11693,76;18;649,65;2683,44;0;0,2420959663715231;293;28/01/2026;1;9;0,8888888888888888;15,444444444444445;26;0;0,0;3;1637,94;545,98;177,0;4;4;0;1,0;496
C00890;4445,25;6;740,88;3953,77;0;0,18738571034733936;113;11/01/2026;1;3;0,3333333333333333;0,6666666666666666;2;0;0,0;4;2518,1600000000003;629,5400000000001;76,0;0;0;0;;704
C00891;4871,8;24;202,99;1578,29;0;0,1286138795785312;83;30/01/2026;1;2;1,0;11,0;14;0;0,0;1;333,18;333,18;647,0;1;1;0;1,0;481
C00892;1812,33;12;151,03;2356,73;0;0,06408455784073695;353;16/06/2025;0;11;0,6363636363636364;5,181818181818182;26;0;0,0;1;500,06;500,06;627,0;0;0;0;;667
C00894;2281,29;12;190,11;1392,85;0;0,13648993071759344;233;06/02/2026;0;7;0,2857142857142857;3,0;19;0;0,0;3;3487,8900000000003;1162,63;143,0;0;0;0;;605
C00895;1377,09;18;76,5;3902,36;0;0,01960352197131992;353;13/01/2026;0;11;0,18181818181818182;3,0;23;0;0,0;2;1559,2;779,6;103,0;0;0;0;;708
C00896;1960,32;10;196,03;2131,41;0;0,0919719809891105;143;24/01/2026;1;4;1,0;16,5;23;0;0,0;1;1012,39;1012,39;189,0;1;0;0;62,0;707
C00899;1848,39;18;102,69;6718,16;0;0,015285435297760101;383;15/01/2026;0;12;0,3333333333333333;1,9166666666666667;18;0;0,0;2;1177,47;588,735;57,0;0;0;0;;750
C00900;4510,46;6;751,74;1930,08;0;0,38948644615767225;173;07/01/2026;1;5;1,0;12,4;23;1;751,74;2;1431,0;715,5;284,0;2;1;0;71,0;461
C00901;1909,21;18;106,07;1793,22;0;0,05915057828933427;503;18/01/2026;0;16;0,125;0,1875;2;0;0,0;1;374,89;374,89;562,0;1;0;0;210,0;685
C00902;464,46;24;19,35;1942,43;0;0,009961748943333865;353;14/01/2026;1;11;0,6363636363636364;8,909090909090908;23;0;0,0;3;1064,78;354,9266666666667;99,0;1;1;0;71,0;605
C00903;2158,83;18;119,94;3622,66;0;0,03310826850987948;533;10/01/2026;0;17;0,29411764705882354;0,47058823529411764;2;0;0,0;4;5096,0199999999995;1274,0049999999999;62,0;2;1;0;198,0;686
C00904;1589,91;10;158,99;3104,74;0;0,05120879687187978;83;11/01/2026;0;2;0,5;4,0;8;0;0,0;0;0,0;;;0;0;0;;688
C00905;1308,89;10;130,89;4702,42;0;0,027834604310121167;293;14/04/2025;0;9;0,4444444444444444;5,222222222222222;21;0;0,0;1;444,21;444,21;98,0;1;1;0;176,0;777
C00907;1412,61;18;78,48;3084,22;0;0,025445655627678962;533;15/12/2025;0;17;0,4117647058823529;2,7058823529411766;21;0;0,0;2;911,75;455,875;192,0;1;0;0;290,0;586
C00908;1292,88;18;71,83;1622,01;0;0,04428456051442346;323;08/01/2026;1;10;0,4;3,7;23;0;0,0;1;1400,73;1400,73;743,0;2;0;0;201,0;721
C00909;2968,19;10;296,82;2064,36;0;0,14378306109399522;293;13/12/2025;1;9;0,7777777777777778;4,777777777777778;18;0;0,0;0;0,0;;;0;0;0;;600
C00910;574,11;24;23,92;2216,32;0;0,010792665319087496;503;18/01/2026;0;16;0,4375;0,6875;2;0;0,0;5;3810,63;762,126;214,0;0;0;0;;728
C00911;1349,91;10;134,99;2635,02;0;0,05122921268149768;203;21/01/2026;0;6;0,0;0,0;0;0;0,0;2;3434,24;1717,12;22,0;1;0;0;7,0;652
C00912;2074,74;24;86,45;1544,99;0;0,055955054725273304;143;27/01/2026;0;4;0,0;0,0;0;0;0,0;5;3432,9700000000003;686,594;40,0;0;0;0;;839
C00913;3286,13;18;182,56;3538,65;0;0,051590295734248934;113;31/01/2026;0;3;0,6666666666666666;1,0;2;0;0,0;3;7316,29;2438,7633333333333;212,0;0;0;0;;658
C00914;731,75;6;121,96;3967,28;0;0,030741465185215058;173;05/12/2025;1;5;0,6;8,6;20;0;0,0;3;2382,38;794,1266666666667;283,0;0;0;0;;634
C00916;2508,82;18;139,38;1750,69;0;0,07961432349530756;533;28/01/2026;0;17;0,4117647058823529;6,235294117647059;23;0;0,0;6;3028,01;504,66833333333335;191,0;0;0;0;;601
C00917;1447,42;10;144,74;5818,47;0;0,024875955362835937;173;19/01/2026;0;5;0,4;0,6;2;0;0,0;6;7069,82;1178,3033333333333;184,0;1;1;0;24,0;845
C00918;3122,51;24;130,1;4641,5;0;0,028029731767747493;83;22/01/2026;0;2;1,0;2,0;2;0;0,0;5;8070,84;1614,1680000000001;411,0;0;0;0;;598
C00919;1567,44;12;130,62;1791,2;0;0,07292317999106744;353;08/08/2025;1;11;0,45454545454545453;4,636363636363637;24;0;0,0;1;486,13;486,13;280,0;0;0;0;;787
C00920;1518,71;6;253,12;2631,29;0;0,09619616233862478;173;05/12/2025;0;5;0,0;0,0;0;0;0,0;1;712,12;712,12;874,0;0;0;0;;865
C00921;1274,99;12;106,25;2472,72;0;0,04296887637904818;263;19/01/2026;0;8;0,0;0,0;0;0;0,0;2;1749,96;874,98;156,0;0;0;0;;867
C00922;14000,0;10;1400,0;1799,16;0;0,778140910202539;113;13/01/2026;1;3;1,0;7,333333333333333;9;0;0,0;3;4074,53;1358,1766666666667;37,0;2;1;0;3,0;469
C00924;1663,35;10;166,33;5174,48;0;0,0321442927598522;293;02/08/2025;0;9;0,3333333333333333;0,5555555555555556;2;0;0,0;0;0,0;;;1;0;0;142,0;874
C00925;1253,1;6;208,85;3086,66;0;0,0676621331795533;173;20/03/2025;0;5;0,0;0,0;0;0;0,0;6;8297,66;1382,9433333333334;246,0;0;0;0;;899
C00926;1041,3;24;43,39;10322,74;0;0,004203341360917741;593;29/01/2026;1;19;0,42105263157894735;7,631578947368421;26;0;0,0;0;0,0;;;5;2;0;124,0;665
C00927;1737,59;10;173,76;2664,8;0;0,06520564395076553;113;03/02/2026;0;3;0,6666666666666666;3,0;8;0;0,0;2;801,58;400,79;368,0;0;0;0;;586
C00928;3478,54;12;289,88;2185,53;0;0,13263601963825708;353;06/12/2025;0;11;0,5454545454545454;4,2727272727272725;21;0;0,0;4;1485,3;371,325;179,0;1;1;0;84,0;762
C00929;2816,24;6;469,37;2212,69;0;0,21212641626255824;173;11/09/2025;1;5;0,4;4,6;22;0;0,0;2;1018,5500000000001;509,27500000000003;143,0;1;1;0;132,0;616
C00931;1073,88;12;89,49;3138,5;0;0,028513621156603473;83;14/01/2026;0;2;0,0;0,0;0;0;0,0;1;441,15;441,15;174,0;1;0;0;33,0;658
C00932;4990,05;24;207,92;3537,66;0;0,05877331343317334;83;19/01/2026;1;2;0,5;5,0;10;0;0,0;2;2399,3;1199,65;404,0;0;0;0;;641
C00933;5118,62;12;426,55;1495,86;0;0,2851536908534221;83;15/01/2026;1;2;1,0;7,5;8;0;0,0;4;5651,47;1412,8675;173,0;0;0;0;;595
C00934;1435,73;6;239,29;3841,42;0;0,06229206907862196;83;12/01/2026;1;2;0,5;8,5;17;0;0,0;6;7924,86;1320,81;209,0;1;1;0;27,0;710
C00935;2534,9;10;253,49;2208,63;0;0,11477250603315177;293;04/08/2025;0;9;0,0;0,0;0;0;0,0;2;1823,0;911,5;114,0;1;0;0;146,0;652
C00936;4865,43;10;486,54;2481,16;0;0,1960937625949153;293;28/04/2025;1;9;0,7777777777777778;12,555555555555555;24;0;0,0;3;2246,86;748,9533333333334;2,0;0;0;0;;572
C00937;1059,72;10;105,97;1870,64;0;0,05664906128383868;83;24/01/2026;1;2;0,0;0,0;0;0;0,0;1;691,36;691,36;73,0;0;0;0;;737
C00938;2290,04;6;381,67;3709,15;0;0,10289958615855385;173;14/02/2025;0;5;0,4;5,4;26;0;0,0;3;2319,75;773,25;49,0;1;1;0;141,0;759
C00939;1719,09;12;143,26;4385,29;0;0,032668306999081013;353;14/09/2025;0;11;0,2727272727272727;1,0909090909090908;9;0;0,0;3;2432,57;810,8566666666667;377,0;2;2;0;33,0;784
C00940;383,28;18;21,29;4086,6;0;0,005209709783193853;533;27/01/2026;0;17;0,11764705882352941;0,23529411764705882;2;0;0,0;4;3389,7299999999996;847,4324999999999;253,0;0;0;0;;504
C00941;1632,18;10;163,22;1574,38;0;0,10367255681601646;293;24/11/2025;1;9;0,4444444444444444;2,4444444444444446;13;0;0,0;2;1205,46;602,73;107,0;3;2;0;28,0;615
C00942;2216,42;12;184,7;5336,49;0;0,03461076475361145;353;01/09/2025;0;11;0,18181818181818182;1,2727272727272727;12;0;0,0;3;2500,74;833,5799999999999;94,0;0;0;0;;568
C00943;1105,06;18;61,39;2632,51;0;0,023319949401901605;383;18/01/2026;0;12;0,5;2,1666666666666665;12;0;0,0;2;1942,98;971,49;379,0;0;0;0;;816
C00944;3238,21;10;323,82;2815,76;0;0,11500269909367275;263;18/01/2026;0;8;0,25;0,25;1;0;0,0;1;556,81;556,81;641,0;0;0;0;;744
C00947;3359,37;6;559,9;5316,15;0;0,10532057974285902;173;22/12/2025;1;5;1,0;15,2;23;1;559,9;5;3958,5899999999997;791,718;226,0;1;1;0;75,0;658
C00949;2388,02;24;99,5;5588,32;0;0,017804993271680936;173;19/01/2026;1;5;0,4;9,0;23;0;0,0;3;4292,26;1430,7533333333333;159,0;1;1;0;57,0;554
C00950;826,59;10;82,66;2852,24;0;0,02898073093428323;293;20/07/2025;1;9;0,1111111111111111;0,1111111111111111;1;0;0,0;2;971,12;485,56;121,0;0;0;0;;597
C00951;4947,21;10;494,72;4327,38;0;0,11432321635724156;203;08/01/2026;1;6;1,0;14,833333333333334;25;0;0,0;0;0,0;;;0;0;0;;629
C00952;2863,78;18;159,1;2033,49;0;0,0782398733212359;383;14/01/2026;1;12;0,75;12,25;26;0;0,0;0;0,0;;;0;0;0;;633
C00953;1854,93;10;185,49;1454,14;0;0,1275599323311373;293;15/01/2026;0;9;0,6666666666666666;7,111111111111111;22;0;0,0;5;5099,72;1019,9440000000001;194,0;2;2;0;80,0;684
C00954;2862,9;10;286,29;1615,83;0;0,17717829227084533;293;30/06/2025;1;9;0,3333333333333333;1,2222222222222223;9;0;0,0;1;1143,65;1143,65;422,0;0;0;0;;522
C00955;1244,1;18;69,12;3145,4;0;0,021974947542442932;503;10/01/2026;1;16;0,25;1,9375;26;0;0,0;3;1635,46;545,1533333333333;284,0;2;1;0;63,0;706
C00956;4178,01;6;696,34;3495,76;0;0,1991955969517358;83;23/01/2026;1;2;0,5;6,0;12;0;0,0;0;0,0;;;1;1;0;78,0;708
C00957;4256,41;6;709,4;3938,2;0;0,1801330557107308;173;09/05/2025;1;5;0,2;3,2;16;0;0,0;1;431,19;431,19;221,0;1;1;0;117,0;554
C00958;2009,25;10;200,92;1861,32;0;0,10794489931876303;293;02/10/2025;0;9;0,4444444444444444;1,7777777777777777;11;0;0,0;10;4001,8599999999997;400,186;200,0;0;0;0;;667
C00959;1817,11;6;302,85;1615,14;0;0,18750696534046585;173;27/06/2025;1;5;0,4;2,6;12;0;0,0;2;1260,24;630,12;229,0;2;0;0;101,0;625
C00960;2714,52;12;226,21;3003,04;0;0,07532700197133571;323;13/01/2026;0;10;0,1;0,1;1;0;0,0;0;0,0;;;0;0;0;;903
C00961;2764,83;24;115,2;2490,24;0;0,04626060138781805;533;09/01/2026;0;17;0,23529411764705882;0,7647058823529411;9;0;0,0;1;2140,69;2140,69;939,0;2;0;0;111,0;705
C00962;405,16;10;40,52;3402,89;0;0,011907525662010822;173;20/01/2026;0;5;0,6;0,8;2;0;0,0;0;0,0;;;0;0;0;;773
C00963;7552,2;18;419,57;6134,97;0;0,06838990247711073;83;17/01/2026;1;2;0,5;11,5;23;1;419,57;2;2986,29;1493,145;146,0;0;0;0;;663
C00964;2083,24;6;347,21;2472,14;0;0,14044916550033573;173;01/02/2025;0;5;0,6;1,2;2;0;0,0;9;6698,17;744,2411111111111;92,0;0;0;0;;819
C00966;4569,98;6;761,66;6210,98;0;0,12263121117762414;113;19/01/2026;0;3;0,6666666666666666;2,6666666666666665;5;0;0,0;8;6500,74;812,5925;113,0;0;0;0;;504
C00967;1949,19;12;162,43;4450,5;0;0,03649702280642625;353;14/09/2025;0;11;0,2727272727272727;0,2727272727272727;1;0;0,0;8;9088,85;1136,10625;45,0;3;0;0;9,0;694
C00968;1371,76;10;137,18;2043,75;0;0,0671217125382263;173;16/01/2026;0;5;0,4;5,0;23;1;137,18;2;1060,49;530,245;447,0;0;0;0;;778
C00969;1819,43;10;181,94;2326,8;0;0,07819322674918341;293;22/09/2025;0;9;0,2222222222222222;1,3333333333333333;11;0;0,0;1;1374,7;1374,7;575,0;0;0;0;;781
C00970;846,55;10;84,66;4061,63;0;0,02084384840568934;293;20/07/2025;1;9;0,5555555555555556;2,7777777777777777;11;0;0,0;1;236,85;236,85;205,0;1;1;0;49,0;631
C00971;2138,18;6;356,36;2406,08;0;0,14810812608059584;83;10/01/2026;0;2;0,5;1,0;2;0;0,0;1;1827,08;1827,08;259,0;0;0;0;;791
C00972;532,55;12;44,38;3426,37;0;0,01295248324028053;353;25/10/2025;0;11;0,09090909090909091;0,18181818181818182;2;0;0,0;2;602,55;301,275;105,0;0;0;0;;765
C00973;1379,28;24;57,47;2297,29;0;0,025016432405138227;203;09/01/2026;1;6;0,5;4,833333333333333;21;0;0,0;2;5276,79;2638,395;168,0;1;0;0;143,0;568
C00974;5183,14;12;431,93;4334,81;0;0,09964219885069933;353;10/01/2026;1;11;0,6363636363636364;6,7272727272727275;20;0;0,0;5;4924,48;984,896;64,0;0;0;0;;787
C00975;3047,13;10;304,71;2945,02;0;0,10346619038240826;263;15/01/2026;1;8;0,5;5,625;26;0;0,0;7;5600,77;800,11;75,0;0;0;0;;696
C00976;6638,41;18;368,8;1506,52;0;0,24480259140270294;443;27/01/2026;1;14;0,8571428571428571;9,071428571428571;23;0;0,0;0;0,0;;;2;2;0;15,0;455
C00977;1073,54;18;59,64;1993,62;0;0,029915430222409486;533;20/12/2025;0;17;0,4117647058823529;4,117647058823529;25;0;0,0;2;3109,79;1554,895;338,0;3;1;0;14,0;762
C00978;1815,02;10;181,5;3824,35;0;0,04745904532796423;263;02/02/2026;1;8;0,625;9,625;26;0;0,0;3;3517,7;1172,5666666666666;457,0;1;1;0;144,0;619
C00979;568,19;24;23,67;1942,04;0;0,012188214454903092;353;27/01/2026;1;11;0,36363636363636365;5,090909090909091;22;0;0,0;0;0,0;;;0;0;0;;752
C00980;1574,89;12;131,24;1914,23;0;0,06856020436415687;353;10/01/2026;0;11;0,6363636363636364;6,181818181818182;26;0;0,0;2;3438,43;1719,215;430,0;0;0;0;;604
C00981;1904,94;12;158,74;1482,78;0;0,10705566570900607;353;15/01/2026;1;11;0,8181818181818182;9,727272727272727;22;0;0,0;1;639,65;639,65;327,0;0;0;0;;627
C00982;525,17;10;52,52;3300,14;0;0,015914476355548553;293;19/01/2026;0;9;0,2222222222222222;0,2222222222222222;1;0;0,0;8;6623,51;827,93875;65,0;0;0;0;;823
C00983;4536,98;24;189,04;2525,09;0;0,0748646582894075;113;13/01/2026;1;3;0,6666666666666666;8,666666666666666;18;0;0,0;2;3565,3;1782,65;47,0;1;0;0;47,0;749
C00984;415,64;18;23,09;3256,1;0;0,0070913055495838585;533;29/01/2026;1;17;0,17647058823529413;2,3529411764705883;23;0;0,0;5;3834,33;766,866;193,0;2;2;0;51,0;751
C00985;2026,76;12;168,9;3834,38;0;0,04404884231609804;113;14/01/2026;0;3;0,3333333333333333;0,6666666666666666;2;0;0,0;1;1029,16;1029,16;344,0;0;0;0;;751
C00986;2494,87;12;207,91;4072,25;0;0,051055313401682116;113;28/01/2026;0;3;0,6666666666666666;13,333333333333334;23;0;0,0;0;0,0;;;0;0;0;;487
C00987;3346,28;18;185,9;3742,98;0;0,049666308663150756;533;06/01/2026;0;17;0,17647058823529413;1,5294117647058822;12;0;0,0;0;0,0;;;0;0;0;;646
C00988;4571,57;10;457,16;2679,22;0;0,1706317510320168;293;07/06/2025;1;9;0,3333333333333333;4,111111111111111;18;0;0,0;0;0,0;;;2;2;0;78,0;649
C00989;2643,75;10;264,38;4606,46;0;0,05739331286931831;143;29/01/2026;0;4;0,5;1,5;4;0;0,0;2;3656,47;1828,235;172,0;0;0;0;;748
C00990;1659,64;12;138,3;2313,27;0;0,059785498450245764;113;23/01/2026;0;3;0,0;0,0;0;0;0,0;8;11655,43;1456,92875;23,0;1;1;0;51,0;612
C00991;1345,62;6;224,27;2592,75;0;0,0864988911387523;173;08/08/2025;0;5;0,2;0,4;2;0;0,0;0;0,0;;;0;0;0;;920
C00992;4057,78;6;676,3;2227,02;0;0,30367935626981346;173;18/01/2026;1;5;0,8;8,8;17;0;0,0;2;1913,35;956,675;258,0;3;2;0;77,0;539
C00993;3839,76;24;159,99;2735,52;0;0,05848613791893315;473;23/01/2026;1;15;0,6666666666666666;6,133333333333334;23;1;159,99;0;0,0;;;1;0;0;263,0;506
C00994;2938,04;12;244,84;2308,86;0;0,10604367523366509;353;03/10/2025;0;11;0,45454545454545453;4,181818181818182;24;0;0,0;0;0,0;;;0;0;0;;864
C00995;1598,34;10;159,83;1753,77;0;0,09113509753274375;83;08/01/2026;1;2;0,0;0,0;0;0;0,0;0;0,0;;;1;1;0;8,0;779
C00996;3169,23;24;132,05;4491,43;0;0,02940043594133717;473;13/01/2026;0;15;0,8666666666666667;9,533333333333333;26;0;0,0;4;2592,54;648,135;126,0;2;1;0;106,0;724
C00998;800,39;24;33,35;4297,8;0;0,00775978407557355;113;14/01/2026;1;3;0,6666666666666666;4,333333333333333;12;0;0,0;1;689,51;689,51;54,0;0;0;0;;705
C00999;6932,97;18;385,16;3330,38;0;0,11565046631315345;323;01/02/2026;0;10;0,7;6,0;24;0;0,0;2;1930,5;965,25;177,0;0;0;0;;619
C01000;1221,72;10;122,17;3352,15;0;0,03644526647077249;293;04/08/2025;0;9;0,3333333333333333;3,2222222222222223;26;0;0,0;5;4583,45;916,6899999999999;51,0;2;0;0;135,0;742
C01001;1917,82;12;159,82;2075,2;0;0,07701426368542791;143;22/01/2026;1;4;0,75;8,0;22;0;0,0;2;3186,59;1593,295;61,0;0;0;0;;620
C01002;2578,37;18;143,24;1596,99;0;0,08969373634149244;323;17/01/2026;1;10;0,6;7,3;20;0;0,0;4;3335,6000000000004;833,9000000000001;348,0;3;1;0;43,0;722
C01003;1241,48;24;51,73;4673,41;0;0,011069005287359764;593;31/01/2026;1;19;0,42105263157894735;1,4736842105263157;9;0;0,0;2;3900,83;1950,415;244,0;0;0;0;;572
C01004;4593,69;10;459,37;2797,51;0;0,16420674099467025;293;29/07/2025;0;9;0,3333333333333333;2,5555555555555554;20;0;0,0;3;2521,31;840,4366666666666;401,0;1;0;0;254,0;678
C01005;1611,34;12;134,28;3275,46;0;0,04099576853327472;353;16/08/2025;0;11;0,2727272727272727;1,4545454545454546;13;0;0,0;1;475,8;475,8;373,0;1;0;0;269,0;652
C01006;2242,09;12;186,84;2102,84;0;0,08885126780924844;173;06/02/2026;0;5;0,4;3,2;15;0;0,0;1;540,19;540,19;389,0;2;0;0;6,0;656
C01008;1531,34;10;153,13;2528,41;0;0,06056375350516728;293;03/09/2025;1;9;0,2222222222222222;0,6666666666666666;4;0;0,0;3;3878,31;1292,77;275,0;1;1;0;121,0;607
C01009;1997,39;12;166,45;1174,6;0;0,1417078154265282;233;30/01/2026;1;7;0,2857142857142857;2,4285714285714284;9;0;0,0;1;754,45;754,45;1059,0;0;0;0;;563
C01010;5312,01;12;442,67;1713,74;0;0,25830639420215434;83;10/01/2026;1;2;1,0;13,5;20;0;0,0;0;0,0;;;1;0;0;82,0;642
C01011;4049,1;10;404,91;3776,15;0;0,10722826158918476;293;28/09/2025;1;9;0,5555555555555556;6,0;23;0;0,0;1;267,4;267,4;687,0;3;1;0;106,0;446
C01012;1424,49;24;59,35;2774,88;0;0,021388312287378194;143;17/01/2026;0;4;0,0;0,0;0;0;0,0;2;2475,58;1237,79;245,0;2;1;0;36,0;655
C01013;4401,99;6;733,66;3039,59;0;0,24136807924753007;173;19/09/2025;1;5;0,8;5,8;23;1;733,66;2;1070,04;535,02;176,0;1;1;0;27,0;478
C01014;1893,75;18;105,21;2886,61;0;0,0364475977011096;443;04/02/2026;0;14;0,2857142857142857;1,7857142857142858;21;0;0,0;5;4924,48;984,896;89,0;1;0;0;61,0;819
C01015;1692,99;24;70,54;3156,06;0;0,022350652395708576;413;29/01/2026;0;13;0,15384615384615385;0,15384615384615385;1;0;0,0;3;4424,6900000000005;1474,8966666666668;235,0;0;0;0;;824
C01016;2658,88;12;221,57;3235,64;0;0,06847795181169722;263;28/01/2026;0;8;0,5;3,625;26;0;0,0;5;3432,7200000000003;686,5440000000001;168,0;1;1;0;65,0;603
C01017;2168,43;10;216,84;1292,55;0;0,16776140188000466;83;05/02/2026;1;2;0,5;10,5;21;0;0,0;1;428,65;428,65;350,0;0;0;0;;570
C01018;1124,6;10;112,46;1657,09;0;0,06786595779348134;293;10/05/2025;0;9;0,3333333333333333;3,2222222222222223;16;0;0,0;2;986,49;493,245;276,0;0;0;0;;801
C01019;3939,55;18;218,86;7329,69;0;0,029859380137495586;143;02/02/2026;0;4;0,5;0,5;1;0;0,0;1;631,82;631,82;101,0;0;0;0;;724
C01021;1292,38;10;129,24;1997,45;0;0,06470249568199454;293;07/09/2025;1;9;0,1111111111111111;0,7777777777777778;7;0;0,0;2;1767,23;883,615;607,0;0;0;0;;734
C01022;2737,51;12;228,13;3155,36;0;0,07229919882358907;323;17/01/2026;0;10;0,7;8,5;26;0;0,0;3;3388,26;1129,42;140,0;0;0;0;;534
C01023;1409,25;12;117,44;5906,85;0;0,01988200140514826;353;03/12/2025;0;11;0,0;0,0;0;0;0,0;1;853,15;853,15;110,0;1;0;0;157,0;729
C01024;1752,94;24;73,04;2972,08;0;0,024575381550967675;383;24/01/2026;1;12;0,75;9,916666666666666;25;0;0,0;2;3528,6800000000003;1764,3400000000001;39,0;1;1;0;10,0;568
C01025;1352,41;24;56,35;1869,42;0;0,03014303901744926;323;15/01/2026;1;10;0,2;1,3;11;0;0,0;2;1606,36;803,18;295,0;0;0;0;;711
C01026;2956,4;12;246,37;2103,67;0;0,11711437630426826;353;25/11/2025;0;11;0,45454545454545453;3,5454545454545454;21;0;0,0;3;4292,26;1430,7533333333333;104,0;0;0;0;;701
C01027;2984,92;10;298,49;2344,51;0;0,12731444950117507;293;26/07/2025;0;9;0,7777777777777778;6,777777777777778;19;0;0,0;4;2547,12;636,78;124,0;2;2;0;187,0;698
C01028;1910,0;10;191,0;3110,85;0;0,06139801019014096;233;18/01/2026;1;7;0,7142857142857143;5,714285714285714;25;0;0,0;6;3330,02;555,0033333333333;102,0;1;1;0;4,0;591
C01029;1779,99;18;98,89;2184,0;0;0,04527930402930403;533;28/01/2026;0;17;0,5882352941176471;4,117647058823529;23;0;0,0;3;1033,21;344,40333333333336;346,0;2;1;0;87,0;588
C01030;2559,51;12;213,29;2502,68;0;0,08522463918679177;353;24/07/2025;1;11;0,45454545454545453;7,0;26;0;0,0;2;1941,6499999999999;970,8249999999999;98,0;2;1;0;27,0;485
C01031;2037,23;18;113,18;1930,35;0;0,05863185432693554;143;05/02/2026;1;4;1,0;9,5;12;0;0,0;2;1092,54;546,27;181,0;1;1;0;86,0;482
C01032;3458,91;10;345,89;4352,43;0;0,07947054863604928;293;20/11/2025;1;9;0,3333333333333333;3,0;17;0;0,0;2;905,7800000000001;452,89000000000004;29,0;2;0;0;126,0;916
C01033;1049,49;12;87,46;6013,81;0;0,014543193083918512;143;09/01/2026;0;4;0,25;0,5;2;0;0,0;3;1453,6799999999998;484,55999999999995;124,0;0;0;0;;821
C01034;3105,81;6;517,64;3565,62;0;0,14517531312927345;173;02/08/2025;0;5;0,4;1,6;6;0;0,0;1;1071,37;1071,37;667,0;2;1;0;2,0;669
C01035;1808,16;10;180,82;900,0;0;0,2009111111111111;293;06/08/2025;1;9;0,6666666666666666;6,888888888888889;24;0;0,0;2;1556,72;778,36;219,0;6;3;0;7,0;560
C01036;2750,97;12;229,25;1581,77;0;0,14493257553247313;353;26/12/2025;1;11;0,5454545454545454;5,545454545454546;25;0;0,0;3;1841,29;613,7633333333333;157,0;1;1;0;158,0;697
C01037;1407,49;12;117,29;2121,86;0;0,05527697397566286;203;17/01/2026;1;6;0,5;4,0;13;0;0,0;2;1198,6100000000001;599,3050000000001;210,0;2;1;0;4,0;682
C01038;3163,71;6;527,28;2114,13;0;0,2494075577187779;173;08/04/2025;1;5;0,8;4,2;14;0;0,0;3;2834,83;944,9433333333333;66,0;1;1;0;126,0;642
C01039;5918,24;10;591,82;6436,18;0;0,09195205851918374;263;15/01/2026;0;8;0,125;0,25;2;0;0,0;0;0,0;;;0;0;0;;703
C01040;2103,46;12;175,29;2164,3;0;0,08099154461026659;233;12/01/2026;0;7;0,5714285714285714;4,857142857142857;18;0;0,0;0;0,0;;;0;0;0;;823
C01041;3954,0;10;395,4;5257,94;0;0,07520055382906614;83;14/01/2026;0;2;0,0;0,0;0;0;0,0;3;2654,84;884,9466666666667;545,0;1;1;0;48,0;611
C01042;2133,48;12;177,79;2235,67;0;0,07952425894698233;353;04/09/2025;0;11;0,45454545454545453;2,4545454545454546;13;0;0,0;1;870,49;870,49;475,0;0;0;0;;737
C01043;587,84;12;48,99;2123,19;0;0,023073771070888618;323;10/01/2026;0;10;0,3;1,3;11;0;0,0;7;5600,77;800,11;70,0;1;0;0;17,0;671
C01044;3606,43;10;360,64;2113,5;0;0,1706363851431275;83;18/01/2026;1;2;1,0;9,5;12;0;0,0;2;3892,76;1946,38;367,0;0;0;0;;716
C01045;1730,28;24;72,1;2826,76;0;0,02550623328475003;413;22/01/2026;1;13;0,38461538461538464;2,4615384615384617;26;0;0,0;1;917,7;917,7;468,0;0;0;0;;577
C01046;1330,65;18;73,93;2968,67;0;0,024903407923413518;113;02/02/2026;0;3;0,3333333333333333;0,6666666666666666;2;0;0,0;4;4250,45;1062,6125;141,0;0;0;0;;680
C01047;1197,6;6;199,6;4203,81;0;0,04748073771174244;173;24/11/2025;0;5;0,0;0,0;0;0;0,0;4;2724,7000000000003;681,1750000000001;27,0;1;0;0;37,0;806
C01048;2707,03;12;225,59;2400,54;0;0,09397468902830197;353;24/10/2025;1;11;0,18181818181818182;2,4545454545454546;25;0;0,0;2;508,44;254,22;15,0;1;1;0;16,0;742
C01049;1719,49;12;143,29;2164,87;0;0,06618873188690313;353;16/08/2025;1;11;0,7272727272727273;9,181818181818182;22;0;0,0;0;0,0;;;0;0;0;;541
C01050;1020,82;18;56,71;1751,67;0;0,03237481945800293;233;17/01/2026;0;7;1,0;11,428571428571429;26;0;0,0;0;0,0;;;0;0;0;;691
C01051;962,67;6;160,44;5057,67;0;0,031722117101352997;173;25/03/2025;0;5;0,0;0,0;0;0;0,0;2;2043,3400000000001;1021,6700000000001;158,0;1;0;0;152,0;770
C01052;1638,76;6;273,13;3707,82;0;0,07366323068541622;173;24/10/2025;0;5;0,6;4,2;15;0;0,0;1;269,56;269,56;680,0;1;1;0;101,0;485
C01054;3182,93;10;318,29;3296,47;0;0,09655479952797995;173;31/01/2026;1;5;0,4;1,2;4;0;0,0;3;2291,75;763,9166666666666;263,0;0;0;0;;680
C01055;1430,61;6;238,43;3335,24;0;0,0714881088017654;143;19/01/2026;0;4;0,25;1,25;5;0;0,0;0;0,0;;;0;0;0;;673
C01057;6273,19;18;348,51;2819,82;0;0,12359299529757217;323;13/01/2026;1;10;0,5;6,5;26;0;0,0;1;303,74;303,74;351,0;1;1;0;76,0;693
C01058;1656,26;10;165,63;1644,43;0;0,10072183066472881;143;06/02/2026;1;4;0,5;3,0;10;0;0,0;1;531,44;531,44;898,0;1;1;0;95,0;668
C01059;1252,34;6;208,72;3074,62;0;0,06788481178161854;173;21/11/2025;0;5;0,4;4,6;22;0;0,0;0;0,0;;;2;1;0;19,0;650
C01060;3489,32;18;193,85;2715,95;0;0,07137465711813547;383;09/01/2026;0;12;0,25;3,1666666666666665;21;0;0,0;2;719,46;359,73;406,0;0;0;0;;605
C01061;2360,84;12;196,74;5856,95;0;0,03359086213814358;353;02/11/2025;0;11;0,36363636363636365;1,5454545454545454;13;0;0,0;1;1097,36;1097,36;833,0;0;0;0;;701
C01062;2236,73;12;186,39;2939,7;0;0,06340442902336973;263;17/01/2026;0;8;0,625;3,625;23;0;0,0;7;13134,98;1876,4257142857143;86,0;1;1;0;207,0;785
C01063;741,7;18;41,21;3622,23;0;0,0113769694359552;503;29/01/2026;1;16;0,4375;3,375;21;0;0,0;1;816,72;816,72;689,0;1;1;0;150,0;673
C01064;3000,8;18;166,71;2732,28;0;0,061014976503140236;413;30/01/2026;1;13;0,6923076923076923;7,6923076923076925;23;1;166,71;8;5718,889999999999;714,8612499999999;27,0;1;1;0;205,0;580
C01065;813,81;12;67,82;1896,57;0;0,035759291774097444;353;03/12/2025;0;11;0,2727272727272727;0,5454545454545454;2;0;0,0;5;8304,34;1660,868;209,0;2;0;0;13,0;807
C01066;500,16;18;27,79;2830,95;0;0,009816492696797895;353;30/01/2026;0;11;0,2727272727272727;0,45454545454545453;2;0;0,0;3;2003,73;667,91;312,0;1;0;0;236,0;766
C01067;2144,17;10;214,42;1316,13;0;0,16291703707080604;293;21/07/2025;1;9;0,7777777777777778;5,555555555555555;17;0;0,0;0;0,0;;;1;0;0;131,0;674
C01068;1675,49;6;279,25;2459,72;0;0,11352918218333795;173;24/11/2025;0;5;0,0;0,0;0;0;0,0;2;1093,01;546,505;43,0;0;0;0;;745
C01069;2746,2;18;152,57;2790,67;0;0,054671458825300015;443;11/01/2026;0;14;0,14285714285714285;0,21428571428571427;2;0;0,0;4;3764,2799999999997;941,0699999999999;106,0;0;0;0;;841
C01070;1284,02;24;53,5;2997,81;0;0,017846361176992537;563;16/01/2026;0;18;0,2777777777777778;2,111111111111111;17;0;0,0;1;1791,86;1791,86;158,0;1;1;0;141,0;811
C01071;1102,78;12;91,9;4497,14;0;0,020435209933424354;83;24/01/2026;1;2;0,5;3,0;6;0;0,0;2;789,73;394,865;100,0;0;0;0;;720
C01072;3438,91;10;343,89;1218,87;0;0,28213837406778414;293;17/08/2025;1;9;0,4444444444444444;4,222222222222222;18;0;0,0;3;2391,98;797,3266666666667;269,0;1;0;0;145,0;645
C01073;399,4;10;39,94;3712,86;0;0,01075720603523968;143;26/01/2026;1;4;0,75;5,75;19;0;0,0;2;719,46;359,73;423,0;1;0;0;88,0;763
C01074;3633,01;12;302,75;4069,74;0;0,07439050160452511;143;06/02/2026;0;4;0,25;1,75;7;0;0,0;3;3532,1800000000003;1177,3933333333334;205,0;2;1;0;19,0;861
C01075;2004,86;24;83,54;3971,68;0;0,021033920154695244;443;15/01/2026;1;14;0,21428571428571427;2,4285714285714284;22;0;0,0;1;403,23;403,23;523,0;1;1;0;8,0;703
C01076;2307,92;24;96,16;1425,2;0;0,06747123210777434;323;19/01/2026;0;10;0,3;2,4;15;0;0,0;6;5794,91;965,8183333333333;107,0;2;1;0;100,0;673
C01077;3926,36;10;392,64;2514,81;0;0,15613107948513008;83;13/01/2026;1;2;0,5;8,0;16;0;0,0;2;1500,29;750,145;723,0;0;0;0;;710
C01078;3018,46;12;251,54;2801,24;0;0,08979594750896032;293;05/02/2026;0;9;0,2222222222222222;2,7777777777777777;20;0;0,0;2;1584,02;792,01;676,0;0;0;0;;625
C01079;2193,65;18;121,87;3029,34;0;0,040229885057471264;533;23/01/2026;0;17;0,5294117647058824;1,6470588235294117;14;0;0,0;1;853,44;853,44;96,0;1;1;0;37,0;723
C01080;2496,65;12;208,05;5333,53;0;0,03900793658233853;353;24/07/2025;0;11;0,45454545454545453;2,5454545454545454;14;0;0,0;0;0,0;;;0;0;0;;671
C01081;2008,53;6;334,76;2645,8;0;0,1265250585834152;173;17/04/2025;0;5;0,6;3,0;13;0;0,0;4;2058,55;514,6375;6,0;1;1;0;41,0;766
C01082;2097,01;12;174,75;5635,88;0;0,03100669283235271;353;27/09/2025;0;11;0,36363636363636365;5,909090909090909;25;0;0,0;0;0,0;;;0;0;0;;642
C01083;1982,99;6;330,5;1925,64;0;0,17163124987017303;173;12/01/2025;1;5;0,4;6,8;21;0;0,0;0;0,0;;;0;0;0;;715
C01084;380,0;24;15,83;2232,92;0;0,0070893717643265314;203;26/01/2026;1;6;0,8333333333333334;9,0;18;0;0,0;5;6340,54;1268,108;43,0;1;1;0;98,0;790
C01086;860,76;12;71,73;1477,6;0;0,04854493773687061;323;01/02/2026;0;10;0,0;0,0;0;0;0,0;0;0,0;;;2;0;0;5,0;799
C01087;1000,38;6;166,73;3077,2;0;0,054182373586377224;173;19/05/2025;1;5;1,0;15,2;20;0;0,0;3;4237,95;1412,6499999999999;116,0;0;0;0;;717
C01088;2583,85;10;258,38;2163,94;0;0,11940257123580136;293;11/06/2025;0;9;0,5555555555555556;1,7777777777777777;7;0;0,0;4;2314,0299999999997;578,5074999999999;249,0;0;0;0;;555
C01089;1000,23;10;100,02;2240,86;0;0,04463464919718322;203;30/01/2026;0;6;0,0;0,0;0;0;0,0;3;2414,01;804,6700000000001;50,0;0;0;0;;934
C01090;1186,76;10;118,68;1503,33;0;0,07894474267126979;113;01/02/2026;1;3;1,0;7,0;10;0;0,0;2;1419,67;709,835;135,0;2;1;0;40,0;536
C01091;1662,95;6;277,16;3427,04;0;0,08087445725757506;173;16/12/2025;0;5;0,2;0,4;2;0;0,0;2;2709,85;1354,925;181,0;1;0;0;20,0;869
C01092;1704,23;6;284,04;2074,75;0;0,13690324135438006;173;18/05/2025;1;5;0,6;6,6;22;0;0,0;3;1522,7;507,56666666666666;345,0;1;0;0;9,0;556
C01093;1018,13;10;101,81;1534,39;0;0,06635210083485946;203;21/01/2026;0;6;0,6666666666666666;2,8333333333333335;13;0;0,0;1;1528,37;1528,37;539,0;0;0;0;;839
C01095;2055,79;18;114,21;3279,73;0;0,03482298847771005;293;01/02/2026;0;9;0,3333333333333333;7,777777777777778;26;0;0,0;2;871,4200000000001;435,71000000000004;298,0;1;0;0;275,0;600
C01096;2853,46;12;237,79;1352,76;0;0,175781365504598;203;04/02/2026;1;6;0,5;8,166666666666666;23;1;237,79;0;0,0;;;3;1;0;49,0;699
C01098;1218,5;10;121,85;3245,41;0;0,03754533325527437;143;14/01/2026;0;4;0,5;0,5;1;0;0,0;2;3365,49;1682,745;1055,0;0;0;0;;725
C01099;2170,35;18;120,57;2157,09;0;0,05589474708982935;473;25/01/2026;1;15;0,6;4,8;22;0;0,0;1;1656,19;1656,19;215,0;0;0;0;;708
C01100;1204,82;24;50,2;4767,71;0;0,010529163896294028;233;03/02/2026;0;7;0,42857142857142855;0,7142857142857143;2;0;0,0;5;4404,54;880,908;112,0;1;1;0;26,0;797
C01101;2982,24;18;165,68;3540,82;0;0,04679142119622008;383;17/01/2026;1;12;0,4166666666666667;2,1666666666666665;12;0;0,0;2;871,4200000000001;435,71000000000004;283,0;0;0;0;;753
C01102;3992,74;6;665,46;2044,36;0;0,3255101841163005;173;20/03/2025;1;5;0,8;14,8;23;0;0,0;0;0,0;;;1;1;0;135,0;544
C01104;2206,37;18;122,58;1627,27;0;0,07532861786919196;443;11/01/2026;0;14;0,5714285714285714;5,714285714285714;22;0;0,0;1;526,21;526,21;317,0;0;0;0;;570
C01105;1892,22;6;315,37;4522,28;0;0,06973694684981913;173;17/01/2025;0;5;0,6;7,0;23;0;0,0;1;1328,58;1328,58;558,0;0;0;0;;753
C01106;1274,52;6;212,42;4189,8;0;0,05069931738985154;173;02/01/2025;0;5;0,2;0,2;1;0;0,0;1;1134,56;1134,56;616,0;0;0;0;;641
C01107;4110,58;24;171,27;2300,9;0;0,07443609022556391;443;10/01/2026;1;14;0,6428571428571429;6,714285714285714;21;0;0,0;1;1433,26;1433,26;46,0;3;0;0;39,0;733
C01108;1391,02;12;115,92;4872,78;0;0,0237892948173322;353;30/10/2025;0;11;0,09090909090909091;0,09090909090909091;1;0;0,0;4;3565,07;891,2675;133,0;0;0;0;;933
C01109;4574,15;12;381,18;3389,36;0;0,11246370996294286;323;04/02/2026;0;10;0,2;3,8;25;0;0,0;3;2039,06;679,6866666666666;285,0;1;0;0;81,0;636
C01110;3106,81;10;310,68;1911,26;0;0,16255245230894802;293;12/10/2025;0;9;0,6666666666666666;7,222222222222222;23;0;0,0;5;4577,84;915,568;124,0;2;1;0;4,0;731
C01111;1149,8;10;114,98;2551,35;0;0,04506633742920415;293;12/07/2025;0;9;0,1111111111111111;0,1111111111111111;1;0;0,0;5;3702,79;740,558;383,0;2;0;0;198,0;806
C01112;4328,81;12;360,73;4981,8;0;0,07240957083784977;353;26/06/2025;1;11;0,8181818181818182;9,727272727272727;21;0;0,0;1;250,81;250,81;286,0;0;0;0;;586
C01113;941,75;24;39,24;2906,25;0;0,013501935483870969;563;14/01/2026;0;18;0,1111111111111111;1,1666666666666667;20;0;0,0;1;1245,31;1245,31;84,0;4;0;0;188,0;739
C01114;1231,2;10;123,12;3288,94;0;0,03743455338194069;173;18/01/2026;0;5;0,6;5,6;15;0;0,0;4;2728,16;682,04;525,0;0;0;0;;696
C01115;1984,77;6;330,8;3238,49;0;0,10214637068510325;173;26/02/2025;0;5;0,8;4,2;17;0;0,0;3;1925,23;641,7433333333333;76,0;1;0;0;64,0;685
C01116;3182,3;18;176,79;3913,87;0;0,04517012573233142;203;12/01/2026;1;6;0,5;10,666666666666666;23;1;176,79;6;3892,6800000000003;648,7800000000001;65,0;0;0;0;;717
C01117;2369,09;24;98,71;1905,7;0;0,05179723985936926;293;26/01/2026;0;9;0,3333333333333333;2,6666666666666665;19;0;0,0;2;2015,21;1007,605;210,0;1;1;0;188,0;695
C01118;2891,9;12;240,99;3087,83;0;0,07804509963307565;113;05/02/2026;0;3;0,0;0,0;0;0;0,0;1;664,81;664,81;447,0;0;0;0;;803
C01119;1886,33;6;314,39;2594,29;0;0,12118537249112474;173;30/07/2025;0;5;0,4;4,2;20;0;0,0;1;455,26;455,26;799,0;1;0;0;156,0;681
C01120;789,24;18;43,85;2106,42;0;0,020817310887667227;443;06/02/2026;1;14;0,5;3,357142857142857;25;0;0,0;3;2311,62;770,54;241,0;1;0;0;282,0;537
C01121;6891,63;12;574,3;1729,53;0;0,3320555295369262;353;30/09/2025;1;11;1,0;14,363636363636363;25;0;0,0;6;5453,0599999999995;908,8433333333332;174,0;2;1;0;119,0;607
C01122;3154,16;18;175,23;3076,32;0;0,05696091433921048;473;16/01/2026;0;15;0,4;1,1333333333333333;8;0;0,0;6;5430,44;905,0733333333333;34,0;0;0;0;;813
C01123;1741,15;18;96,73;3081,88;0;0,031386686048775425;323;02/02/2026;1;10;0,6;3,6;9;0;0,0;4;3354,06;838,515;67,0;2;1;0;31,0;439
C01124;2447,89;10;244,79;2010,64;0;0,12174730434090637;173;10/01/2026;0;5;0,8;9,6;21;0;0,0;4;6736,05;1684,0125;252,0;1;1;0;39,0;657
C01125;1725,61;24;71,9;2614,28;0;0,027502792355830287;113;08/01/2026;0;3;0,3333333333333333;0,3333333333333333;1;0;0,0;0;0,0;;;0;0;0;;771
C01126;1603,69;6;267,28;4718,75;0;0,056642119205298005;173;23/01/2025;0;5;0,4;0,8;2;0;0,0;1;572,1;572,1;188,0;0;0;0;;890
C01127;4837,92;24;201,58;2505,5;0;0,08045499900219517;413;06/02/2026;0;13;0,6923076923076923;7,076923076923077;21;0;0,0;8;7053,33;881,66625;78,0;4;2;0;10,0;641
C01128;3064,0;12;255,33;4512,21;0;0,05658646206626022;143;14/01/2026;1;4;0,0;0,0;0;0;0,0;1;647,4;647,4;172,0;0;0;0;;703
C01129;905,22;10;90,52;2082,14;0;0,04347450219485721;263;11/01/2026;0;8;0,625;1,625;7;0;0,0;1;1029,16;1029,16;341,0;0;0;0;;774
C01130;7244,8;24;301,87;3538,8;0;0,08530292754606081;173;02/02/2026;0;5;0,4;4,8;22;0;0,0;7;5600,77;800,11;93,0;2;1;0;121,0;793
C01131;909,73;12;75,81;3409,3;0;0,022236236177514444;293;22/01/2026;0;9;0,4444444444444444;4,0;22;0;0,0;1;284,55;284,55;586,0;1;0;0;84,0;831
C01132;1904,38;10;190,44;2283,96;0;0,08338149529764094;293;31/07/2025;0;9;0,7777777777777778;6,777777777777778;23;1;190,44;1;2761,44;2761,44;652,0;1;0;0;248,0;687
C01133;1982,69;12;165,22;1198,82;0;0,13781885520762083;353;18/11/2025;0;11;0,5454545454545454;1,0;2;0;0,0;4;5632,16;1408,04;294,0;0;0;0;;752
C01135;2415,59;24;100,65;1513,06;0;0,06652082534730944;473;15/01/2026;1;15;0,4666666666666667;6,333333333333333;26;0;0,0;1;270,58;270,58;867,0;0;0;0;;678
C01136;2433,28;18;135,18;2590,53;0;0,0521823719470533;383;29/01/2026;0;12;0,4166666666666667;3,75;26;0;0,0;1;592,6;592,6;884,0;2;0;0;220,0;747
C01138;1676,6;12;139,72;1596,96;0;0,08749123334335236;353;09/11/2025;0;11;0,45454545454545453;4,818181818181818;22;0;0,0;3;2596,0;865,3333333333334;232,0;2;2;0;17,0;664
C01139;2983,51;6;497,25;3067,06;0;0,16212594471578645;173;18/07/2025;0;5;0,2;1,0;5;0;0,0;3;2390,3599999999997;796,7866666666665;344,0;0;0;0;;693
C01140;3069,88;12;255,82;1918,35;0;0,1333541845857117;173;21/01/2026;1;5;1,0;4,0;13;0;0,0;3;2486,73;828,91;147,0;1;1;0;18,0;593
C01141;752,18;18;41,79;4136,83;0;0,010101937957324812;323;09/01/2026;0;10;0,4;1,9;13;0;0,0;8;7397,37;924,67125;152,0;0;0;0;;762
C01142;4935,02;10;493,5;6263,84;0;0,07878553730618917;293;08/10/2025;0;9;0,2222222222222222;0,4444444444444444;2;0;0,0;5;4954,63;990,926;268,0;0;0;0;;697
C01143;3186,92;12;265,58;2478,64;0;0,1071474679663041;233;27/01/2026;1;7;0,2857142857142857;0,42857142857142855;2;0;0,0;2;882,6600000000001;441,33000000000004;94,0;1;1;0;13,0;595
C01144;1215,8;18;67,54;1231,99;0;0,05482187355416846;533;20/01/2026;0;17;0,5294117647058824;4,176470588235294;25;0;0,0;1;1311,15;1311,15;482,0;1;0;0;55,0;668
C01145;757,97;24;31,58;2693,58;0;0,011724173776164065;143;01/02/2026;0;4;0,25;0,5;2;0;0,0;0;0,0;;;2;0;0;82,0;679
C01147;1479,85;18;82,21;3099,31;0;0,02652525884793712;143;21/01/2026;0;4;0,5;10,5;24;0;0,0;1;977,16;977,16;757,0;0;0;0;;702
C01148;2644,37;6;440,73;3872,74;0;0,11380314712580758;173;07/12/2024;1;5;0,8;6,6;20;0;0,0;0;0,0;;;1;1;0;119,0;503
C01150;2117,17;6;352,86;5060,68;0;0,0697258075989788;173;20/12/2024;0;5;0,2;1,8;9;0;0,0;1;1158,71;1158,71;753,0;1;1;0;168,0;779
C01151;2818,36;24;117,43;3295,95;0;0,03562857446259804;173;04/02/2026;0;5;0,0;0,0;0;0;0,0;0;0,0;;;0;0;0;;704
C01152;3830,32;24;159,6;5246,27;0;0,03042161383230371;233;15/01/2026;0;7;0,2857142857142857;2,5714285714285716;16;0;0,0;3;2107,64;702,5466666666666;158,0;0;0;0;;837
C01153;1961,42;10;196,14;2094,22;0;0,09365778189492986;293;01/09/2025;0;9;0,1111111111111111;0,1111111111111111;1;0;0,0;4;6115,38;1528,845;376,0;0;0;0;;657
C01154;2370,78;18;131,71;1350,75;0;0,09750879141217843;383;04/02/2026;0;12;0,4166666666666667;2,6666666666666665;21;0;0,0;1;1023,58;1023,58;590,0;0;0;0;;692
C01155;5355,71;24;223,15;1550,81;0;0,1438925464757127;533;08/01/2026;1;17;0,7058823529411765;7,470588235294118;23;1;223,15;1;371,72;371,72;530,0;3;3;0;12,0;618
C01156;2487,67;10;248,77;1935,36;0;0,1285393931878307;293;02/01/2026;1;9;0,7777777777777778;10,88888888888889;24;0;0,0;1;281,45;281,45;803,0;0;0;0;;561
C01157;1510,15;10;151,02;2860,82;0;0,05278906047916332;263;28/01/2026;1;8;0,875;7,625;16;0;0,0;4;2715,22;678,805;79,0;2;1;0;104,0;556
C01158;1030,5;10;103,05;3066,08;0;0,033609690549496425;293;05/11/2025;0;9;0,4444444444444444;5,222222222222222;22;0;0,0;5;3603,2599999999998;720,6519999999999;40,0;1;0;0;122,0;830
C01159;1396,67;6;232,78;1727,98;0;0,1347122073172143;173;12/03/2025;0;5;0,2;0,4;2;0;0,0;4;2835,0699999999997;708,7674999999999;142,0;0;0;0;;718
C01160;2407,3;10;240,73;1446,15;0;0,16646267676243817;113;10/01/2026;0;3;0,3333333333333333;0,3333333333333333;1;0;0,0;0;0,0;;;0;0;0;;594
C01161;805,46;18;44,75;2602,42;0;0,0171955333881541;383;06/02/2026;1;12;0,5;3,1666666666666665;12;0;0,0;1;496,69;496,69;478,0;1;0;0;224,0;671
C01162;2752,81;18;152,93;1882,4;0;0,08124203144921377;83;18/01/2026;0;2;0,0;0,0;0;0;0,0;1;255,49;255,49;821,0;0;0;0;;711
C01163;1940,42;24;80,85;5781,39;0;0,013984526212554419;473;29/01/2026;0;15;0,4;2,2;25;0;0,0;3;3314,71;1104,9033333333334;438,0;0;0;0;;795
C01164;4769,45;10;476,94;1870,9;0;0,254925436955476;233;30/01/2026;1;7;0,7142857142857143;6,714285714285714;19;0;0,0;8;9088,85;1136,10625;183,0;3;2;0;24,0;470
C01165;3768,04;12;314,0;3175,32;0;0,09888767116385119;353;05/11/2025;0;11;0,36363636363636365;3,272727272727273;19;0;0,0;0;0,0;;;0;0;0;;796
C01166;3679,2;6;613,2;5142,3;0;0,11924625167726505;173;14/01/2025;0;5;0,6;7,4;25;0;0,0;6;3427,07;571,1783333333334;76,0;0;0;0;;770
C01168;1005,56;6;167,59;2412,1;0;0,06947887732681067;173;02/07/2025;0;5;0,2;3,4;17;0;0,0;2;1283,96;641,98;3,0;0;0;0;;697
C01169;892,26;12;74,36;2860,4;0;0,025996364144874842;353;23/09/2025;0;11;0,2727272727272727;3,8181818181818183;23;0;0,0;4;5255,6;1313,9;28,0;1;0;0;285,0;852
C01170;2593,37;12;216,11;1146,97;0;0,18841818007445704;353;02/02/2026;1;11;0,45454545454545453;5,0;22;0;0,0;3;3805,68;1268,56;87,0;1;0;0;36,0;580
C01172;6157,41;18;342,08;1251,55;0;0,27332507690463825;113;30/01/2026;1;3;1,0;13,333333333333334;16;0;0,0;2;1261,3400000000001;630,6700000000001;473,0;0;0;0;;591
C01173;1384,92;12;115,41;1953,79;0;0,05906980791180219;173;09/01/2026;0;5;0,4;7,2;23;1;115,41;2;2787,08;1393,54;264,0;1;1;0;24,0;716
C01174;1951,25;12;162,6;2255,46;0;0,07209172408289218;83;04/02/2026;1;2;0,0;0,0;0;0;0,0;1;700,99;700,99;806,0;1;1;0;58,0;570
C01175;2165,19;10;216,52;2077,09;0;0,1042419924028328;293;11/10/2025;0;9;0,6666666666666666;2,3333333333333335;13;0;0,0;7;5318,13;759,7328571428571;33,0;0;0;0;;544
C01176;1196,56;12;99,71;1760,52;0;0,056636675527685;263;02/02/2026;0;8;0,25;0,875;5;0;0,0;6;5133,349999999999;855,5583333333333;164,0;0;0;0;;739
C01177;4048,07;6;674,68;5585,25;0;0,12079674141712546;83;18/01/2026;0;2;1,0;7,5;9;0;0,0;2;2985,69;1492,845;24,0;0;0;0;;567
C01178;4630,72;18;257,26;1795,49;0;0,14328122128221266;203;09/01/2026;0;6;0,8333333333333334;9,166666666666666;23;0;0,0;5;3297,1;659,42;157,0;1;1;0;96,0;674
C01179;1418,61;10;141,86;3783,36;0;0,037495770954918385;293;30/11/2025;1;9;0,5555555555555556;5,555555555555555;16;0;0,0;1;270,58;270,58;821,0;1;0;0;231,0;589
C01180;1416,11;10;141,61;3017,39;0;0,046931288298827804;293;09/01/2026;1;9;0,4444444444444444;6,0;26;0;0,0;0;0,0;;;2;1;0;136,0;614
C01181;1001,02;18;55,61;3445,37;0;0,01614050160069891;143;02/02/2026;0;4;0,25;0,25;1;0;0,0;5;4631,54;926,308;124,0;0;0;0;;680
C01182;2808,25;10;280,82;3197,47;0;0,0878256871839298;293;31/10/2025;0;9;0,6666666666666666;6,444444444444445;24;0;0,0;0;0,0;;;1;1;0;38,0;688
C01183;1693,64;12;141,14;1942,01;0;0,07267727766592344;323;23/01/2026;0;10;0,3;0,4;2;0;0,0;2;1715,9299999999998;857,9649999999999;446,0;3;0;0;170,0;837
C01184;1667,35;10;166,74;2930,4;0;0,0569000819000819;83;16/01/2026;1;2;0,0;0,0;0;0;0,0;1;1971,71;1971,71;408,0;2;2;0;32,0;670
C01185;2390,6;18;132,81;2837,94;0;0,046798029556650245;233;02/02/2026;0;7;0,42857142857142855;5,0;23;0;0,0;3;1575,33;525,11;218,0;0;0;0;;735
C01186;1223,82;12;101,98;4867,43;0;0,020951508290822877;323;21/01/2026;0;10;0,0;0,0;0;0;0,0;10;8427,62;842,7620000000001;346,0;0;0;0;;816
C01187;529,57;18;29,42;2908,17;0;0,010116327449908362;473;16/01/2026;0;15;0,26666666666666666;1,4666666666666666;17;0;0,0;0;0,0;;;1;0;0;5,0;864
C01188;3338,28;6;556,38;6849,05;0;0,08123462377994028;173;13/01/2025;0;5;0,6;9,6;23;1;556,38;1;987,09;987,09;231,0;0;0;0;;734
C01190;1697,74;18;94,32;1725,48;0;0,05466305028166075;203;05/02/2026;1;6;0,3333333333333333;1,3333333333333333;6;0;0,0;1;293,58;293,58;536,0;0;0;0;;685
C01191;2696,42;12;224,7;3240,03;0;0,06935120971102118;353;21/12/2025;0;11;0,45454545454545453;3,8181818181818183;17;0;0,0;1;531,44;531,44;851,0;1;0;0;288,0;797
C01192;2502,57;12;208,55;1725,32;0;0,12087612732710455;263;23/01/2026;0;8;0,25;5,125;21;0;0,0;0;0,0;;;0;0;0;;685
C01193;1333,27;10;133,33;2940,17;0;0,04534771798909587;293;06/09/2025;0;9;0,4444444444444444;4,666666666666667;26;0;0,0;1;404,87;404,87;894,0;0;0;0;;838
C01194;2629,64;12;219,14;2392,87;0;0,09158040344857848;353;01/02/2026;0;11;0,7272727272727273;8,818181818181818;23;1;219,14;0;0,0;;;0;0;0;;645
C01195;4594,31;24;191,43;1784,05;0;0,10730080434965389;233;06/02/2026;1;7;1,0;12,857142857142858;24;0;0,0;3;7320,03;2440,0099999999998;197,0;0;0;0;;509
C01196;7324,31;10;732,43;4341,99;0;0,16868532631351063;293;15/04/2025;1;9;0,8888888888888888;10,666666666666666;20;0;0,0;0;0,0;;;1;1;0;124,0;543
C01198;1653,93;24;68,91;2757,61;0;0,024989030355996675;563;19/01/2026;0;18;0,3333333333333333;0,6111111111111112;2;0;0,0;2;1239,41;619,705;350,0;2;1;0;104,0;715
C01199;2739,97;24;114,17;2781,64;0;0,04104413223853554;113;23/01/2026;0;3;1,0;16,0;24;1;114,17;2;1794,26;897,13;64,0;1;1;0;27,0;506
C01200;1220,15;12;101,68;3650,31;0;0,02785516846514406;323;09/01/2026;0;10;0,3;4,0;20;0;0,0;2;1502,67;751,335;396,0;1;0;0;146,0;923
C01201;1793,74;10;179,37;2742,9;0;0,06539429071420759;293;20/07/2025;0;9;0,3333333333333333;0,3333333333333333;1;0;0,0;2;1471,58;735,79;296,0;0;0;0;;917
C01202;5487,95;12;457,33;6800,91;0;0,06724541274623543;293;31/01/2026;0;9;0,3333333333333333;4,666666666666667;24;0;0,0;2;3109,79;1554,895;380,0;0;0;0;;685
C01203;2190,35;12;182,53;2318,2;0;0,07873781382106808;353;21/09/2025;0;11;0,2727272727272727;0,2727272727272727;1;0;0,0;1;1061,38;1061,38;34,0;0;0;0;;854
C01205;1449,16;24;60,38;3337,31;0;0,01809241574801262;113;25/01/2026;0;3;0,0;0,0;0;0;0,0;3;2304,44;768,1466666666666;394,0;2;0;0;109,0;759
C01206;3016,12;24;125,67;3520,95;0;0,03569207174200145;413;20/01/2026;0;13;0,3076923076923077;2,8461538461538463;25;0;0,0;3;2141,65;713,8833333333333;428,0;0;0;0;;608
C01207;3023,97;10;302,4;2464,69;0;0,12269291472761279;293;19/12/2025;1;9;0,6666666666666666;10,555555555555555;20;0;0,0;4;3432,95;858,2375;650,0;1;1;0;198,0;847
C01208;954,36;12;79,53;6168,41;0;0,01289311183919357;353;05/07/2025;1;11;0,45454545454545453;1,7272727272727273;13;0;0,0;1;165,86;165,86;606,0;0;0;0;;777
C01210;750,45;10;75,04;1772,45;0;0,04233687833225197;293;07/06/2025;1;9;0,3333333333333333;1,6666666666666667;11;0;0,0;3;927,1100000000001;309,0366666666667;41,0;1;1;0;145,0;787
C01211;1818,32;12;151,53;3618,18;0;0,04188017179908131;323;23/01/2026;1;10;0,3;0,7;4;0;0,0;5;4108,59;821,7180000000001;423,0;3;0;0;128,0;617
C01212;2267,95;12;189,0;1942,46;0;0,09729930088650474;323;23/01/2026;0;10;0,6;6,6;22;0;0,0;7;5911,21;844,4585714285714;187,0;0;0;0;;733
C01214;1456,9;12;121,41;1188,31;0;0,10217030909442823;233;06/02/2026;1;7;0,8571428571428571;12,714285714285714;24;0;0,0;6;6236,97;1039,4950000000001;179,0;0;0;0;;615
C01216;951,49;12;79,29;7349,56;0;0,010788400938287462;353;14/12/2025;1;11;0,18181818181818182;1,7272727272727273;17;0;0,0;3;2039,38;679,7933333333334;92,0;2;2;0;11,0;677
C01217;1891,85;6;315,31;3046,75;0;0,10349060474275867;173;13/05/2025;0;5;0,4;3,2;14;0;0,0;0;0,0;;;1;1;0;70,0;713
C01218;606,72;6;101,12;3251,69;0;0,031097675362657572;173;21/12/2024;0;5;0,0;0,0;0;0;0,0;3;2177,17;725,7233333333334;239,0;0;0;0;;785
C01220;6254,83;12;521,24;3238,31;0;0,1609605010020659;143;26/01/2026;1;4;0,25;0,5;2;0;0,0;2;1066,33;533,165;453,0;0;0;0;;764
C01222;1354,25;12;112,85;1629,26;0;0,06926457410112566;353;09/12/2025;1;11;0,45454545454545453;3,6363636363636362;18;0;0,0;2;1721,13;860,565;277,0;1;1;0;1,0;625
C01223;2647,62;10;264,76;3249,74;0;0,08147113307526141;263;28/01/2026;0;8;0,25;3,0;23;0;0,0;1;311,1;311,1;175,0;0;0;0;;625
C01225;1888,58;10;188,86;5507,46;0;0,03429166984417499;293;12/01/2026;1;9;0,3333333333333333;4,777777777777778;26;0;0,0;4;4227,35;1056,8375;154,0;1;0;0;116,0;539
C01226;2204,55;18;122,48;3412,32;0;0,03589346837342336;113;18/01/2026;0;3;0,3333333333333333;7,666666666666667;23;1;122,48;7;6672,28;953,1828571428571;127,0;1;0;0;1,0;671
C01227;1276,83;24;53,2;3030,94;0;0,01755231050433199;233;21/01/2026;0;7;0,42857142857142855;4,142857142857143;24;0;0,0;1;1412,74;1412,74;128,0;2;2;0;28,0;774
C01228;1567,71;12;130,64;1831,04;0;0,07134743096819293;353;30/01/2026;1;11;0,9090909090909091;9,727272727272727;21;0;0,0;5;4623,94;924,7879999999999;339,0;2;2;0;202,0;492
C01230;3261,84;18;181,21;2325,56;0;0,07792101687335524;473;05/02/2026;1;15;0,8666666666666667;13,933333333333334;24;1;181,21;4;2200,12;550,03;254,0;3;3;0;53,0;486
C01231;1054,39;12;87,87;2517,26;0;0,034907002057793;353;05/09/2025;0;11;0,36363636363636365;2,8181818181818183;20;0;0,0;0;0,0;;;0;0;0;;696
C01232;2634,33;18;146,35;1880,84;0;0,07781097807362668;263;20/01/2026;0;8;0,25;0,375;2;0;0,0;5;5598,32;1119,664;42,0;0;0;0;;910
C01234;4553,3;12;379,44;3224,88;0;0,11766019200714445;83;18/01/2026;0;2;1,0;7,5;13;0;0,0;3;3117,48;1039,16;138,0;1;1;0;22,0;732
C01235;6415,21;10;641,52;2990,99;0;0,21448416744957355;293;28/06/2025;1;9;0,7777777777777778;8,11111111111111;17;0;0,0;0;0,0;;;0;0;0;;482
C01236;3504,76;6;584,13;4305,21;0;0,13567979262335636;173;28/03/2025;1;5;1,0;15,2;23;0;0,0;1;345,82;345,82;511,0;0;0;0;;559
C01237;1850,11;10;185,01;11437,15;0;0,016176232715318064;293;20/12/2025;0;9;0,1111111111111111;0,6666666666666666;6;0;0,0;1;891,27;891,27;341,0;2;1;0;86,0;655
C01238;2761,07;24;115,04;3346,28;0;0,034378474006956976;533;18/01/2026;0;17;0,4117647058823529;1,8823529411764706;20;0;0,0;2;2054,72;1027,36;64,0;1;0;0;286,0;710
C01239;2699,92;24;112,5;2945,12;0;0,03819878307165752;263;04/02/2026;0;8;0,0;0,0;0;0;0,0;4;2652,41;663,1025;105,0;0;0;0;;802
C01240;3365,14;10;336,51;3099,69;0;0,10856246915014081;293;30/10/2025;0;9;0,3333333333333333;2,2222222222222223;9;0;0,0;2;2614,74;1307,37;33,0;1;0;0;202,0;519
C01241;1297,27;12;108,11;2132,83;0;0,050688521823117644;173;22/01/2026;1;5;0,6;10,0;25;0;0,0;2;4141,18;2070,59;132,0;1;1;0;108,0;522
C01242;6545,4;10;654,54;2451,45;0;0,2670011625772502;293;22/08/2025;1;9;0,5555555555555556;7,888888888888889;26;0;0,0;1;1137,45;1137,45;526,0;0;0;0;;611
C01243;7216,53;12;601,38;2946,75;0;0,20408246373122932;353;27/01/2026;1;11;0,6363636363636364;8,909090909090908;24;0;0,0;0;0,0;;;2;1;0;157,0;482
C01245;2848,61;10;284,86;1883,59;0;0,15123248690001542;263;08/01/2026;1;8;0,625;11,375;26;0;0,0;1;174,93;174,93;716,0;3;2;0;48,0;699
C01246;3413,63;18;189,65;2620,32;0;0,07237665628625511;383;10/01/2026;0;12;0,4166666666666667;0,6666666666666666;2;0;0,0;1;507,83;507,83;301,0;0;0;0;;843
C01247;531,4;10;53,14;4401,9;0;0,01207205979236239;173;12/01/2026;1;5;0,6;6,8;19;0;0,0;1;2985,41;2985,41;801,0;0;0;0;;638
C01248;3155,04;12;262,92;1951,78;0;0,13470780518296122;353;19/07/2025;1;11;0,8181818181818182;13,818181818181818;24;1;262,92;4;3567,02;891,755;178,0;1;1;0;208,0;637
C01249;4087,0;24;170,29;6252,71;0;0,027234591081307144;143;21/01/2026;0;4;0,25;0,5;2;0;0,0;4;3432,95;858,2375;683,0;1;1;0;34,0;961
C01250;1650,9;6;275,15;5299,33;0;0,05192165802091962;173;04/07/2025;0;5;0,2;0,8;4;0;0,0;1;479,4;479,4;413,0;1;1;0;146,0;612
C01251;1625,28;10;162,53;2017,75;0;0,08055011770536488;293;04/11/2025;0;9;0,5555555555555556;6,0;20;0;0,0;6;6820,1;1136,6833333333334;102,0;0;0;0;;606
C01252;2874,78;10;287,48;6761,61;0;0,04251650124748396;233;10/01/2026;0;7;0,5714285714285714;10,142857142857142;26;1;287,48;1;182,22;182,22;784,0;0;0;0;;587
C01253;3241,79;18;180,1;2042,0;0;0,08819784524975514;203;17/01/2026;1;6;0,16666666666666666;0,3333333333333333;2;0;0,0;0;0,0;;;0;0;0;;586
C01254;1527,41;6;254,57;2164,85;0;0,11759244289442687;173;02/02/2026;0;5;0,2;4,0;20;0;0,0;0;0,0;;;1;1;0;65,0;627
C01256;1174,27;12;97,86;2648,94;0;0,03694307911843983;323;09/01/2026;0;10;0,3;2,1;19;0;0,0;2;2942,34;1471,17;227,0;0;0;0;;776
C01257;2664,42;6;444,07;4978,2;0;0,08920292475191836;173;07/12/2025;1;5;0,2;0,2;1;0;0,0;0;0,0;;;1;1;0;8,0;690
C01258;1450,44;10;145,04;2948,11;0;0,049197621527012216;293;23/09/2025;1;9;0,4444444444444444;5,555555555555555;25;0;0,0;0;0,0;;;1;0;0;102,0;810
C01259;3341,83;12;278,49;4505,79;0;0,06180714147796502;323;25/01/2026;0;10;0,6;4,0;19;0;0,0;3;2634,63;878,21;111,0;0;0;0;;830
C01260;2194,84;18;121,94;2849,67;0;0,042790919650345476;353;16/01/2026;0;11;0,2727272727272727;0,5454545454545454;3;0;0,0;3;4187,1;1395,7;86,0;1;0;0;23,0;655
C01261;1739,52;12;144,96;3933,49;0;0,03685276942359076;233;26/01/2026;1;7;0,2857142857142857;1,2857142857142858;8;0;0,0;5;5706,49;1141,298;170,0;0;0;0;;848
C01262;2942,3;6;490,38;3528,5;0;0,13897690236644467;143;11/01/2026;0;4;0,5;3,25;12;0;0,0;2;2646,04;1323,02;917,0;1;0;0;142,0;850
C01263;3920,31;12;326,69;2993,19;0;0,10914442451030505;353;26/09/2025;0;11;0,18181818181818182;0,18181818181818182;1;0;0,0;7;8635,73;1233,6757142857143;35,0;1;1;0;11,0;733
C01264;939,57;24;39,15;2296,85;0;0,017045083483901866;533;19/01/2026;0;17;0,5882352941176471;3,5294117647058822;26;0;0,0;4;5272,92;1318,23;242,0;2;2;0;83,0;675
C01265;1118,37;24;46,6;1662,9;0;0,02802333273197426;113;02/02/2026;1;3;0,0;0,0;0;0;0,0;1;1198,37;1198,37;234,0;0;0;0;;713
C01266;1134,01;10;113,4;3241,05;0;0,03498866108205674;293;14/01/2026;0;9;0,4444444444444444;5,222222222222222;26;0;0,0;4;3567,02;891,755;357,0;1;0;0;89,0;849
C01267;2070,62;12;172,55;2349,09;0;0,07345397579488228;173;10/01/2026;0;5;0,2;0,4;2;0;0,0;5;5706,49;1141,298;154,0;0;0;0;;647
C01268;1646,58;12;137,22;2927,42;0;0,04687403925641008;293;27/01/2026;0;9;0,3333333333333333;0,5555555555555556;2;0;0,0;4;3197,75;799,4375;86,0;0;0;0;;893
C01269;2201,48;18;122,3;1416,73;0;0,08632555250471155;83;23/01/2026;0;2;0,0;0,0;0;0;0,0;2;948,87;474,435;372,0;1;0;0;35,0;861
C01270;2265,55;6;377,59;2219,43;0;0,17012926742451892;173;04/01/2025;1;5;1,0;17,6;25;0;0,0;1;935,09;935,09;134,0;0;0;0;;734
C01271;1175,66;12;97,97;2729,31;0;0,035895519380356206;203;09/01/2026;1;6;0,16666666666666666;0,3333333333333333;2;0;0,0;2;1729,15;864,575;487,0;1;1;0;19,0;788
C01273;3051,91;12;254,33;4407,61;0;0,057702473676210016;263;21/01/2026;1;8;0,25;3,0;17;0;0,0;4;1633,6299999999999;408,40749999999997;27,0;3;1;0;11,0;718
C01274;1778,05;12;148,17;4877,11;0;0,030380696765092443;353;30/06/2025;0;11;0,36363636363636365;2,5454545454545454;12;0;0,0;6;4438,049999999999;739,6749999999998;3,0;2;1;0;144,0;739
C01275;6055,4;18;336,41;3084,56;0;0,10906255673418576;533;30/11/2025;1;17;0,5294117647058824;8,529411764705882;26;0;0,0;0;0,0;;;0;0;0;;630
C01277;1920,86;18;106,71;2916,82;0;0,0365843624220898;473;26/01/2026;0;15;0,4;3,7333333333333334;24;0;0,0;4;4353,33;1088,3325;382,0;0;0;0;;701
C01279;2268,55;6;378,09;3532,55;0;0,10703033219628878;173;24/12/2024;1;5;0,4;6,8;21;0;0,0;1;424,15;424,15;158,0;3;2;0;120,0;675
C01280;959,48;24;39,98;2687,58;0;0,014875836254176619;83;27/01/2026;0;2;0,5;3,5;7;0;0,0;1;371,72;371,72;549,0;0;0;0;;816
C01281;884,41;12;73,7;2105,1;0;0,0350102132915301;263;17/01/2026;0;8;0,625;4,5;23;0;0,0;3;2755,52;918,5066666666667;26,0;1;0;0;111,0;488
C01282;4082,21;6;680,37;4408,0;0;0,1543489110707804;113;08/01/2026;0;3;1,0;15,333333333333334;21;0;0,0;1;431,01;431,01;100,0;0;0;0;;584
C01283;4171,76;10;417,18;3535,57;0;0,11799511818462087;293;06/04/2025;1;9;0,6666666666666666;6,111111111111111;21;0;0,0;3;1860,31;620,1033333333334;159,0;0;0;0;;594
C01284;1251,98;24;52,17;4834,58;0;0,010791009767135925;203;21/01/2026;0;6;0,0;0,0;0;0;0,0;2;2047,1100000000001;1023,5550000000001;357,0;1;0;0;131,0;644
C01285;4488,01;6;748,0;4135,72;0;0,1808633079608871;173;09/06/2025;0;5;0,6;3,8;10;0;0,0;1;903,59;903,59;285,0;1;0;0;122,0;746
C01286;2150,59;24;89,61;4413,5;0;0,020303613911861335;143;11/01/2026;0;4;0,25;5,75;23;1;89,61;1;290,59;290,59;269,0;0;0;0;;676
C01287;3463,46;18;192,41;1557,12;0;0,12356786888614879;113;27/01/2026;1;3;0,6666666666666666;9,333333333333334;18;0;0,0;0;0,0;;;0;0;0;;709
C01288;2557,55;10;255,76;1983,42;0;0,12894898710308456;173;28/01/2026;0;5;0,0;0,0;0;0;0,0;9;5198,52;577,6133333333333;143,0;0;0;0;;718
C01289;3526,14;12;293,84;2199,1;0;0,13361829839479786;83;22/01/2026;0;2;0,0;0,0;0;0;0,0;3;3674,94;1224,98;209,0;0;0;0;;809
C01291;1427,58;12;118,96;4935,5;0;0,024102927768209905;353;19/10/2025;0;11;0,09090909090909091;0,09090909090909091;1;0;0,0;4;3588,88;897,22;70,0;0;0;0;;794
C01292;1493,93;12;124,49;3246,01;0;0,03835169947104291;353;23/10/2025;1;11;0,6363636363636364;5,363636363636363;19;0;0,0;3;2940,74;980,2466666666666;160,0;1;1;0;179,0;680
C01293;1244,7;12;103,72;1870,59;0;0,05544774643294362;353;09/01/2026;1;11;0,36363636363636365;2,909090909090909;16;0;0,0;4;3926,98;981,745;168,0;2;0;0;234,0;629
C01296;2854,14;24;118,92;3951,71;0;0,030093301380921172;173;31/01/2026;1;5;0,8;7,0;20;0;0,0;2;2547,59;1273,795;116,0;2;2;0;11,0;661
C01297;2011,69;18;111,76;5186,93;0;0,02154646390061173;473;30/01/2026;0;15;0,13333333333333333;1,5333333333333334;20;0;0,0;6;6176,35;1029,3916666666667;141,0;1;1;0;84,0;943
C01298;2005,5;10;200,55;5356,18;0;0,03744272970661927;293;12/08/2025;1;9;0,8888888888888888;11,222222222222221;25;0;0,0;0;0,0;;;3;2;0;68,0;605
C01299;896,98;24;37,37;2964,63;0;0,012605282952678747;353;23/01/2026;0;11;0,5454545454545454;6,2727272727272725;24;0;0,0;2;3406,0;1703,0;320,0;1;1;0;180,0;510
C01300;1555,26;24;64,8;1796,09;0;0,036078370237571614;443;08/01/2026;0;14;0,21428571428571427;2,142857142857143;16;0;0,0;2;2204,12;1102,06;592,0;0;0;0;;726
C01301;1248,62;6;208,1;1815,36;0;0,11463291027674952;173;13/09/2025;1;5;0,8;8,4;17;0;0,0;0;0,0;;;1;1;0;43,0;653
C01302;1980,29;18;110,02;1932,92;0;0,056919065455373216;233;31/01/2026;1;7;0,5714285714285714;7,571428571428571;18;0;0,0;0;0,0;;;1;0;0;5,0;608
C01303;3633,2;6;605,53;4050,89;0;0,14948073139482929;173;03/05/2025;1;5;1,0;5,0;8;0;0,0;0;0,0;;;2;2;0;68,0;514
C01304;735,27;18;40,85;2732,16;0;0,014951540173342704;113;22/01/2026;0;3;1,0;5,0;11;0;0,0;2;1041,35;520,675;245,0;1;0;0;27,0;711
C01305;1329,25;12;110,77;4143,37;0;0,026734276687816923;293;22/01/2026;0;9;0,4444444444444444;0,7777777777777778;2;0;0,0;3;2150,78;716,9266666666667;147,0;0;0;0;;729
C01306;3027,31;18;168,18;2934,46;0;0,05731207786100339;113;18/01/2026;1;3;0,6666666666666666;3,3333333333333335;9;0;0,0;0;0,0;;;0;0;0;;696
C01307;1346,7;12;112,22;4163,51;0;0,026953219759289635;203;29/01/2026;0;6;0,16666666666666666;1,6666666666666667;10;0;0,0;4;5668,41;1417,1025;111,0;1;1;0;102,0;641
C01308;1632,01;12;136,0;2339,74;0;0,058126116577055575;353;19/11/2025;0;11;0,2727272727272727;1,7272727272727273;10;0;0,0;0;0,0;;;0;0;0;;708
C01309;2665,97;24;111,08;1827,02;0;0,06079845869229675;323;21/01/2026;0;10;0,3;3,6;19;0;0,0;3;5080,379999999999;1693,4599999999998;507,0;0;0;0;;609
C01311;910,62;6;151,77;6604,19;0;0,02298086517801578;143;30/01/2026;0;4;0,5;6,25;24;0;0,0;1;414,22;414,22;828,0;2;1;0;19,0;768
C01312;1920,92;10;192,09;3698,81;0;0,05193291896582955;293;18/11/2025;1;9;0,3333333333333333;3,5555555555555554;15;0;0,0;3;2500,74;833,5799999999999;172,0;0;0;0;;613
C01315;3768,73;12;314,06;1963,91;0;0,1599156784170354;323;02/02/2026;1;10;0,2;3,3;26;0;0,0;1;1311,15;1311,15;495,0;1;0;0;290,0;712
C01316;380,0;10;38,0;1547,46;0;0,024556369793080273;293;04/04/2025;0;9;0,1111111111111111;2,6666666666666665;24;0;0,0;1;1886,31;1886,31;548,0;0;0;0;;644
C01317;737,68;24;30,74;2574,53;0;0,011940043425401916;353;22/01/2026;0;11;0,2727272727272727;0,5454545454545454;2;0;0,0;1;552,85;552,85;827,0;0;0;0;;883
C01318;707,02;12;58,92;2938,66;0;0,02004995474127664;203;11/01/2026;0;6;0,3333333333333333;4,5;25;0;0,0;6;3350,25;558,375;59,0;0;0;0;;623
C01319;3213,15;10;321,32;4793,26;0;0,06703579609701955;263;29/01/2026;0;8;0,375;2,875;20;0;0,0;1;681,37;681,37;833,0;0;0;0;;726
C01320;2516,69;12;209,72;5995,15;0;0,034981610134859016;353;15/12/2025;0;11;0,36363636363636365;1,9090909090909092;15;0;0,0;4;4816,99;1204,2475;220,0;0;0;0;;938
C01321;1426,03;10;142,6;4169,38;0;0,03420172783483395;203;13/01/2026;0;6;0,3333333333333333;3,5;19;0;0,0;1;154,83;154,83;438,0;1;0;0;105,0;649
C01322;3399,44;6;566,57;3500,63;0;0,16184801021530412;173;06/01/2026;1;5;0,6;8,0;22;0;0,0;1;540,7;540,7;481,0;0;0;0;;679
C01323;3535,55;6;589,26;4667,42;0;0,12624961970424775;173;30/06/2025;0;5;0,4;3,8;13;0;0,0;3;4014,1000000000004;1338,0333333333335;477,0;2;1;0;163,0;754
C01324;4251,67;12;354,31;3083,53;0;0,11490402233803465;353;08/11/2025;1;11;0,6363636363636364;8,454545454545455;22;0;0,0;1;941,5;941,5;649,0;1;0;0;138,0;614
C01326;1454,8;10;145,48;1397,29;0;0,10411582420256353;143;19/01/2026;0;4;0,25;0,25;1;0;0,0;0;0,0;;;0;0;0;;778
C01327;3184,08;24;132,67;2252,98;0;0,058886452609432836;83;16/01/2026;1;2;0,5;11,0;22;0;0,0;2;2475,58;1237,79;244,0;1;0;0;72,0;573
C01328;1161,88;12;96,82;3308,44;0;0,029264547641788877;353;21/06/2025;1;11;0,5454545454545454;7,545454545454546;26;0;0,0;3;1762,25;587,4166666666666;260,0;1;0;0;159,0;709
C01329;738,9;24;30,79;2614,82;0;0,011775189114355863;143;24/01/2026;0;4;0,25;0,25;1;0;0,0;0;0,0;;;0;0;0;;864
C01330;2026,09;18;112,56;2922,75;0;0,03851167564793431;233;11/01/2026;0;7;0,2857142857142857;4,285714285714286;24;0;0,0;1;254,44;254,44;770,0;0;0;0;;561
C01332;1648,27;12;137,36;2694,76;0;0,05097299945078597;83;21/01/2026;1;2;0,5;1,0;2;0;0,0;4;4084,4500000000003;1021,1125000000001;222,0;0;0;0;;704
C01333;3526,29;6;587,72;3491,93;0;0,1683080703221428;173;21/06/2025;1;5;0,4;5,6;17;0;0,0;2;964,37;482,185;198,0;0;0;0;;602
C01334;2994,69;12;249,56;1867,14;0;0,1336589650481485;353;26/08/2025;1;11;0,45454545454545453;4,545454545454546;19;0;0,0;1;810,84;810,84;124,0;2;1;0;29,0;659
C01335;2218,12;6;369,69;2422,87;0;0,15258350633752535;173;13/12/2024;1;5;0,0;0,0;0;0;0,0;0;0,0;;;2;0;0;100,0;733
C01336;2095,96;18;116,44;3539,24;0;0,032899718583650726;143;31/01/2026;0;4;0,25;6,0;24;0;0,0;2;762,39;381,195;523,0;0;0;0;;782
C01337;5673,05;10;567,31;1907,2;0;0,297457005033557;293;26/04/2025;0;9;0,4444444444444444;6,0;25;0;0,0;2;1104,55;552,275;151,0;3;3;0;47,0;521
C01338;2069,9;12;172,49;5760,96;0;0,029941190357162698;353;11/06/2025;1;11;0,6363636363636364;6,454545454545454;25;0;0,0;3;2466,79;822,2633333333333;517,0;1;0;0;154,0;600
C01339;2528,64;12;210,72;5196,85;0;0,040547639435427225;233;02/02/2026;0;7;0,2857142857142857;1,0;5;0;0,0;6;6555,43;1092,5716666666667;115,0;0;0;0;;554
C01340;1230,63;24;51,28;2378,32;0;0,02156143832621346;413;15/01/2026;0;13;0,46153846153846156;5,769230769230769;23;0;0,0;4;2812,75;703,1875;130,0;1;0;0;36,0;605
C01341;962,54;18;53,47;2421,34;0;0,022082813648640832;143;12/01/2026;1;4;0,75;12,0;24;0;0,0;2;2872,45;1436,225;715,0;1;1;0;113,0;621
C01342;3224,51;10;322,45;3059,3;0;0,10539992808812472;293;01/01/2026;1;9;0,7777777777777778;9,666666666666666;19;0;0,0;1;351,21;351,21;420,0;0;0;0;;721
C01343;6929,82;24;288,74;3063,59;0;0,0942489040635333;323;10/01/2026;1;10;0,4;3,2;20;0;0,0;3;2616,8100000000004;872,2700000000001;74,0;2;1;0;208,0;702
C01344;1010,0;10;101,0;2562,55;0;0,03941386509531521;293;22/01/2026;0;9;0,0;0,0;0;0;0,0;0;0,0;;;0;0;0;;718
C01345;5811,72;24;242,16;2962,15;0;0,08175143054875682;503;03/02/2026;0;16;0,6875;4,25;21;0;0,0;3;3061,39;1020,4633333333333;138,0;1;0;0;90,0;675
C01346;2920,16;18;162,23;4354,85;0;0,037252718233693465;293;16/01/2026;1;9;0,4444444444444444;2,7777777777777777;14;0;0,0;1;703,29;703,29;628,0;1;0;0;38,0;772
C01347;8049,06;12;670,76;5555,76;0;0,12073235704926058;353;11/09/2025;1;11;0,8181818181818182;10,818181818181818;23;0;0,0;1;424,38;424,38;532,0;2;2;0;181,0;536
C01348;2091,18;12;174,26;9483,73;0;0,01837462686095028;143;27/01/2026;1;4;0,5;2,5;9;0;0,0;5;3270,51;654,1020000000001;263,0;0;0;0;;837
C01349;3602,53;24;150,11;3972,0;0;0,037792044310171205;443;01/02/2026;0;14;0,21428571428571427;3,142857142857143;26;0;0,0;1;740,14;740,14;564,0;0;0;0;;523
C01350;1568,19;24;65,34;2394,9;0;0,027282976324689966;143;30/01/2026;0;4;0,75;5,0;16;0;0,0;3;2313,9;771,3000000000001;270,0;0;0;0;;620
C01351;1170,37;12;97,53;2867,15;0;0,034016357707130775;353;21/09/2025;1;11;0,18181818181818182;2,1818181818181817;20;0;0,0;2;1930,3100000000002;965,1550000000001;764,0;2;1;0;130,0;869
C01352;1477,2;12;123,1;3668,73;0;0,033553845608698375;263;28/01/2026;0;8;0,375;0,625;2;0;0,0;3;3674,94;1224,98;215,0;2;0;0;54,0;844
C01353;11652,48;10;1165,25;3637,63;0;0,3203321943133304;113;15/01/2026;1;3;1,0;12,0;19;0;0,0;1;287,83;287,83;857,0;2;1;0;1,0;619
C01354;3702,29;6;617,05;1807,23;0;0,3414341284728562;173;07/12/2025;1;5;1,0;14,6;18;0;0,0;2;3840,89;1920,445;371,0;1;1;0;106,0;485
C01356;2727,6;6;454,6;4413,93;0;0,10299211813508596;173;13/09/2025;1;5;0,2;4,0;20;0;0,0;2;3470,6800000000003;1735,3400000000001;455,0;0;0;0;;697
C01357;2553,8;12;212,82;2461,04;0;0,08647563631635406;353;26/07/2025;0;11;0,36363636363636365;4,818181818181818;26;0;0,0;1;1057,99;1057,99;343,0;1;1;0;132,0;549
C01358;1711,32;12;142,61;1716,46;0;0,08308378872796338;353;11/10/2025;0;11;0,18181818181818182;0,5454545454545454;4;0;0,0;4;2060,84;515,21;125,0;0;0;0;;685
C01359;660,53;12;55,04;2088,49;0;0,02635396865678074;83;25/01/2026;0;2;0,0;0,0;0;0;0,0;4;2584,83;646,2075;202,0;0;0;0;;660
C01360;2329,14;12;194,1;2730,83;0;0,07107729151942815;173;30/01/2026;0;5;0,2;4,6;23;0;0,0;0;0,0;;;1;1;0;66,0;677
C01361;4003,2;10;400,32;3375,39;0;0,11859962848737479;203;14/01/2026;1;6;0,5;7,5;19;0;0,0;3;5283,72;1761,24;233,0;0;0;0;;627
C01362;2040,54;6;340,09;5686,92;0;0,0598021424602421;173;29/06/2025;0;5;0,2;0,2;1;0;0,0;2;1978,46;989,23;67,0;0;0;0;;723
C01363;1673,31;24;69,72;2113,35;0;0,03299027610192349;233;18/01/2026;1;7;0,8571428571428571;5,571428571428571;24;0;0,0;3;5603,32;1867,7733333333333;163,0;2;2;0;56,0;710
C01364;864,88;6;144,15;5378,61;0;0,026800604617178047;173;20/11/2025;0;5;0,0;0,0;0;0;0,0;1;1463,52;1463,52;281,0;1;1;0;155,0;818
C01365;4996,24;12;416,35;3770,76;0;0,11041540697366048;353;22/11/2025;0;11;0,36363636363636365;1,5454545454545454;12;0;0,0;5;3810,63;762,126;157,0;0;0;0;;722
C01366;1039,53;6;173,26;6776,65;0;0,02556720503493614;173;27/07/2025;0;5;0,4;5,8;26;0;0,0;1;545,07;545,07;74,0;0;0;0;;782
C01367;1583,65;6;263,94;1591,32;0;0,16586230299374105;173;20/07/2025;1;5;0,6;11,8;26;0;0,0;1;480,19;480,19;651,0;1;1;0;115,0;738
C01368;1035,57;10;103,56;3451,56;0;0,030003824357681744;233;29/01/2026;0;7;0,2857142857142857;1,5714285714285714;9;0;0,0;2;2312,42;1156,21;70,0;1;0;0;15,0;713
C01369;2579,43;18;143,3;2126,59;0;0,06738487437634899;503;21/01/2026;1;16;0,3125;1,5625;11;0;0,0;7;2888,3;412,61428571428576;193,0;0;0;0;;733
C01370;2445,75;10;244,58;1639,93;0;0,14914051209502846;83;06/02/2026;0;2;0,0;0,0;0;0;0,0;6;3498,67;583,1116666666667;91,0;0;0;0;;759
C01371;1132,52;18;62,92;5677,67;0;0,011082010754411582;83;11/01/2026;0;2;0,5;5,0;10;0;0,0;0;0,0;;;0;0;0;;700
C01372;887,88;6;147,98;3951,09;0;0,03745295601973126;83;03/02/2026;0;2;0,0;0,0;0;0;0,0;1;689,55;689,55;387,0;0;0;0;;646
C01373;2705,14;6;450,86;2947,01;0;0,15298896169337736;173;04/02/2026;1;5;0,2;2,6;13;0;0,0;6;2216,77;369,46166666666664;129,0;0;0;0;;710
C01374;1502,69;12;125,22;3014,32;0;0,04154170758247299;353;23/10/2025;1;11;0,6363636363636364;5,909090909090909;19;0;0,0;1;533,76;533,76;348,0;1;1;0;46,0;657
C01375;1429,15;12;119,1;2840,09;0;0,041935290783038565;263;15/01/2026;0;8;0,375;2,5;17;0;0,0;4;2593,26;648,315;229,0;1;0;0;59,0;752
C01376;1926,55;10;192,66;2757,45;0;0,06986890061469836;293;11/04/2025;0;9;0,3333333333333333;0,8888888888888888;5;0;0,0;4;3635,4399999999996;908,8599999999999;407,0;1;0;0;220,0;794
C01377;1783,0;18;99,06;4103,93;0;0,024137838608358327;83;31/01/2026;1;2;0,5;1,0;2;0;0,0;2;374,72;187,36;522,0;0;0;0;;798
C01378;2709,01;18;150,5;5937,3;0;0,025348222255907566;323;24/01/2026;0;10;0,2;0,4;2;0;0,0;1;572,65;572,65;880,0;0;0;0;;958
C01379;1640,73;6;273,46;3367,64;0;0,08120226627549262;173;03/03/2025;0;5;0,2;0,4;2;0;0,0;3;1828,23;609,41;211,0;1;0;0;141,0;676
C01380;3571,35;6;595,22;2923,35;0;0,2036088733815657;173;08/12/2025;1;5;0,6;7,2;25;0;0,0;3;4392,78;1464,26;236,0;0;0;0;;463
C01381;3108,74;12;259,06;2266,89;0;0,11427991653763526;233;10/01/2026;0;7;0,7142857142857143;4,285714285714286;16;0;0,0;0;0,0;;;0;0;0;;596
C01382;572,57;6;95,43;4014,14;0;0,023773460816015387;143;12/01/2026;0;4;0,5;7,0;26;0;0,0;3;2908,59;969,5300000000001;25,0;1;0;0;14,0;751
C01383;961,13;12;80,09;1139,29;0;0,07029816815736117;143;03/02/2026;0;4;0,75;4,25;7;0;0,0;0;0,0;;;0;0;0;;746
C01384;2675,09;12;222,92;2147,7;0;0,10379475718210178;353;05/07/2025;1;11;1,0;13,454545454545455;26;0;0,0;0;0,0;;;0;0;0;;545
C01385;1406,03;24;58,58;4469,78;0;0,013105790441587729;113;10/01/2026;0;3;0,0;0,0;0;0;0,0;5;3565,52;713,104;25,0;1;1;0;75,0;735
C01386;859,86;10;85,99;;1;;293;22/04/2025;0;9;0,3333333333333333;0,4444444444444444;2;0;0,0;5;4691,18;938,2360000000001;160,0;1;1;0;122,0;668
C01387;1181,06;10;118,11;3533,39;0;0,03342682240001811;263;16/01/2026;1;8;0,625;5,75;20;0;0,0;4;5449,389999999999;1362,3474999999999;61,0;0;0;0;;650
C01388;1088,52;12;90,71;1950,2;0;0,04651317813557584;233;09/01/2026;0;7;0,42857142857142855;2,0;10;0;0,0;1;1374,7;1374,7;684,0;0;0;0;;691
C01389;2945,36;18;163,63;3568,85;0;0,0458495033414125;323;08/01/2026;0;10;0,4;5,0;26;0;0,0;0;0,0;;;2;1;0;96,0;830
C01390;923,31;12;76,94;3589,21;0;0,021436472092744643;293;24/01/2026;0;9;0,5555555555555556;7,444444444444445;18;0;0,0;0;0,0;;;1;0;0;73,0;767
C01391;2208,81;12;184,07;3682,45;0;0,04998574318728021;353;15/12/2025;0;11;0,36363636363636365;1,2727272727272727;9;0;0,0;2;1136,75;568,375;561,0;1;0;0;129,0;741
C01392;1126,68;6;187,78;1258,66;0;0,14919040884750448;173;11/07/2025;1;5;0,8;8,2;22;0;0,0;3;2544,7;848,2333333333332;469,0;0;0;0;;601
C01396;4328,79;10;432,88;2991,95;0;0,14468156219188155;83;20/01/2026;0;2;1,0;12,0;23;1;432,88;2;693,24;346,62;288,0;0;0;0;;745
C01397;2416,23;18;134,24;3967,32;0;0,033836443745399916;143;13/01/2026;0;4;0,25;0,5;2;0;0,0;3;4159,46;1386,4866666666667;142,0;0;0;0;;716
C01399;3005,09;10;300,51;2874,09;0;0,10455831237017629;293;26/06/2025;1;9;0,7777777777777778;8,222222222222221;24;0;0,0;0;0,0;;;2;1;0;179,0;652
C01400;4083,07;6;680,51;6763,72;0;0,10061179351008025;173;27/07/2025;0;5;0,0;0,0;0;0;0,0;2;1565,48;782,74;152,0;0;0;0;;651
C01402;3110,15;18;172,79;2654,09;0;0,06510329340753328;203;31/01/2026;0;6;0,5;0,6666666666666666;2;0;0,0;4;9311,14;2327,785;95,0;0;0;0;;836
C01403;1095,05;12;91,25;2965,24;0;0,030773225775991155;173;06/02/2026;1;5;0,4;7,4;20;0;0,0;1;492,78;492,78;106,0;0;0;0;;764
C01404;1682,09;6;280,35;2264,18;0;0,12381966098101743;173;11/09/2025;1;5;1,0;9,4;21;0;0,0;1;369,93;369,93;305,0;1;1;0;62,0;475
C01405;473,34;6;78,89;3009,28;0;0,026215573160357292;173;02/05/2025;0;5;0,4;0,6;2;0;0,0;2;2964,42;1482,21;175,0;0;0;0;;594
C01406;817,79;6;136,3;5073,96;0;0,026862647714999726;173;05/03/2025;0;5;0,6;0,8;2;0;0,0;7;6211,46;887,3514285714285;10,0;0;0;0;;657
C01407;2035,97;12;169,66;2874,16;0;0,05902942076989451;173;09/01/2026;0;5;0,2;0,2;1;0;0,0;3;1337,74;445,91333333333336;165,0;0;0;0;;894
C01408;868,16;6;144,69;1675,81;0;0,0863403369117024;173;14/10/2025;1;5;0,6;5,2;23;0;0,0;0;0,0;;;0;0;0;;559
C01409;1561,21;24;65,05;2737,27;0;0,023764553734195018;473;23/01/2026;1;15;0,3333333333333333;1,4;15;0;0,0;6;3350,25;558,375;71,0;1;0;0;99,0;654
C01411;1768,09;10;176,81;1693,32;0;0,10441617650532682;293;01/08/2025;1;9;0,4444444444444444;6,333333333333333;22;0;0,0;2;1434,71;717,355;353,0;0;0;0;;781
C01415;2837,45;6;472,91;2729,42;0;0,17326391687611287;143;29/01/2026;0;4;0,75;11,75;17;0;0,0;3;2468,34;822,7800000000001;417,0;0;0;0;;806
C01418;3615,99;12;301,33;969,29;0;0,3108770337050831;353;21/11/2025;1;11;0,8181818181818182;8,0;21;0;0,0;0;0,0;;;2;2;0;207,0;651
C01419;3019,83;10;301,98;900,0;0;0,33553333333333335;293;03/07/2025;1;9;0,6666666666666666;8,222222222222221;25;0;0,0;2;1057,77;528,885;381,0;2;0;0;194,0;548
C01420;3342,28;12;278,52;4262,81;0;0,0653371836886936;353;04/06/2025;1;11;0,5454545454545454;2,8181818181818183;16;0;0,0;0;0,0;;;0;0;0;;849
C01421;3221,55;6;536,93;6303,49;0;0,08517979722344288;173;28/12/2024;0;5;0,4;5,0;23;0;0,0;2;352,92;176,46;430,0;0;0;0;;804
C01422;1419,49;10;141,95;4930,91;0;0,02878778967776739;293;05/07/2025;1;9;0,7777777777777778;7,555555555555555;24;0;0,0;3;2517,4;839,1333333333333;30,0;2;1;0;199,0;714
C01425;3383,65;6;563,94;3858,92;0;0,14613933432152001;173;07/03/2025;0;5;0,6;1,0;2;0;0,0;0;0,0;;;0;0;0;;770
C01426;1342,64;6;223,77;4258,44;0;0,05254741172823852;173;16/02/2025;0;5;0,4;0,8;2;0;0,0;0;0,0;;;0;0;0;;801
C01427;840,37;6;140,06;2536,68;0;0,05521390163520823;173;27/10/2025;1;5;0,4;4,0;18;0;0,0;2;2026,5500000000002;1013,2750000000001;286,0;2;2;0;17,0;593
C01428;4632,72;6;772,12;2242,99;0;0,34423693373577235;173;24/06/2025;1;5;1,0;15,4;23;0;0,0;4;4545,95;1136,4875;164,0;1;1;0;61,0;682
C01429;3393,24;12;282,77;5025,8;0;0,056263679414222605;203;03/02/2026;0;6;0,5;4,166666666666667;20;0;0,0;1;287,83;287,83;876,0;2;1;0;24,0;812
C01431;1384,12;6;230,69;2507,69;0;0,09199302944143814;173;15/03/2025;0;5;0,2;3,4;17;0;0,0;0;0,0;;;0;0;0;;782
C01432;6552,29;12;546,02;2817,07;0;0,19382549954385228;293;10/01/2026;1;9;0,4444444444444444;3,888888888888889;17;0;0,0;1;1095,67;1095,67;562,0;1;0;0;59,0;630
C01433;4277,63;10;427,76;2566,22;0;0,16668874843154524;263;09/01/2026;0;8;0,625;7,875;24;0;0,0;8;8469,71;1058,71375;9,0;1;0;0;71,0;776
C01434;3325,63;24;138,57;7269,47;0;0,019061912353995545;413;10/01/2026;1;13;0,6923076923076923;10,846153846153847;26;0;0,0;0;0,0;;;0;0;0;;781
C01435;1510,56;12;125,88;1396,02;0;0,09017062792796665;353;07/01/2026;1;11;0,7272727272727273;9,363636363636363;23;0;0,0;5;4202,6900000000005;840,5380000000001;102,0;0;0;0;;492
C01436;1381,64;12;115,14;3457,18;0;0,03330460085966019;353;31/08/2025;1;11;0,45454545454545453;1,6363636363636365;13;0;0,0;2;1997,18;998,59;116,0;0;0;0;;649
C01437;3675,62;12;306,3;2177,81;0;0,14064587819874094;353;08/07/2025;1;11;0,6363636363636364;8,0;22;0;0,0;1;1439,96;1439,96;520,0;0;0;0;;624
C01438;2595,15;12;216,26;5576,75;0;0,0387788586542341;353;23/11/2025;0;11;0,2727272727272727;0,45454545454545453;2;0;0,0;1;402,43;402,43;59,0;2;0;0;43,0;857
C01439;732,92;12;61,08;4164,99;0;0,014665101236737664;353;10/10/2025;0;11;0,2727272727272727;0,45454545454545453;2;0;0,0;1;2785,91;2785,91;779,0;1;0;0;125,0;820
C01440;2085,56;10;208,56;2624,54;0;0,07946535392868846;143;02/02/2026;0;4;0,0;0,0;0;0;0,0;4;3105,44;776,36;90,0;0;0;0;;738
C01441;924,43;18;51,36;2354,27;0;0,02181567959494875;533;01/02/2026;1;17;0,5294117647058824;5,705882352941177;19;0;0,0;4;3437,6800000000003;859,4200000000001;76,0;0;0;0;;649
C01442;1258,55;12;104,88;1968,43;0;0,053281041235908815;293;17/01/2026;1;9;0,3333333333333333;5,777777777777778;24;0;0,0;1;2758,89;2758,89;774,0;0;0;0;;638
C01443;1538,4;18;85,47;2252,19;0;0,03794972893050764;353;27/01/2026;1;11;0,36363636363636365;1,6363636363636365;13;0;0,0;4;5527,0;1381,75;350,0;3;2;0;27,0;781
C01444;888,17;18;49,34;2184,19;0;0,02258960987826151;173;14/01/2026;0;5;0,2;0,4;2;0;0,0;3;2163,17;721,0566666666667;57,0;0;0;0;;621
C01445;2005,81;12;167,15;2407,53;0;0,0694280029740024;353;23/07/2025;1;11;0,45454545454545453;7,545454545454546;25;0;0,0;7;7026,66;1003,8085714285714;25,0;0;0;0;;722
C01446;1444,38;12;120,36;1461,32;0;0,08236389018147976;173;06/02/2026;1;5;0,6;6,4;12;0;0,0;0;0,0;;;1;1;0;90,0;545
C01447;1725,03;12;143,75;1113,14;0;0,129139191835708;353;06/11/2025;0;11;0,7272727272727273;3,3636363636363638;17;0;0,0;2;2020,67;1010,335;625,0;3;2;0;20,0;695
C01448;2438,73;10;243,87;2356,64;0;0,10348207617625094;203;24/01/2026;1;6;0,5;7,333333333333333;24;0;0,0;2;1389,28;694,64;274,0;0;0;0;;581
C01449;1531,11;10;153,11;2039,5;0;0,07507232164746262;293;22/05/2025;0;9;0,3333333333333333;5,333333333333333;18;0;0,0;7;5083,61;726,2299999999999;70,0;0;0;0;;650
C01450;1477,43;12;123,12;5248,39;0;0,023458622549010266;353;20/01/2026;0;11;0,36363636363636365;2,1818181818181817;18;0;0,0;3;2274,33;758,11;167,0;0;0;0;;719
C01451;4165,63;18;231,42;3101,96;0;0,07460444364208435;173;26/01/2026;0;5;0,2;1,4;7;0;0,0;2;3537,2999999999997;1768,6499999999999;397,0;1;1;0;86,0;620
C01452;932,57;12;77,71;2544,78;0;0,030537020881962286;353;01/07/2025;0;11;0,09090909090909091;0,18181818181818182;2;0;0,0;2;1669,4099999999999;834,7049999999999;61,0;0;0;0;;828
C01453;380,0;12;31,67;2690,88;0;0,011769383993340468;353;28/11/2025;0;11;0,5454545454545454;5,818181818181818;25;0;0,0;4;2780,77;695,1925;196,0;1;0;0;93,0;739
C01454;3164,09;12;263,67;1892,87;0;0,13929641232625592;353;24/10/2025;1;11;0,5454545454545454;5,545454545454546;24;0;0,0;2;870,12;435,06;415,0;1;0;0;37,0;491
C01455;1594,54;18;88,59;2627,36;0;0,03371825710979843;173;09/01/2026;0;5;0,0;0,0;0;0;0,0;1;1578,27;1578,27;305,0;1;0;0;107,0;836
C01457;2335,77;12;194,65;5373,69;0;0,036222781738433;173;31/01/2026;1;5;0,2;4,6;23;0;0,0;5;6773,0;1354,6;85,0;1;0;0;43,0;730
C01458;744,97;10;74,5;3062,51;0;0,024326451178934925;143;14/01/2026;0;4;0,0;0,0;0;0;0,0;1;927,68;927,68;557,0;0;0;0;;697
C01459;1740,57;12;145,05;4779,75;0;0,030346775458967523;263;27/01/2026;0;8;0,25;0,25;1;0;0,0;1;582,84;582,84;621,0;0;0;0;;839
C01460;2541,71;10;254,17;1824,31;0;0,13932390876550585;293;06/12/2025;0;9;0,3333333333333333;1,3333333333333333;10;0;0,0;1;528,73;528,73;427,0;2;0;0;62,0;792
C01462;2618,4;12;218,2;4132,82;0;0,052796879612468;323;14/01/2026;1;10;0,7;6,5;22;0;0,0;1;1110,54;1110,54;874,0;1;0;0;225,0;629
C01463;2519,68;18;139,98;4416,98;0;0,03169133661460998;173;16/01/2026;0;5;0,8;6,4;16;0;0,0;4;5944,85;1486,2125;407,0;0;0;0;;708
C01464;1316,57;6;219,43;4093,36;0;0,05360632829753552;83;25/01/2026;0;2;0,0;0,0;0;0;0,0;4;5422,15;1355,5375;127,0;0;0;0;;745
C01465;1224,91;6;204,15;1336,79;0;0,1527165822604897;173;22/05/2025;1;5;0,6;7,6;23;0;0,0;1;1033,13;1033,13;638,0;0;0;0;;655
C01466;1328,69;10;132,87;4004,12;0;0,03318332117918544;83;15/01/2026;0;2;0,0;0,0;0;0;0,0;6;4410,19;735,0316666666666;154,0;0;0;0;;711
C01467;1744,57;6;290,76;2609,64;0;0,11141766680461673;173;11/12/2024;1;5;0,4;2,8;12;0;0,0;3;4014,1000000000004;1338,0333333333335;276,0;1;0;0;97,0;635
C01469;2786,5;12;232,21;2187,74;0;0,106141497618547;233;12/01/2026;1;7;0,14285714285714285;3,142857142857143;22;0;0,0;2;1458,23;729,115;327,0;0;0;0;;664
C01470;672,19;18;37,34;4283,47;0;0,008717231590276108;533;21/12/2025;1;17;0,29411764705882354;2,8823529411764706;17;0;0,0;1;703,29;703,29;602,0;2;2;0;16,0;644
C01471;2978,21;18;165,46;3843,35;0;0,04305098416745808;293;18/01/2026;1;9;0,8888888888888888;6,222222222222222;22;0;0,0;8;8505,25;1063,15625;105,0;0;0;0;;635
C01472;2555,97;18;142,0;3206,2;0;0,04428918969496601;143;11/01/2026;0;4;0,25;0,25;1;0;0,0;3;2914,15;971,3833333333333;645,0;2;2;0;28,0;702
C01473;1441,1;24;60,05;5904,78;0;0,010169726899224019;413;27/01/2026;0;13;0,15384615384615385;0,23076923076923078;2;0;0,0;2;1477,13;738,565;297,0;0;0;0;;706
C01474;1459,39;12;121,62;1968,1;0;0,06179564046542351;353;01/08/2025;1;11;0,6363636363636364;9,272727272727273;23;0;0,0;3;1542,8899999999999;514,2966666666666;150,0;1;1;0;90,0;745
C01476;2319,9;10;231,99;1816,4;0;0,12771966527196651;293;03/08/2025;0;9;0,1111111111111111;1,3333333333333333;12;0;0,0;3;2428,23;809,41;212,0;0;0;0;;664
C01477;1765,09;18;98,06;2334,71;0;0,04200093373481075;293;03/02/2026;0;9;0,3333333333333333;3,7777777777777777;23;0;0,0;4;2593,26;648,315;248,0;1;0;0;100,0;667
C01478;4262,11;10;426,21;1751,54;0;0,24333443712390238;293;09/05/2025;1;9;1,0;13,0;24;0;0,0;1;1348,52;1348,52;109,0;4;2;0;31,0;693
C01479;5522,17;12;460,18;1854,34;0;0,24816376716244057;203;10/01/2026;1;6;0,8333333333333334;10,166666666666666;20;0;0,0;2;938,63;469,315;807,0;2;2;0;68,0;547
C01480;2398,03;12;199,84;2423,39;0;0,08246299605098643;83;20/01/2026;1;2;0,0;0,0;0;0;0,0;1;112,45;112,45;633,0;1;1;0;24,0;740
C01481;3397,63;18;188,76;4142,85;0;0,04556283717730547;473;30/01/2026;0;15;0,4666666666666667;2,8666666666666667;23;0;0,0;4;2107,0;526,75;107,0;2;2;0;67,0;575
C01482;548,7;12;45,72;3848,02;0;0,011881435127676051;353;02/06/2025;0;11;0,2727272727272727;2,0;18;0;0,0;4;3272,86;818,215;299,0;1;0;0;174,0;792
C01483;2035,56;12;169,63;2317,25;0;0,07320315028589923;353;30/01/2026;0;11;0,36363636363636365;0,5454545454545454;2;0;0,0;2;2976,08;1488,04;614,0;0;0;0;;939
C01485;1545,46;10;154,55;4395,37;0;0,03516200001365073;293;30/04/2025;1;9;0,7777777777777778;12,11111111111111;25;0;0,0;1;321,09;321,09;520,0;3;1;0;21,0;610
C01486;1757,44;18;97,64;1880,94;0;0,05191021510521335;113;28/01/2026;0;3;0,3333333333333333;0,3333333333333333;1;0;0,0;1;1033,13;1033,13;889,0;0;0;0;;596
C01487;1771,34;10;177,13;1350,1;0;0,13119768906006962;143;03/02/2026;1;4;0,75;13,25;26;0;0,0;3;3966,97;1322,3233333333333;50,0;0;0;0;;629
C01488;554,59;24;23,11;2589,86;0;0,008923262261280531;113;13/01/2026;1;3;0,3333333333333333;7,666666666666667;23;0;0,0;3;2546,4;848,8000000000001;98,0;0;0;0;;712
C01489;1108,52;6;184,75;3687,23;0;0,050105363646965335;173;23/09/2025;0;5;0,2;0,4;2;0;0,0;2;1730,7800000000002;865,3900000000001;582,0;0;0;0;;776
C01490;5514,62;6;919,1;3396,2;0;0,2706259937577292;173;23/03/2025;1;5;1,0;14,8;26;0;0,0;3;1566,62;522,2066666666666;345,0;2;2;0;112,0;571
C01491;2097,29;10;209,73;2627,32;0;0,07982659135544964;293;21/11/2025;1;9;0,8888888888888888;13,88888888888889;22;0;0,0;0;0,0;;;2;1;0;104,0;564
C01492;4039,75;12;336,65;2829,87;0;0,11896306190743744;263;20/01/2026;1;8;0,125;2,5;20;0;0,0;3;2311,62;770,54;224,0;1;1;0;127,0;763
C01493;1455,55;6;242,59;2557,34;0;0,09486028451437822;173;20/01/2025;1;5;0,4;0,6;2;0;0,0;0;0,0;;;1;0;0;167,0;660
C01494;1291,65;10;129,17;2761,75;0;0,046771069068525385;173;16/01/2026;1;5;0,6;3,8;14;0;0,0;2;2942,34;1471,17;234,0;0;0;0;;717
C01495;7561,87;24;315,08;1922,46;0;0,16389417725206246;143;16/01/2026;0;4;0,5;6,5;18;0;0,0;7;13134,98;1876,4257142857143;85,0;4;3;0;63,0;637
C01496;1047,23;10;104,72;2614,1;0;0,040059676370452546;293;03/05/2025;1;9;0,2222222222222222;1,5555555555555556;12;0;0,0;3;6627,53;2209,1766666666667;75,0;2;2;0;93,0;664
C01498;4885,17;18;271,4;2504,0;0;0,10838658146964855;413;31/01/2026;1;13;0,8461538461538461;13,23076923076923;26;0;0,0;0;0,0;;;0;0;0;;619
C01499;2909,02;12;242,42;3589,06;0;0,06754414804990722;353;11/10/2025;0;11;0,45454545454545453;4,2727272727272725;26;0;0,0;4;5856,45;1464,1125;204,0;0;0;0;;749
C01500;931,89;18;51,77;4880,62;0;0,010607258913826523;383;03/02/2026;1;12;0,6666666666666666;5,833333333333333;22;0;0,0;3;2654,84;884,9466666666667;565,0;1;1;0;120,0;638
C01501;2650,4;24;110,43;2332,85;0;0,047336948367876205;473;11/01/2026;1;15;0,7333333333333333;7,533333333333333;26;0;0,0;5;3582,6;716,52;61,0;1;0;0;190,0;573
C01502;2399,58;12;199,96;4905,89;0;0,04075916908043189;353;10/09/2025;0;11;0,6363636363636364;5,454545454545454;23;0;0,0;2;461,9;230,95;465,0;0;0;0;;535
C01503;1591,54;12;132,63;2541,36;0;0,05218859193502691;173;13/01/2026;0;5;0,4;4,6;22;0;0,0;7;5921,9;845,9857142857143;335,0;0;0;0;;762
C01504;3307,49;12;275,62;1972,31;0;0,139744766289275;353;15/11/2025;1;11;0,5454545454545454;4,0;15;0;0,0;5;2472,25;494,45;74,0;0;0;0;;688
C01505;1546,9;10;154,69;2810,05;0;0,055048842547285634;293;26/07/2025;0;9;0,2222222222222222;0,3333333333333333;2;0;0,0;2;2178,01;1089,005;715,0;0;0;0;;807
C01506;2534,19;10;253,42;1784,59;0;0,14200460610000057;83;29/01/2026;1;2;0,5;1,0;2;0;0,0;2;1521,8000000000002;760,9000000000001;158,0;0;0;0;;600
C01507;866,33;6;144,39;4419,07;0;0,03267429572285571;143;18/01/2026;1;4;0,0;0,0;0;0;0,0;4;3813,39;953,3475;359,0;0;0;0;;796
C01508;1264,51;6;210,75;2376,52;0;0,08868008684967936;173;30/10/2025;0;5;0,6;11,2;24;0;0,0;0;0,0;;;0;0;0;;664
C01510;1281,26;10;128,13;1462,85;0;0,08758929486960386;173;13/01/2026;0;5;0,2;0,4;2;0;0,0;5;5706,49;1141,298;157,0;1;1;0;2,0;684
C01511;2088,27;18;116,02;1955,68;0;0,059324633886934465;203;21/01/2026;0;6;0,6666666666666666;1,0;2;0;0,0;1;1678,7;1678,7;246,0;0;0;0;;677
C01512;1582,84;24;65,95;2110,84;0;0,031243486005571242;173;28/01/2026;1;5;0,8;16,0;25;0;0,0;0;0,0;;;2;1;0;8,0;682
C01513;3412,25;6;568,71;4567,36;0;0,12451613185735307;173;23/07/2025;0;5;0,0;0,0;0;0;0,0;3;2940,74;980,2466666666666;68,0;1;0;0;140,0;616
C01514;4507,71;12;375,64;3850,82;0;0,09754805470003791;323;16/01/2026;0;10;0,4;3,3;26;0;0,0;1;2967,58;2967,58;257,0;3;1;0;5,0;629
C01515;621,81;10;62,18;2594,41;0;0,023966913479365252;173;15/01/2026;1;5;0,6;7,6;20;0;0,0;8;6604,34;825,5425;0,0;0;0;0;;633
C01516;1790,94;12;149,24;3443,56;0;0,04333887023893877;353;29/11/2025;1;11;0,6363636363636364;11,090909090909092;24;0;0,0;2;3374,01;1687,005;382,0;3;2;0;27,0;501
C01520;2046,99;18;113,72;1393,5;0;0,08160746322210262;443;11/01/2026;1;14;0,5714285714285714;8,071428571428571;26;0;0,0;1;1082,97;1082,97;518,0;3;2;0;10,0;634
C01521;1259,81;24;52,49;1492,16;0;0,03517719279433841;533;02/02/2026;0;17;0,29411764705882354;1,5294117647058822;21;0;0,0;2;901,53;450,765;27,0;1;0;0;84,0;800
C01522;1469,92;12;122,49;3199,92;0;0,03827908197704943;353;30/10/2025;1;11;0,2727272727272727;1,0;7;0;0,0;1;1650,26;1650,26;570,0;1;0;0;39,0;642
C01523;4230,82;12;352,57;2007,45;0;0,17563077536177737;353;01/07/2025;0;11;0,09090909090909091;0,09090909090909091;1;0;0,0;6;8419,73;1403,2883333333332;145,0;2;1;0;136,0;788
C01524;4020,58;12;335,05;2263,34;0;0,148033437309463;353;09/12/2025;1;11;0,7272727272727273;10,545454545454545;24;0;0,0;3;3580,42;1193,4733333333334;20,0;2;0;0;103,0;729
C01525;1899,94;6;316,66;4003,39;0;0,07909796447510735;143;31/01/2026;0;4;0,0;0,0;0;0;0,0;5;4994,79;998,958;1,0;0;0;0;;868
C01526;1070,1;12;89,18;4061,46;0;0,021957621151014663;83;19/01/2026;1;2;0,5;7,0;14;0;0,0;4;5668,41;1417,1025;101,0;0;0;0;;725
C01528;3210,81;6;535,14;2393,27;0;0,2236020173235782;173;07/12/2025;1;5;0,4;6,4;20;0;0,0;1;1367,86;1367,86;709,0;1;1;0;113,0;732
C01530;1918,86;10;191,89;5021,02;0;0,03821733432649142;293;18/12/2025;0;9;0,3333333333333333;0,3333333333333333;1;0;0,0;1;505,88;505,88;866,0;0;0;0;;783
C01531;1781,91;6;296,98;4890,04;0;0,06073160955738604;173;08/12/2025;0;5;0,8;13,8;24;0;0,0;2;1941,6499999999999;970,8249999999999;235,0;0;0;0;;732
C01532;3981,72;12;331,81;1692,2;0;0,19608202340148917;353;24/06/2025;0;11;0,7272727272727273;8,0;25;0;0,0;3;1686,61;562,2033333333333;40,0;0;0;0;;511
C01533;1631,61;10;163,16;2493,94;0;0,06542258434445095;173;14/01/2026;0;5;0,2;1,2;6;0;0,0;1;302,47;302,47;273,0;0;0;0;;633
C01534;3465,25;6;577,54;1754,67;0;0,32914451150358753;173;12/06/2025;1;5;0,8;10,2;16;0;0,0;2;4212,12;2106,06;61,0;1;1;0;90,0;525
C01535;1517,31;6;252,88;2348,81;0;0,1076630293638055;173;24/02/2025;1;5;0,8;9,6;19;0;0,0;1;713,12;713,12;602,0;1;0;0;52,0;681
C01536;1572,62;18;87,37;3035,94;0;0,028778566111319723;443;29/01/2026;0;14;0,21428571428571427;0,2857142857142857;2;0;0,0;2;1910,83;955,415;313,0;1;0;0;111,0;800
C01537;1405,77;12;117,15;1246,63;0;0,0939733521574164;203;20/01/2026;0;6;0,6666666666666666;4,5;22;0;0,0;4;2631,56;657,89;667,0;2;1;0;44,0;802
C01539;1287,91;10;128,79;2509,48;0;0,05132138929180547;293;04/07/2025;0;9;0,2222222222222222;0,5555555555555556;3;0;0,0;0;0,0;;;1;0;0;247,0;628
C01541;1553,22;18;86,29;4619,04;0;0,01868137102081818;263;08/01/2026;0;8;0,375;2,375;14;0;0,0;6;5794,91;965,8183333333333;96,0;0;0;0;;756
C01542;1092,4;18;60,69;2551,94;0;0,023781907098129267;533;24/12/2025;1;17;0,7058823529411765;7,882352941176471;24;0;0,0;3;2415,02;805,0066666666667;264,0;0;0;0;;686
C01543;3182,8;10;318,28;1191,76;0;0,26706719473719537;293;20/04/2025;0;9;0,2222222222222222;2,0;17;0;0,0;1;966,04;966,04;145,0;0;0;0;;749
C01544;4297,11;6;716,18;2089,17;0;0,3428059947251779;173;15/04/2025;1;5;1,0;11,6;24;0;0,0;5;2643,23;528,646;139,0;3;3;0;5,0;431
C01546;1090,56;6;181,76;3173,71;0;0,0572705130588491;173;21/04/2025;1;5;0,2;1,2;6;0;0,0;2;1935,29;967,645;253,0;0;0;0;;712
C01547;1806,42;18;100,36;2424,85;0;0,041388127100645405;233;10/01/2026;1;7;0,42857142857142855;1,2857142857142858;6;0;0,0;3;1144,5;381,5;102,0;1;1;0;193,0;641
C01548;1230,65;12;102,55;3257,76;0;0,031478684740435144;323;16/01/2026;0;10;0,4;2,8;23;0;0,0;0;0,0;;;0;0;0;;731
C01549;2093,91;10;209,39;3683,62;0;0,05684353977880454;293;19/04/2025;1;9;0,2222222222222222;0,8888888888888888;7;0;0,0;3;2363,48;787,8266666666667;396,0;0;0;0;;620
C01551;1633,54;18;90,75;2900,53;0;0,03128738540887355;443;04/02/2026;0;14;0,5;2,357142857142857;24;0;0,0;1;555,31;555,31;659,0;2;1;0;5,0;836
C01552;2671,45;18;148,41;7430,89;0;0,01997203565118041;443;04/02/2026;0;14;0,6428571428571429;7,357142857142857;25;0;0,0;0;0,0;;;0;0;0;;618
C01553;695,39;10;69,54;2118,62;0;0,03282325287215263;263;21/01/2026;0;8;0,25;0,375;2;0;0,0;3;2617,48;872,4933333333333;225,0;0;0;0;;905
C01555;1458,22;12;121,52;4991,38;0;0,02434597245651503;113;16/01/2026;0;3;0,3333333333333333;0,6666666666666666;2;0;0,0;1;250,89;250,89;646,0;1;0;0;56,0;904
C01557;1592,03;12;132,67;1631,39;0;0,08132328872924315;233;28/01/2026;0;7;0,5714285714285714;4,0;14;0;0,0;3;2056,3;685,4333333333334;129,0;1;1;0;207,0;655
C01558;671,43;12;55,95;1875,78;0;0,029827591721843714;263;22/01/2026;0;8;0,125;1,25;10;0;0,0;1;1920,51;1920,51;706,0;0;0;0;;821
C01559;1317,29;12;109,77;2619,94;0;0,04189790605891738;353;06/09/2025;0;11;0,6363636363636364;5,909090909090909;20;0;0,0;8;11893,0;1486,625;73,0;1;0;0;260,0;847
C01560;984,7;10;98,47;3842,23;0;0,025628346038628607;233;17/01/2026;0;7;0,14285714285714285;0,2857142857142857;2;0;0,0;4;4227,35;1056,8375;159,0;1;0;0;132,0;770
C01561;622,89;10;62,29;1677,36;0;0,037135737110697765;203;27/01/2026;1;6;0,3333333333333333;4,166666666666667;19;0;0,0;0;0,0;;;1;1;0;105,0;794
C01563;794,1;12;66,18;4523,97;0;0,014628744222441793;143;23/01/2026;0;4;0,5;4,75;17;0;0,0;0;0,0;;;0;0;0;;925
C01564;1787,25;12;148,94;5839,66;0;0,025504909532404283;353;09/12/2025;0;11;0,09090909090909091;0,18181818181818182;2;0;0,0;5;4631,54;926,308;69,0;1;0;0;54,0;774
C01565;1805,03;10;180,5;2168,13;0;0,08325146554865252;293;26/11/2025;0;9;0,4444444444444444;3,111111111111111;15;0;0,0;2;1721,27;860,635;459,0;2;0;0;29,0;557
C01566;957,95;18;53,22;1042,67;0;0,0510420363106256;413;26/01/2026;0;13;0,07692307692307693;0,15384615384615385;2;0;0,0;4;2901,36;725,34;46,0;2;1;0;18,0;783
C01567;1095,85;18;60,88;2323,33;0;0,026203767867672697;473;27/01/2026;0;15;0,2;3,7333333333333334;25;0;0,0;0;0,0;;;2;1;0;176,0;602
C01568;1645,44;10;164,54;2416,84;0;0,06808063421658032;233;31/01/2026;0;7;0,2857142857142857;0,42857142857142855;2;0;0,0;2;1565,95;782,975;275,0;0;0;0;;818
C01569;2240,12;24;93,34;1813,03;0;0,05148287673121791;473;10/01/2026;0;15;0,13333333333333333;0,13333333333333333;1;0;0,0;2;1094,8600000000001;547,4300000000001;47,0;1;0;0;294,0;690
C01570;2177,86;6;362,98;3317,88;0;0,10940118388850711;173;28/12/2024;1;5;0,4;0,8;3;0;0,0;1;201,76;201,76;74,0;0;0;0;;762
C01571;2111,83;18;117,32;2771,51;0;0,04233071502538327;353;28/01/2026;0;11;0,18181818181818182;2,1818181818181817;22;0;0,0;3;1064,78;354,9266666666667;113,0;0;0;0;;652
C01572;620,99;12;51,75;7419,16;0;0,006975183174375536;323;17/01/2026;0;10;0,2;2,5;15;0;0,0;6;4438,049999999999;739,6749999999998;204,0;0;0;0;;810
C01573;3130,21;10;313,02;3391,02;0;0,09230850894421147;293;07/04/2025;1;9;0,6666666666666666;4,111111111111111;25;0;0,0;1;1931,19;1931,19;817,0;2;1;0;31,0;840
C01574;2332,42;12;194,37;4536,53;0;0,0428455228996612;353;28/12/2025;0;11;0,18181818181818182;0,36363636363636365;2;0;0,0;2;870,72;435,36;240,0;0;0;0;;797
C01575;8231,51;10;823,15;3483,25;0;0,2363166582932606;293;24/05/2025;1;9;0,8888888888888888;12,777777777777779;23;1;823,15;0;0,0;;;1;1;0;115,0;708
C01576;1761,14;24;73,38;9533,08;0;0,0076974073436916505;533;21/01/2026;0;17;0,11764705882352941;0,23529411764705882;2;0;0,0;6;5155,69;859,2816666666666;96,0;0;0;0;;672
C01577;2468,86;24;102,87;2809,78;0;0,03661140729879207;293;02/02/2026;1;9;0,5555555555555556;5,333333333333333;25;0;0,0;5;4924,48;984,896;87,0;2;1;0;5,0;648
C01578;877,18;24;36,55;5084,87;0;0,007187991040085587;353;11/01/2026;0;11;0,45454545454545453;3,6363636363636362;23;0;0,0;3;2195,1099999999997;731,7033333333333;849,0;1;1;0;87,0;718
C01579;1058,04;12;88,17;2760,0;0;0,03194565217391304;263;24/01/2026;0;8;0,0;0,0;0;0;0,0;3;1680,17;560,0566666666667;404,0;1;0;0;37,0;702
C01580;1550,41;12;129,2;2383,33;0;0,05420986602778465;353;19/07/2025;0;11;0,5454545454545454;0,9090909090909091;2;0;0,0;3;1544,81;514,9366666666666;98,0;2;0;0;7,0;751
C01581;1744,23;24;72,68;2381,42;0;0,030519605949391543;473;18/01/2026;0;15;0,4666666666666667;2,0;17;0;0,0;6;4693,89;782,315;85,0;0;0;0;;666
C01582;2004,5;10;200,45;4017,16;0;0,049898435710800666;293;24/04/2025;0;9;0,2222222222222222;1,6666666666666667;14;0;0,0;4;2551,8;637,95;30,0;2;0;0;14,0;902
C01583;905,23;12;75,44;5641,19;0;0,0133730649029726;233;23/01/2026;0;7;0,42857142857142855;3,142857142857143;19;0;0,0;1;187,45;187,45;583,0;0;0;0;;746
C01584;1899,22;12;158,27;1578,23;0;0,10028322868023039;143;16/01/2026;0;4;0,75;1,25;3;0;0,0;1;690,88;690,88;448,0;0;0;0;;763
C01585;2230,75;12;185,9;3797,18;0;0,048957384164037526;353;05/01/2026;0;11;0,8181818181818182;7,636363636363637;25;0;0,0;6;3892,6800000000003;648,7800000000001;58,0;3;3;0;22,0;751
C01586;2930,0;10;293,0;2247,4;0;0,130372875322595;293;23/06/2025;1;9;0,4444444444444444;5,222222222222222;19;0;0,0;2;2323,7799999999997;1161,8899999999999;280,0;0;0;0;;571
C01587;1671,12;12;139,26;3229,88;0;0,04311615292208998;323;28/01/2026;1;10;0,7;9,7;25;1;139,26;0;0,0;;;1;1;0;146,0;644
C01588;2471,11;10;247,11;3463,36;0;0,07134978748960547;293;09/08/2025;0;9;0,6666666666666666;6,555555555555555;18;0;0,0;2;3305,56;1652,78;345,0;1;1;0;80,0;649
C01589;2092,7;18;116,26;6566,91;0;0,017703912494613144;503;04/02/2026;1;16;0,6875;8,9375;22;0;0,0;0;0,0;;;1;1;0;134,0;643
C01590;2297,26;18;127,63;3916,92;0;0,03258427540005923;413;17/01/2026;0;13;0,23076923076923078;1,0;10;0;0,0;8;7571,360000000001;946,4200000000001;11,0;1;0;0;27,0;688
C01591;2496,8;6;416,13;2173,42;0;0,19146322385917125;173;26/07/2025;1;5;1,0;11,4;18;0;0,0;1;681,9;681,9;383,0;2;2;0;89,0;590
C01592;5000,71;6;833,45;4309,87;0;0,1933817029283946;173;18/01/2025;1;5;1,0;14,2;23;1;833,45;2;2876,44;1438,22;258,0;2;1;0;87,0;511
C01593;1796,65;24;74,86;1503,85;0;0,049778900821225526;113;31/01/2026;0;3;0,6666666666666666;13,666666666666666;26;0;0,0;3;2826,11;942,0366666666667;252,0;1;0;0;84,0;699
C01594;990,5;24;41,27;2975,16;0;0,013871522876080615;533;28/01/2026;0;17;0,29411764705882354;0,4117647058823529;2;0;0,0;3;4159,46;1386,4866666666667;157,0;1;0;0;128,0;869
C01595;1119,28;6;186,55;3649,66;0;0,05111435037784342;83;21/01/2026;1;2;0,5;0,5;1;0;0,0;1;853,54;853,54;238,0;1;0;0;35,0;534
C01597;1408,99;6;234,83;1891,76;0;0,12413308242060304;173;20/05/2025;0;5;0,8;1,6;2;0;0,0;2;1748,35;874,175;80,0;1;0;0;42,0;809
C01598;2663,66;12;221,97;1690,22;0;0,13132609956100388;173;06/02/2026;1;5;0,6;6,6;23;1;221,97;0;0,0;;;0;0;0;;844
C01599;1502,62;6;250,44;1845,04;0;0,13573689459307114;173;05/11/2025;0;5;0,4;1,2;5;0;0,0;4;1986,85;496,7125;213,0;0;0;0;;866
C01600;1284,57;18;71,36;1991,84;0;0,03582617077676922;143;23/01/2026;1;4;1,0;10,0;21;0;0,0;1;839,64;839,64;324,0;1;1;0;68,0;510
C01601;1728,82;12;144,07;1636,02;0;0,08806127064461314;143;23/01/2026;1;4;0,25;0,75;3;0;0,0;2;461,9;230,95;600,0;0;0;0;;810
C01602;793,24;24;33,05;3756,83;0;0,00879731049847877;113;26/01/2026;0;3;0,3333333333333333;0,6666666666666666;2;0;0,0;1;1267,8;1267,8;483,0;0;0;0;;674
C01603;2687,11;6;447,85;2713,13;0;0,1650676524899286;173;08/02/2025;1;5;0,4;5,2;24;0;0,0;0;0,0;;;1;1;0;79,0;598
C01604;1603,71;10;160,37;4158,15;0;0,038567632240299174;233;18/01/2026;0;7;0,2857142857142857;2,857142857142857;19;0;0,0;0;0,0;;;0;0;0;;756
C01605;1148,21;12;95,68;4885,26;0;0,019585446833945377;353;31/07/2025;0;11;0,2727272727272727;0,36363636363636365;2;0;0,0;1;509,88;509,88;63,0;0;0;0;;788
C01606;4244,98;24;176,87;1807,11;0;0,09787450680921472;563;30/01/2026;1;18;0,4444444444444444;6,111111111111111;23;0;0,0;4;8774,41;2193,6025;133,0;0;0;0;;620
C01607;1233,55;10;123,35;2653,37;0;0,046488051044520744;293;13/04/2025;1;9;0,1111111111111111;0,1111111111111111;1;0;0,0;4;5256,219999999999;1314,0549999999998;78,0;0;0;0;;950
C01608;1833,49;10;183,35;4637,66;0;0,039535024128547584;293;15/01/2026;1;9;0,2222222222222222;2,4444444444444446;20;0;0,0;1;191,42;191,42;548,0;0;0;0;;773
C01609;3707,16;12;308,93;2784,95;0;0,11092838291531268;353;01/10/2025;1;11;0,8181818181818182;9,636363636363637;20;0;0,0;5;7266,67;1453,334;374,0;5;3;0;11,0;468
C01610;2067,04;12;172,25;3391,93;0;0,05078229798374377;353;12/06/2025;1;11;0,36363636363636365;4,2727272727272725;18;0;0,0;1;1210,37;1210,37;176,0;0;0;0;;732
C01611;4496,26;18;249,79;2230,23;0;0,11200190114920883;83;29/01/2026;0;2;0,5;2,5;5;0;0,0;3;3221,16;1073,72;25,0;1;0;0;62,0;523
C01612;1439,75;24;59,99;3870,97;0;0,015497407626512218;263;11/01/2026;0;8;0,5;1,25;4;0;0,0;1;866,74;866,74;761,0;0;0;0;;743
C01614;522,76;18;29,04;3967,14;0;0,00732013490827145;263;19/01/2026;0;8;0,375;4,5;18;0;0,0;2;1362,06;681,03;18,0;2;0;0;166,0;814
C01615;892,22;12;74,35;3395,2;0;0,021898562676720076;113;25/01/2026;1;3;0,3333333333333333;5,0;15;0;0,0;4;2434,37;608,5925;332,0;0;0;0;;712
C01616;2072,69;18;115,15;3996,66;0;0,028811557650638284;323;18/01/2026;0;10;0,2;2,2;18;0;0,0;3;2486,73;828,91;144,0;1;0;0;95,0;615
C01617;1992,38;12;166,03;4202,17;0;0,03951053860267433;353;24/01/2026;0;11;0,2727272727272727;3,909090909090909;26;0;0,0;2;1091,48;545,74;717,0;0;0;0;;704
C01618;1470,55;6;245,09;4644,59;0;0,05276892039986306;173;28/03/2025;0;5;0,2;0,4;2;0;0,0;2;1730,7800000000002;865,3900000000001;403,0;0;0;0;;595
C01619;1498,48;6;249,75;1528,85;0;0,16335807960231546;173;22/06/2025;0;5;0,6;6,8;18;0;0,0;0;0,0;;;0;0;0;;625
C01620;2591,47;12;215,96;3631,28;0;0,05947214205459232;143;27/01/2026;0;4;0,0;0,0;0;0;0,0;4;3803,31;950,8275;25,0;0;0;0;;751
C01621;1024,01;24;42,67;1214,97;0;0,03512020872943365;293;02/02/2026;1;9;0,3333333333333333;2,6666666666666665;21;0;0,0;5;2686,52;537,304;241,0;3;1;0;12,0;524
C01622;1155,26;12;96,27;2046,04;0;0,04705186604367461;353;30/01/2026;0;11;0,36363636363636365;0,5454545454545454;2;0;0,0;2;1478,02;739,01;589,0;1;1;0;95,0;743
C01623;1873,05;6;312,18;5065,89;0;0,06162391998247099;173;03/06/2025;1;5;0,6;5,2;22;0;0,0;5;4506,219999999999;901,2439999999999;177,0;2;2;0;61,0;909
C01624;1456,82;6;242,8;2221,16;0;0,10931225125610043;173;05/02/2026;1;5;0,4;1,8;8;0;0,0;3;1379,38;459,79333333333335;356,0;0;0;0;;617
C01625;3628,72;6;604,79;5619,53;0;0,10762287949348077;173;23/02/2025;0;5;0,2;0,4;2;0;0,0;1;292,7;292,7;820,0;0;0;0;;862
C01626;735,21;24;30,63;3737,48;0;0,008195361580530197;113;09/01/2026;0;3;0,0;0,0;0;0;0,0;4;9601,68;2400,42;51,0;0;0;0;;977
C01627;2203,73;24;91,82;3022,36;0;0,03038023266586376;473;01/02/2026;1;15;0,3333333333333333;2,6666666666666665;16;0;0,0;1;771,56;771,56;562,0;0;0;0;;579
C01628;2507,36;12;208,95;2241,66;0;0,09321217312170445;113;15/01/2026;0;3;0,6666666666666666;5,0;13;0;0,0;1;452,64;452,64;279,0;1;1;0;35,0;746
C01629;4460,95;12;371,75;2835,11;0;0,13112366010489893;323;28/01/2026;1;10;0,4;2,9;24;0;0,0;4;5272,92;1318,23;251,0;0;0;0;;683
C01630;953,21;18;52,96;2303,62;0;0,022989902848560093;263;16/01/2026;0;8;0,625;4,125;14;0;0,0;1;484,48;484,48;276,0;0;0;0;;677
C01631;954,99;24;39,79;3064,18;0;0,012985529570717125;233;01/02/2026;0;7;0,2857142857142857;3,5714285714285716;18;0;0,0;5;4202,6900000000005;840,5380000000001;127,0;0;0;0;;787
C01632;1881,83;12;156,82;4821,78;0;0,03252325904541476;83;21/01/2026;0;2;0,0;0,0;0;0;0,0;0;0,0;;;2;1;0;28,0;465
C01633;1449,9;24;60,41;4205,41;0;0,014364830064131678;203;27/01/2026;0;6;0,6666666666666666;6,666666666666667;18;0;0,0;1;752,98;752,98;557,0;0;0;0;;614
C01634;1609,75;18;89,43;;1;;443;13/01/2026;0;14;0,2857142857142857;0,5714285714285714;2;0;0,0;4;3224,1899999999996;806,0474999999999;13,0;0;0;0;;856
C01635;3352,75;12;279,4;2751,4;0;0,10154830268227083;353;27/10/2025;1;11;0,45454545454545453;5,181818181818182;22;0;0,0;1;672,07;672,07;562,0;0;0;0;;624
C01636;2935,66;12;244,64;1444,63;0;0,16934439960405084;83;04/02/2026;0;2;0,5;11,5;23;0;0,0;2;1254,17;627,085;184,0;0;0;0;;565
C01637;1803,68;6;300,61;3708,4;0;0,08106191349369;173;09/07/2025;0;5;0,4;0,8;2;0;0,0;0;0,0;;;0;0;0;;671
C01639;2765,47;12;230,46;1062,85;0;0,21683210236627937;353;21/10/2025;1;11;0,7272727272727273;5,909090909090909;17;0;0,0;1;884,04;884,04;476,0;0;0;0;;435
C01640;1156,71;24;48,2;2918,97;0;0,01651267399116812;233;22/01/2026;0;7;0,2857142857142857;2,142857142857143;13;0;0,0;2;3025,5200000000004;1512,7600000000002;301,0;2;1;0;1,0;692
C01641;1607,39;18;89,3;6988,89;0;0,012777422451920118;113;24/01/2026;1;3;0,3333333333333333;3,0;9;0;0,0;1;254,36;254,36;721,0;0;0;0;;544
C01642;2031,28;12;169,27;1134,32;0;0,14922596798081672;83;08/01/2026;1;2;1,0;2,5;4;0;0,0;2;2051,94;1025,97;423,0;2;1;0;45,0;779
C01644;1084,12;12;90,34;1992,1;0;0,04534912905978616;323;22/01/2026;0;10;0,6;5,0;18;0;0,0;3;4536,1900000000005;1512,0633333333335;89,0;1;1;0;185,0;952
C01646;2294,86;10;229,49;3158,13;0;0,07266641968506679;293;03/06/2025;1;9;0,3333333333333333;1,4444444444444444;10;0;0,0;1;280,96;280,96;98,0;1;1;0;185,0;689
C01647;3598,83;24;149,95;3654,9;0;0,04102711428493255;443;16/01/2026;0;14;0,21428571428571427;2,142857142857143;26;0;0,0;1;1398,93;1398,93;330,0;0;0;0;;793
C01648;1257,8;12;104,82;6464,83;0;0,01621388342771581;233;28/01/2026;0;7;0,42857142857142855;1,1428571428571428;6;0;0,0;1;1091,64;1091,64;853,0;0;0;0;;877
C01649;997,22;12;83,1;3565,18;0;0,02330878104331338;353;07/01/2026;0;11;0,09090909090909091;0,09090909090909091;1;0;0,0;4;3813,39;953,3475;348,0;0;0;0;;793
C01650;1433,96;12;119,5;4331,16;0;0,027590760904699897;353;22/07/2025;0;11;0,5454545454545454;2,3636363636363638;18;0;0,0;5;1467,98;293,596;66,0;0;0;0;;861
C01651;3258,32;18;181,02;2416,0;0;0,07492549668874172;323;24/01/2026;1;10;0,2;3,8;21;0;0,0;1;284,55;284,55;588,0;2;2;0;2,0;712
C01652;2358,36;12;196,53;2503,27;0;0,07850930982275184;323;25/01/2026;0;10;0,2;0,2;1;0;0,0;1;853,15;853,15;163,0;2;0;0;197,0;705
C01653;2502,02;18;139,0;1582,58;0;0,08783126287454664;233;08/01/2026;0;7;0,42857142857142855;4,285714285714286;16;0;0,0;1;552,63;552,63;912,0;0;0;0;;580
C01654;3597,56;6;599,59;1657,25;0;0,3617981596017499;173;24/07/2025;1;5;1,0;19,4;26;1;599,59;0;0,0;;;3;2;0;72,0;444
C01655;1628,05;6;271,34;3228,13;0;0,08405485528773624;173;09/03/2025;0;5;0,4;1,6;7;0;0,0;5;3741,1800000000003;748,2360000000001;234,0;1;0;0;112,0;789
C01656;1583,98;12;132,0;2749,79;0;0,04800366573447427;323;06/02/2026;0;10;0,5;6,0;19;0;0,0;2;1002,19;501,095;105,0;0;0;0;;581
C01657;3422,52;10;342,25;3480,29;0;0,09833950619057608;233;10/01/2026;1;7;0,14285714285714285;1,4285714285714286;10;0;0,0;1;648,31;648,31;778,0;0;0;0;;705
C01658;4563,32;12;380,28;3044,31;0;0,12491500537067513;353;19/07/2025;0;11;0,6363636363636364;5,363636363636363;23;1;380,28;0;0,0;;;0;0;0;;628
C01659;1035,97;12;86,33;3760,31;0;0,022958213551542293;173;08/01/2026;0;5;0,0;0,0;0;0;0,0;5;3810,63;762,126;204,0;0;0;0;;897
C01660;584,25;12;48,69;3129,16;0;0,015560086412967059;353;24/06/2025;0;11;0,2727272727272727;0,5454545454545454;4;0;0,0;0;0,0;;;4;2;0;92,0;640
C01661;2382,16;18;132,34;3325,96;0;0,03979001551431767;503;31/01/2026;0;16;0,25;1,25;8;0;0,0;3;1872,19;624,0633333333334;432,0;1;1;0;110,0;549
C01663;1139,01;12;94,92;5531,59;0;0,017159623182484603;83;06/02/2026;0;2;1,0;1,5;2;0;0,0;5;5035,16;1007,0319999999999;85,0;1;1;0;71,0;648
C01664;4501,82;24;187,58;4086,4;0;0,045903484729835554;443;15/01/2026;1;14;0,5;6,0;24;0;0,0;1;178,5;178,5;713,0;0;0;0;;695
C01665;1384,26;10;138,43;3392,4;0;0,04080591911331211;173;01/02/2026;0;5;0,2;0,4;2;0;0,0;4;3152,13;788,0325;149,0;1;1;0;87,0;728
C01666;1363,25;10;136,32;2769,31;0;0,049225258277332616;293;01/10/2025;0;9;0,4444444444444444;4,0;20;0;0,0;2;1387,6399999999999;693,8199999999999;26,0;0;0;0;;712
C01667;2553,37;24;106,39;3637,23;0;0,029250281120523035;503;17/01/2026;0;16;0,3125;2,3125;22;0;0,0;2;1464,52;732,26;127,0;0;0;0;;665
C01669;2108,06;18;117,11;1937,46;0;0,060445118866970154;533;03/01/2026;1;17;0,8235294117647058;10,058823529411764;23;0;0,0;2;2228,9;1114,45;458,0;3;3;0;13,0;470
C01671;579,2;12;48,27;3654,6;0;0,013208011820719096;233;19/01/2026;1;7;0,42857142857142855;6,285714285714286;21;0;0,0;2;2251,7;1125,85;271,0;4;4;0;39,0;671
C01672;982,56;18;54,59;2201,81;0;0,024793238290315697;203;08/01/2026;1;6;0,5;4,0;19;0;0,0;2;673,0699999999999;336,53499999999997;375,0;1;1;0;11,0;709
C01673;1977,43;10;197,74;3650,64;0;0,05416584489295028;293;29/07/2025;1;9;0,3333333333333333;2,0;12;0;0,0;3;1741,0100000000002;580,3366666666667;225,0;0;0;0;;659
C01675;5781,49;24;240,9;4270,38;0;0,05641184156913436;203;06/02/2026;0;6;0,0;0,0;0;0;0,0;1;1411,0;1411,0;674,0;1;1;0;187,0;798
C01676;1653,59;24;68,9;3104,07;0;0,022196664379347118;263;09/01/2026;1;8;0,375;4,5;23;0;0,0;1;976,04;976,04;459,0;3;1;0;32,0;683
C01678;3033,41;10;303,34;4896,98;0;0,06194430036471458;203;26/01/2026;1;6;0,3333333333333333;0,5;2;0;0,0;1;729,75;729,75;24,0;0;0;0;;572
C01681;1276,4;24;53,18;4329,73;0;0,012282521080991194;263;24/01/2026;1;8;0,375;2,875;19;0;0,0;4;3354,06;838,515;58,0;1;0;0;153,0;586
C01682;1912,83;10;191,28;1779,68;0;0,10747999640384788;203;15/01/2026;0;6;0,5;6,666666666666667;22;0;0,0;1;833,62;833,62;181,0;0;0;0;;682
C01683;1460,7;24;60,86;1803,2;0;0,03375110913930789;263;03/02/2026;1;8;0,5;8,75;25;0;0,0;2;568,5;284,25;41,0;3;1;0;12,0;634
C01684;1235,07;18;68,61;2285,1;0;0,03002494420375476;413;11/01/2026;0;13;0,07692307692307693;0,07692307692307693;1;0;0,0;2;740,11;370,055;402,0;0;0;0;;813
C01685;3255,87;6;542,64;2832,82;0;0,19155470520541368;173;07/10/2025;0;5;0,2;0,2;1;0;0,0;3;4988,77;1662,9233333333334;190,0;0;0;0;;665
C01686;877,35;12;73,11;4032,15;0;0,018131765931326958;353;25/10/2025;1;11;0,36363636363636365;1,5454545454545454;13;0;0,0;1;1050,3;1050,3;461,0;1;0;0;278,0;707
C01687;3127,04;12;260,59;1816,43;0;0,14346272633682552;143;14/01/2026;1;4;0,5;6,0;23;1;260,59;2;1315,3600000000001;657,6800000000001;302,0;0;0;0;;649
C01688;2326,99;6;387,83;2703,48;0;0,14345584209981208;173;24/12/2024;0;5;0,2;0,4;2;0;0,0;1;773,87;773,87;77,0;1;0;0;52,0;651
C01690;7820,76;24;325,86;1994,47;0;0,1633817505402438;533;06/02/2026;1;17;0,7058823529411765;8,117647058823529;24;0;0,0;0;0,0;;;0;0;0;;417
C01691;1297,27;24;54,05;3821,12;0;0,01414506741478938;443;12/01/2026;0;14;0,2857142857142857;4,642857142857143;26;0;0,0;1;354,12;354,12;752,0;1;1;0;84,0;717
C01692;1334,97;10;133,5;1641,98;0;0,08130427898025555;113;19/01/2026;0;3;0,3333333333333333;6,0;18;0;0,0;1;1020,96;1020,96;221,0;0;0;0;;562
C01693;1509,64;12;125,8;5572,46;0;0,022575307853264087;83;08/01/2026;0;2;0,5;0,5;1;0;0,0;2;562,0799999999999;281,03999999999996;419,0;0;0;0;;693
C01694;2119,13;10;211,91;2747,27;0;0,07713475559373487;203;01/02/2026;1;6;0,5;8,333333333333334;21;0;0,0;4;4353,33;1088,3325;388,0;0;0;0;;808
C01695;2687,39;18;149,3;4424,9;0;0,03374087550001131;113;14/01/2026;0;3;0,3333333333333333;6,0;18;0;0,0;1;540,7;540,7;489,0;0;0;0;;740
C01696;750,42;10;75,04;3740,19;0;0,020063151871963725;113;21/01/2026;1;3;0,3333333333333333;2,0;6;0;0,0;1;783,17;783,17;493,0;0;0;0;;747
C01697;1813,94;24;75,58;2198,35;0;0,03438033070257238;293;05/02/2026;1;9;0,3333333333333333;4,111111111111111;26;0;0,0;5;3992,8199999999997;798,564;62,0;0;0;0;;704
C01698;1404,7;10;140,47;2426,82;0;0,05788233161091469;293;03/05/2025;0;9;0,2222222222222222;0,4444444444444444;2;0;0,0;1;1091,64;1091,64;583,0;0;0;0;;719
C01699;4920,63;10;492,06;2225,71;0;0,2210800149165884;293;26/11/2025;1;9;0,8888888888888888;15,444444444444445;24;0;0,0;0;0,0;;;5;5;0;28,0;513
C01700;702,74;24;29,28;4119,13;0;0,007108297140415574;413;05/02/2026;1;13;0,5384615384615384;5,6923076923076925;23;0;0,0;4;4599,41;1149,8525;17,0;3;3;0;32,0;607
C01701;2337,81;10;233,78;2768,44;0;0,08444466919998266;83;24/01/2026;0;2;0,5;2,5;5;0;0,0;2;3843,73;1921,865;713,0;0;0;0;;702
C01702;1130,99;6;188,5;1995,94;0;0,09444171668487028;143;09/01/2026;1;4;0,5;1,75;6;0;0,0;2;1920,42;960,21;470,0;1;1;0;16,0;674
C01703;1992,13;24;83,01;1516,81;0;0,05472669615838504;323;03/02/2026;0;10;0,3;0,6;3;0;0,0;4;2451,6800000000003;612,9200000000001;102,0;0;0;0;;835
C01704;2103,78;10;210,38;2510,63;0;0,08379570068070563;293;12/05/2025;1;9;0,3333333333333333;2,111111111111111;7;0;0,0;2;1095,31;547,655;163,0;1;0;0;43,0;568
C01705;1073,16;18;59,62;3902,67;0;0,01527672080908711;473;14/01/2026;0;15;0,4;3,6;15;0;0,0;3;5350,71;1783,57;429,0;0;0;0;;612
C01706;1986,54;24;82,77;3930,51;0;0,02105833594113741;563;12/01/2026;1;18;0,2222222222222222;2,888888888888889;22;0;0,0;0;0,0;;;3;1;0;16,0;613
C01707;538,38;6;89,73;1789,58;0;0,050140256373003726;83;16/01/2026;0;2;0,5;9,5;19;0;0,0;4;2938,2;734,55;82,0;0;0;0;;651
C01708;1861,43;18;103,41;3584,47;0;0,028849453336197543;413;31/01/2026;1;13;0,46153846153846156;4,923076923076923;24;0;0,0;5;3888,38;777,676;58,0;0;0;0;;662
C01709;3507,14;24;146,13;5976,78;0;0,02444962002951422;413;05/02/2026;0;13;0,38461538461538464;5,6923076923076925;25;0;0,0;5;4202,6900000000005;840,5380000000001;131,0;0;0;0;;692
C01710;4116,1;24;171,5;2459,96;0;0,06971658075741069;143;11/01/2026;1;4;0,75;12,75;26;0;0,0;1;555,31;555,31;635,0;0;0;0;;639
C01711;1183,24;18;65,74;2504,02;0;0,026253783915463933;233;02/02/2026;0;7;0,42857142857142855;3,5714285714285716;14;0;0,0;6;5499,139999999999;916,5233333333332;64,0;0;0;0;;821
C01712;1094,94;24;45,62;3004,69;0;0,01518293068502907;443;21/01/2026;1;14;0,42857142857142855;1,5;13;0;0,0;3;2910,1499999999996;970,0499999999998;260,0;1;1;0;41,0;654
C01713;1804,08;24;75,17;2031,7;0;0,036998572623911014;413;19/01/2026;0;13;0,5384615384615384;5,461538461538462;26;0;0,0;2;2986,74;1493,37;457,0;0;0;0;;810
C01714;2385,14;12;198,76;2397,36;0;0,08290786531851703;233;01/02/2026;1;7;0,42857142857142855;2,0;11;0;0,0;0;0,0;;;0;0;0;;758
C01715;1667,76;10;166,78;3208,2;0;0,05198553706128047;83;29/01/2026;0;2;1,0;13,5;23;0;0,0;3;2149,36;716,4533333333334;138,0;0;0;0;;590
C01716;1653,05;18;91,84;2925,75;0;0,03139024181833718;443;12/01/2026;0;14;0,35714285714285715;3,142857142857143;24;0;0,0;2;1108,26;554,13;657,0;2;1;0;198,0;597
C01717;5097,38;10;509,74;3546,76;0;0,14371990210783925;143;05/02/2026;0;4;0,5;8,0;19;0;0,0;1;938,41;938,41;202,0;1;0;0;43,0;589
C01718;1509,96;10;151,0;1177,75;0;0,1282105710040331;293;07/10/2025;0;9;0,8888888888888888;7,444444444444445;23;0;0,0;5;3789,17;757,8340000000001;187,0;1;0;0;293,0;398
C01719;3117,35;24;129,89;3609,59;0;0,03598469632285107;233;14/01/2026;1;7;0,14285714285714285;2,4285714285714284;17;0;0,0;1;422,04;422,04;795,0;0;0;0;;728
C01720;2276,24;12;189,69;2077,87;0;0,0912906004706743;143;02/02/2026;1;4;0,75;11,25;23;1;189,69;2;2428,25;1214,125;677,0;0;0;0;;450
C01721;3410,8;12;284,23;2454,76;0;0,11578728674086265;113;28/01/2026;1;3;0,6666666666666666;10,666666666666666;25;0;0,0;3;2141,65;713,8833333333333;436,0;1;0;0;52,0;502
C01722;1358,97;18;75,5;2260,75;0;0,033395996903682404;533;30/01/2026;1;17;0,29411764705882354;0,5294117647058824;3;0;0,0;1;696,36;696,36;674,0;0;0;0;;861
C01723;2190,93;24;91,29;1441,02;0;0,06335095973685306;533;04/02/2026;0;17;0,47058823529411764;3,764705882352941;21;0;0,0;1;1140,16;1140,16;771,0;2;0;0;63,0;469
C01724;3056,62;18;169,81;4568,88;0;0,03716665791178582;203;31/01/2026;0;6;0,3333333333333333;0,3333333333333333;1;0;0,0;1;401,08;401,08;270,0;1;1;0;15,0;633
C01725;3995,13;6;665,86;3130,52;0;0,2126994876250591;173;05/06/2025;0;5;0,4;0,8;3;0;0,0;6;8062,57;1343,7616666666665;79,0;3;2;0;4,0;691
C01727;2591,05;12;215,92;3138,55;0;0,06879610010992336;263;12/01/2026;1;8;0,5;4,875;25;0;0,0;0;0,0;;;1;0;0;224,0;686
C01728;1981,66;6;330,28;3341,04;0;0,09885544620836625;83;13/01/2026;1;2;1,0;17,0;19;0;0,0;8;4629,85;578,73125;101,0;0;0;0;;442
C01729;1667,67;24;69,49;2132,82;0;0,03258127736986712;293;27/01/2026;1;9;0,4444444444444444;2,888888888888889;21;0;0,0;6;6176,35;1029,3916666666667;138,0;2;2;0;81,0;660
C01730;2275,81;24;94,83;3754,94;0;0,02525473110089642;293;13/01/2026;1;9;0,4444444444444444;2,888888888888889;23;0;0,0;4;3125,08;781,27;153,0;0;0;0;;591
C01731;2146,28;6;357,71;1236,51;0;0,28929001787288416;173;01/03/2025;1;5;0,6;9,0;23;1;357,71;2;1631,6;815,8;575,0;0;0;0;;550
C01732;2171,85;12;180,99;2071,71;0;0,08736261349320128;353;30/01/2026;1;11;0,5454545454545454;1,5454545454545454;9;0;0,0;5;3297,1;659,42;178,0;1;1;0;196,0;650
C01733;1657,82;10;165,78;2843,55;0;0,058300363981642664;233;06/02/2026;0;7;0,2857142857142857;4,285714285714286;16;0;0,0;1;1768,53;1768,53;390,0;2;2;0;3,0;682
C01734;1257,1;18;69,84;1509,83;0;0,04625686335547711;293;10/01/2026;0;9;0,5555555555555556;6,333333333333333;18;0;0,0;8;8469,71;1058,71375;10,0;1;0;0;33,0;602
C01735;1786,67;10;178,67;4129,86;0;0,04326296775193348;113;05/02/2026;1;3;0,3333333333333333;6,333333333333333;19;0;0,0;2;704,52;352,26;227,0;0;0;0;;774
C01736;1574,49;10;157,45;4565,31;0;0,03448834799827393;293;26/01/2026;1;9;0,1111111111111111;1,4444444444444444;13;0;0,0;1;689,65;689,65;724,0;1;1;0;55,0;857
C01737;850,87;6;141,81;3302,7;0;0,04293759651194477;173;05/01/2026;0;5;0,4;0,4;1;0;0,0;5;3786,19;757,238;167,0;0;0;0;;960
C01738;2045,99;12;170,5;2373,31;0;0,07184059393842356;263;05/02/2026;1;8;0,5;3,5;22;0;0,0;4;2674,5099999999998;668,6274999999999;108,0;0;0;0;;755
C01739;3213,95;12;267,83;7157,2;0;0,03742105851450288;353;20/07/2025;1;11;0,7272727272727273;11,818181818181818;26;0;0,0;1;1080,38;1080,38;505,0;0;0;0;;621
C01740;2172,45;24;90,52;4232,51;0;0,021386836652482803;113;31/01/2026;1;3;0,6666666666666666;5,666666666666667;10;0;0,0;1;145,84;145,84;762,0;0;0;0;;598
C01741;2327,49;12;193,96;1188,22;0;0,16323576442073018;353;02/09/2025;0;11;0,2727272727272727;2,090909090909091;13;0;0,0;1;2140,69;2140,69;810,0;0;0;0;;642
C01742;880,21;12;73,35;3535,6;0;0,02074612512727684;233;24/01/2026;1;7;0,2857142857142857;0,42857142857142855;2;0;0,0;4;4427,799999999999;1106,9499999999998;193,0;2;0;0;36,0;794
C01743;1895,68;18;105,32;3325,07;0;0,031674521137900855;533;19/01/2026;1;17;0,5882352941176471;7,9411764705882355;25;0;0,0;3;3777,31;1259,1033333333332;214,0;1;0;0;2,0;790
C01744;2690,18;10;269,02;2550,28;0;0,10548645638910235;263;29/01/2026;1;8;0,375;5,375;18;0;0,0;2;1868,67;934,335;545,0;0;0;0;;671
C01745;2019,74;10;201,97;4244,24;0;0,047586847115149;293;02/02/2026;0;9;0,3333333333333333;1,7777777777777777;12;0;0,0;4;1485,3;371,325;237,0;2;2;0;43,0;653
C01746;4434,75;18;246,38;2741,63;0;0,08986624745133369;83;17/01/2026;0;2;0,5;8,0;16;0;0,0;1;267,4;267,4;798,0;1;0;0;1,0;743
C01748;1978,4;24;82,43;2059,32;0;0,04002777615912049;113;21/01/2026;1;3;0,3333333333333333;7,0;21;0;0,0;6;7924,86;1320,81;218,0;1;1;0;86,0;753
C01749;2545,44;10;254,54;2295,57;0;0,11088313577891329;293;03/05/2025;0;9;0,3333333333333333;1,2222222222222223;8;0;0,0;1;912,03;912,03;616,0;2;1;0;169,0;631
C01750;1298,29;18;72,13;3626,73;0;0,019888439448208166;83;01/02/2026;0;2;0,0;0,0;0;0;0,0;3;1549,98;516,66;483,0;0;0;0;;672
C01751;2167,58;24;90,32;2515,48;0;0,035905672078489985;503;25/01/2026;1;16;0,6875;7,9375;26;0;0,0;3;2676,61;892,2033333333334;303,0;0;0;0;;651
C01752;11315,98;18;628,67;1628,27;0;0,38609690039121275;143;10/01/2026;1;4;0,75;14,0;22;0;0,0;2;803,03;401,515;138,0;2;1;0;54,0;583
C01753;3226,84;24;134,45;3302,81;0;0,04070776096717643;143;27/01/2026;1;4;0,5;4,0;14;0;0,0;0;0,0;;;2;2;0;27,0;628
C01754;3219,37;24;134,14;1397,32;0;0,09599805341654023;83;13/01/2026;1;2;0,0;0,0;0;0;0,0;1;3237,55;3237,55;640,0;1;0;0;13,0;743
C01756;986,23;6;164,37;1982,49;0;0,08291088479639241;173;20/02/2025;0;5;0,4;0,6;2;0;0,0;2;2962,55;1481,275;46,0;1;0;0;161,0;594
C01758;3248,02;10;324,8;6749,75;0;0,0481203007518797;293;08/12/2025;0;9;0,3333333333333333;0,5555555555555556;2;0;0,0;3;1546,57;515,5233333333333;129,0;1;1;0;39,0;863
C01759;1830,53;6;305,09;1184,13;0;0,2576490756927026;83;22/01/2026;1;2;0,5;7,5;15;0;0,0;2;1063,26;531,63;103,0;2;1;0;19,0;719
C01760;2415,58;24;100,65;5145,36;0;0,01956131349409954;383;28/01/2026;1;12;0,75;7,25;24;0;0,0;0;0,0;;;3;1;0;23,0;656
C01761;1757,72;10;175,77;3181,7;0;0,055244051921928536;173;25/01/2026;0;5;0,2;0,2;1;0;0,0;2;1794,26;897,13;66,0;0;0;0;;787
C01762;1483,6;10;148,36;1258,18;0;0,11791635537045574;83;09/01/2026;1;2;0,5;6,5;13;0;0,0;3;1549,98;516,66;460,0;0;0;0;;576
C01763;3347,85;6;557,98;2147,13;0;0,25987248093967297;173;09/11/2025;1;5;0,8;14,2;26;1;557,98;4;3757,42;939,355;204,0;1;1;0;8,0;606
C01764;958,25;10;95,82;2880,32;0;0,03326713698477946;293;05/12/2025;0;9;0,4444444444444444;0,7777777777777778;2;0;0,0;1;557,12;557,12;658,0;0;0;0;;773
C01765;1195,89;12;99,66;1289,27;0;0,07729955711371551;353;02/08/2025;0;11;0,45454545454545453;0,6363636363636364;2;0;0,0;2;3295,84;1647,92;324,0;0;0;0;;770
C01766;2594,4;10;259,44;2851,52;0;0,09098305465155426;173;13/01/2026;0;5;0,6;3,8;16;0;0,0;1;572,34;572,34;849,0;0;0;0;;752
C01767;1504,86;10;150,49;2442,05;0;0,061624454863741525;113;13/01/2026;0;3;0,0;0,0;0;0;0,0;0;0,0;;;1;1;0;100,0;563
C01769;807,58;6;134,6;2240,34;0;0,060080166403313776;173;08/01/2026;1;5;0,2;4,0;20;0;0,0;4;3019,84;754,96;237,0;0;0;0;;493
C01770;3367,37;12;280,61;3178,29;0;0,08828961485578724;143;26/01/2026;0;4;0,75;11,75;23;0;0,0;7;9304,08;1329,1542857142856;3,0;0;0;0;;704
C01772;3159,72;12;263,31;2046,43;0;0,12866797300665062;353;17/01/2026;1;11;0,5454545454545454;5,090909090909091;25;0;0,0;5;5598,32;1119,664;39,0;1;0;0;17,0;794
C01773;3090,93;12;257,58;2343,01;0;0,10993551030512032;353;17/08/2025;1;11;0,36363636363636365;5,909090909090909;23;0;0,0;2;2020,67;1010,335;544,0;0;0;0;;620
C01774;3302,02;24;137,58;4482,02;0;0,030695980830072155;353;01/02/2026;0;11;0,36363636363636365;3,3636363636363638;19;0;0,0;2;2382,4799999999996;1191,2399999999998;691,0;0;0;0;;844
C01775;731,38;10;73,14;5058,96;0;0,014457516960007591;83;02/02/2026;0;2;0,5;0,5;1;0;0,0;2;1565,95;782,975;277,0;0;0;0;;752
C01776;2062,27;10;206,23;1947,34;0;0,10590343750962852;293;22/04/2025;0;9;0,1111111111111111;1,7777777777777777;16;0;0,0;3;1787,91;595,97;351,0;0;0;0;;739
C01777;1492,17;24;62,17;1587,37;0;0,039165411970744066;203;27/01/2026;1;6;1,0;19,333333333333332;26;1;62,17;1;246,85;246,85;519,0;1;1;0;110,0;444
C01778;1856,36;10;185,64;4544,79;0;0,04084677179803687;263;14/01/2026;1;8;0,375;3,5;12;0;0,0;5;5889,9800000000005;1177,996;2,0;0;0;0;;685
C01779;3265,86;10;326,59;2299,9;0;0,14200182616635504;143;24/01/2026;0;4;0,5;3,75;13;0;0,0;6;2216,77;369,46166666666664;118,0;0;0;0;;723
C01780;2495,36;24;103,97;1108,08;0;0,09382896541765938;173;29/01/2026;1;5;0,4;9,2;26;0;0,0;0;0,0;;;1;1;0;108,0;652
C01781;1907,57;24;79,48;3923,52;0;0,020257319957589105;503;19/01/2026;1;16;0,5;4,25;23;0;0,0;1;254,36;254,36;716,0;5;2;0;57,0;712
C01782;2909,78;18;161,65;4011,04;0;0,040301268498942916;413;21/01/2026;0;13;0,38461538461538464;5,538461538461538;26;0;0,0;5;9810,8;1962,1599999999999;58,0;1;0;0;75,0;570
C01783;1764,13;10;176,41;2142,7;0;0,08233070425164513;293;26/08/2025;1;9;0,8888888888888888;10,777777777777779;23;0;0,0;0;0,0;;;2;0;0;264,0;705
C01785;1906,92;18;105,94;2312,29;0;0,04581605248476618;83;25/01/2026;1;2;0,5;6,0;12;0;0,0;2;1426,45;713,225;149,0;0;0;0;;708
C01786;1289,38;6;214,9;2579,07;0;0,08332460925837608;173;14/01/2025;0;5;0,2;0,2;1;0;0,0;1;279,02;279,02;741,0;0;0;0;;801
C01789;3154,92;12;262,91;2498,02;0;0,10524735590587747;203;11/01/2026;1;6;0,8333333333333334;10,0;25;0;0,0;5;8304,34;1660,868;248,0;2;1;0;58,0;672
C01790;3268,55;12;272,38;2866,39;0;0,09502545013065215;203;03/02/2026;0;6;0,3333333333333333;0,3333333333333333;1;0;0,0;1;1643,59;1643,59;514,0;1;0;0;16,0;584
C01791;2704,96;10;270,5;1986,07;0;0,13619862341206504;293;17/10/2025;1;9;0,5555555555555556;7,555555555555555;20;0;0,0;3;2322,33;774,11;407,0;0;0;0;;688
C01793;1399,87;10;139,99;4689,27;0;0,029853260742077125;173;29/01/2026;0;5;0,6;6,0;17;0;0,0;1;799,48;799,48;363,0;1;1;0;173,0;539
C01794;1356,69;10;135,67;2913,95;0;0,04655879476312222;293;21/08/2025;1;9;0,1111111111111111;0,5555555555555556;5;0;0,0;0;0,0;;;1;0;0;180,0;740
C01795;1960,78;24;81,7;1831,66;0;0,04460434796850944;203;30/01/2026;1;6;0,5;7,833333333333333;25;0;0,0;2;1490,1200000000001;745,0600000000001;165,0;1;0;0;174,0;726
C01797;3530,95;24;147,12;1498,07;0;0,09820635884838493;143;14/01/2026;1;4;1,0;12,0;23;1;147,12;7;6056,719999999999;865,2457142857141;58,0;0;0;0;;764
C01798;3496,0;6;582,67;2022,43;0;0,2881039145977858;113;08/01/2026;0;3;0,3333333333333333;1,6666666666666667;5;0;0,0;1;1040,59;1040,59;362,0;0;0;0;;742
C01800;2855,69;12;237,97;4810,96;0;0,04946414021317991;353;18/12/2025;0;11;0,2727272727272727;0,36363636363636365;2;0;0,0;1;862,36;862,36;338,0;0;0;0;;816
C01801;1835,55;12;152,96;3981,33;0;0,03841932218630458;353;29/11/2025;0;11;0,2727272727272727;0,8181818181818182;6;0;0,0;3;4836,11;1612,0366666666666;229,0;0;0;0;;593
C01802;1520,16;12;126,68;1327,04;0;0,09546057390884978;353;14/07/2025;1;11;0,45454545454545453;1,0909090909090908;7;0;0,0;3;1979,8600000000001;659,9533333333334;451,0;1;1;0;42,0;680
C01803;2510,47;24;104,6;2827,74;0;0,03699067099521172;443;30/01/2026;1;14;0,6428571428571429;7,0;26;0;0,0;1;1723,76;1723,76;455,0;0;0;0;;709
C01804;1990,94;12;165,91;2488,3;0;0,06667604388538359;353;22/08/2025;0;11;0,36363636363636365;3,6363636363636362;24;0;0,0;0;0,0;;;0;0;0;;677
C01805;1225,91;18;68,11;4215,29;0;0,016157844418770714;113;13/01/2026;0;3;0,0;0,0;0;0;0,0;1;1261,1;1261,1;729,0;1;0;0;30,0;758
C01807;728,86;10;72,89;3690,15;0;0,019752584583282523;293;14/04/2025;0;9;0,3333333333333333;2,4444444444444446;20;0;0,0;3;1920,6399999999999;640,2133333333333;180,0;1;0;0;12,0;618
C01809;2344,73;12;195,39;2320,39;0;0,08420567232232512;293;13/01/2026;0;9;0,3333333333333333;2,0;15;0;0,0;3;1741,0100000000002;580,3366666666667;393,0;2;1;0;165,0;681
C01811;2010,27;12;167,52;2871,29;0;0,05834311407067904;353;16/08/2025;0;11;0,45454545454545453;1,6363636363636365;12;0;0,0;3;2459,7200000000003;819,9066666666668;425,0;0;0;0;;751
C01813;731,93;12;60,99;5265,09;0;0,011583847569557215;173;15/01/2026;1;5;0,6;4,0;10;0;0,0;2;568,5;284,25;22,0;0;0;0;;671
C01815;4908,93;12;409,08;3146,99;0;0,12999088017438887;353;07/07/2025;0;11;0,5454545454545454;7,454545454545454;25;0;0,0;3;4676,66;1558,8866666666665;466,0;1;1;0;93,0;665
C01816;2451,13;6;408,52;2076,04;0;0,1967784821101713;173;26/02/2025;1;5;0,8;5,6;22;0;0,0;1;1259,65;1259,65;382,0;2;2;0;9,0;518
C01817;1460,24;6;243,37;4738,31;0;0,05136219453771492;173;02/05/2025;0;5;0,2;2,2;11;0;0,0;0;0,0;;;0;0;0;;773
C01818;874,13;10;87,41;2524,07;0;0,03463057680650695;293;14/09/2025;1;9;0,5555555555555556;4,666666666666667;23;1;87,41;5;3183,8;636,76;161,0;0;0;0;;660
C01819;1438,04;10;143,8;1254,04;0;0,11466938853625085;203;03/02/2026;0;6;0,8333333333333334;12,5;20;0;0,0;0;0,0;;;3;3;0;165,0;609
C01820;902,21;6;150,37;3482,77;0;0,04317540348630544;113;11/01/2026;0;3;0,6666666666666666;8,666666666666666;24;0;0,0;4;5459,62;1364,905;244,0;1;1;0;30,0;800
C01821;1293,96;24;53,92;1698,38;0;0,03174790094089662;113;01/02/2026;0;3;0,6666666666666666;11,333333333333334;22;0;0,0;0;0,0;;;0;0;0;;610
C01822;859,13;10;85,91;4505,85;0;0,019066324888755728;293;16/10/2025;0;9;0,2222222222222222;2,5555555555555554;21;0;0,0;0;0,0;;;0;0;0;;673
C01823;1413,87;24;58,91;2918,93;0;0,020182053012576525;383;28/01/2026;0;12;0,5;0,5833333333333334;2;0;0,0;2;1935,29;967,645;535,0;0;0;0;;776
C01824;1018,16;10;101,82;3091,93;0;0,03293088782734409;293;09/12/2025;0;9;0,0;0,0;0;0;0,0;2;4447,16;2223,58;710,0;2;0;0;57,0;813
C01825;1099,76;6;183,29;1725,84;0;0,10620335604691049;173;06/06/2025;0;5;0,4;4,2;13;0;0,0;2;1119,44;559,72;28,0;1;0;0;166,0;814
C01826;2312,93;10;231,29;2838,08;0;0,08149523621603337;293;17/12/2025;0;9;0,2222222222222222;4,222222222222222;20;0;0,0;1;1440,3;1440,3;389,0;2;1;0;94,0;697
C01827;3538,13;18;196,56;5280,17;0;0,03722607416049104;533;10/12/2025;1;17;0,29411764705882354;0,4117647058823529;2;0;0,0;1;775,66;775,66;589,0;3;0;0;40,0;767
C01828;1260,11;12;105,01;1949,04;0;0,05387780650987153;83;29/01/2026;0;2;0,5;2,5;5;0;0,0;2;803,03;401,515;157,0;0;0;0;;816
C01829;1243,02;18;69,06;5515,83;0;0,012520327856369758;143;18/01/2026;0;4;0,0;0,0;0;0;0,0;1;831,96;831,96;624,0;1;0;0;132,0;847
C01830;4365,65;12;363,8;3879,08;0;0,09378512430782557;263;30/01/2026;0;8;0,25;0,375;2;0;0,0;3;3487,8900000000003;1162,63;136,0;0;0;0;;633
C01831;2565,49;10;256,55;2677,03;0;0,09583381583321815;293;09/12/2025;1;9;0,2222222222222222;2,111111111111111;18;0;0,0;1;555,31;555,31;602,0;1;0;0;69,0;723
C01832;1053,77;24;43,91;2392,18;0;0,01835564213395313;593;29/01/2026;1;19;0,21052631578947367;0,3157894736842105;2;0;0,0;6;8297,66;1382,9433333333334;561,0;0;0;0;;787
C01833;4579,95;12;381,66;5633,1;0;0,06775310219949938;323;21/01/2026;0;10;0,6;6,8;22;0;0,0;3;4161,96;1387,32;230,0;0;0;0;;704
C01834;3489,01;24;145,38;1334,21;0;0,10896335659304007;83;18/01/2026;0;2;0,5;1,0;2;0;0,0;2;3646,31;1823,155;133,0;0;0;0;;620
C01835;2639,82;12;219,98;1842,54;0;0,11938953835466258;353;10/07/2025;1;11;0,6363636363636364;8,909090909090908;24;0;0,0;3;2386,46;795,4866666666667;77,0;1;1;0;75,0;585
C01836;674,18;10;67,42;2021,57;0;0,03335031683295656;293;19/08/2025;1;9;0,2222222222222222;0,3333333333333333;2;0;0,0;1;1413,25;1413,25;284,0;0;0;0;;936
C01837;2313,44;24;96,39;2077,61;0;0,04639465539730748;323;09/01/2026;1;10;0,5;5,2;23;0;0,0;4;3711,46;927,865;252,0;1;1;0;116,0;878
C01839;2078,54;12;173,21;1492,48;0;0,1160551565180103;323;28/01/2026;1;10;0,5;4,3;13;0;0,0;8;7857,07;982,13375;101,0;4;1;0;89,0;754
C01840;690,34;24;28,76;1368,27;0;0,021019243278008;143;17/01/2026;1;4;0,5;5,5;15;0;0,0;2;1566,56;783,28;568,0;0;0;0;;535
C01841;2013,79;12;167,82;2505,8;0;0,06697262351344879;353;18/06/2025;0;11;0,36363636363636365;0,45454545454545453;2;0;0,0;0;0,0;;;0;0;0;;718
C01842;532,77;18;29,6;3258,81;0;0,009083070200471952;293;21/01/2026;0;9;0,2222222222222222;0,3333333333333333;2;0;0,0;3;1138,29;379,43;175,0;1;1;0;77,0;714
C01843;1418,65;10;141,86;1038,35;0;0,13662059999036935;293;12/11/2025;0;9;0,4444444444444444;2,2222222222222223;17;0;0,0;4;3306,8599999999997;826,7149999999999;122,0;1;1;0;92,0;652
C01844;1132,79;18;62,93;2506,39;0;0,025107824400831476;173;09/01/2026;0;5;0,6;2,0;8;0;0,0;0;0,0;;;0;0;0;;639
C01845;3546,93;18;197,05;3190,12;0;0,06176883628202075;293;15/01/2026;1;9;0,7777777777777778;13,333333333333334;23;1;197,05;1;558,93;558,93;493,0;2;1;0;200,0;612
C01846;6691,03;24;278,79;2659,82;0;0,1048153634456467;533;15/01/2026;1;17;0,35294117647058826;1,6470588235294117;13;0;0,0;2;1156,29;578,145;222,0;0;0;0;;779
C01847;2260,55;10;226,06;2003,28;0;0,11284493430773532;203;03/02/2026;0;6;0,3333333333333333;4,0;22;0;0,0;5;4573,25;914,65;295,0;0;0;0;;708
C01848;1790,2;6;298,37;2401,09;0;0,12426439658655027;173;14/09/2025;0;5;0,4;5,6;19;0;0,0;4;3389,7299999999996;847,4324999999999;118,0;3;2;0;74,0;658
C01850;440,71;6;73,45;2179,98;0;0,03369296966027211;173;27/07/2025;1;5;1,0;10,4;22;0;0,0;0;0,0;;;3;2;0;5,0;434
C01851;3451,31;18;191,74;3118,3;0;0,06148863162620659;203;27/01/2026;0;6;0,16666666666666666;0,3333333333333333;2;0;0,0;2;1794,26;897,13;68,0;0;0;0;;928
C01852;4646,62;24;193,61;7750,9;0;0,02497903469274536;383;27/01/2026;0;12;0,5833333333333334;5,916666666666667;23;0;0,0;0;0,0;;;2;1;0;10,0;501
C01853;3515,84;18;195,32;2458,65;0;0,07944197018689117;503;20/01/2026;0;16;0,3125;2,5625;24;0;0,0;4;5245,42;1311,355;49,0;2;1;0;94,0;742
C01854;1003,52;12;83,63;1250,66;0;0,06686869332992179;353;12/12/2025;0;11;0,2727272727272727;3,1818181818181817;26;0;0,0;4;3203,02;800,755;297,0;0;0;0;;683
C01855;3081,59;18;171,2;1710,51;0;0,10008710852318899;323;09/01/2026;1;10;0,7;9,3;22;0;0,0;2;1480,61;740,305;470,0;0;0;0;;554
C01856;1640,32;12;136,69;3242,89;0;0,04215067424426977;353;02/02/2026;0;11;0,36363636363636365;2,6363636363636362;19;0;0,0;0;0,0;;;0;0;0;;551
C01857;1105,64;18;61,42;1982,84;0;0,030975772124831054;473;13/01/2026;1;15;0,6;4,4;25;0;0,0;4;4413,75;1103,4375;113,0;0;0;0;;513
C01858;1146,12;10;114,61;2246,94;0;0,051007147498375566;233;31/01/2026;0;7;0,2857142857142857;0,2857142857142857;1;0;0,0;3;1404,02;468,00666666666666;8,0;0;0;0;;731
C01859;2359,94;6;393,32;4811,33;0;0,08174870565934991;173;06/02/2026;1;5;0,4;5,2;22;0;0,0;3;1662,68;554,2266666666667;256,0;2;1;0;70,0;660
C01860;3177,79;18;176,54;2560,46;0;0,06894854830772595;263;09/01/2026;1;8;0,25;3,75;19;0;0,0;1;360,62;360,62;834,0;1;1;0;39,0;707
C01861;3187,49;10;318,75;2455,37;0;0,12981750204653475;293;19/07/2025;0;9;0,3333333333333333;3,2222222222222223;25;0;0,0;1;461,39;461,39;264,0;2;0;0;102,0;978
C01862;4194,0;12;349,5;2647,59;0;0,1320068439599787;353;24/08/2025;0;11;0,5454545454545454;4,909090909090909;23;0;0,0;1;3153,09;3153,09;341,0;0;0;0;;574
C01863;1895,92;12;157,99;2304,23;0;0,06856520399439292;353;09/01/2026;0;11;0,45454545454545453;5,090909090909091;17;0;0,0;1;1413,25;1413,25;427,0;1;0;0;130,0;600
C01864;8660,59;18;481,14;1974,41;0;0,24368798780395154;143;16/01/2026;1;4;0,25;6,25;25;0;0,0;3;1867,4;622,4666666666667;389,0;1;1;0;56,0;667
C01865;2627,44;12;218,95;2176,98;0;0,10057510863673529;353;17/08/2025;1;11;0,7272727272727273;5,636363636363637;24;0;0,0;4;6684,01;1671,0025;195,0;1;0;0;168,0;728
C01866;807,03;18;44,84;3421,67;0;0,01310471202658351;353;17/01/2026;0;11;0,2727272727272727;0,5454545454545454;2;0;0,0;2;1477,13;738,565;287,0;1;1;0;54,0;774
C01867;670,05;6;111,68;3062,18;0;0,03647074959669255;173;16/07/2025;0;5;0,6;4,0;16;0;0,0;6;5531,07;921,8449999999999;57,0;0;0;0;;579
C01868;2296,45;18;127,58;5350,4;0;0,023844946172248804;323;21/01/2026;0;10;0,2;0,4;2;0;0,0;1;733,61;733,61;514,0;2;0;0;108,0;590
C01869;4298,49;6;716,42;3755,36;0;0,1907726556175706;173;22/12/2024;0;5;0,6;5,6;21;0;0,0;0;0,0;;;1;0;0;96,0;770
C01870;1041,82;18;57,88;1464,18;0;0,03953065879878157;323;24/01/2026;0;10;0,2;0,3;2;0;0,0;2;1282,25;641,125;540,0;1;1;0;83,0;685
C01871;1462,68;12;121,89;3332,46;0;0,03657658306476297;353;11/10/2025;0;11;0,45454545454545453;6,0;24;0;0,0;1;771,61;771,61;616,0;1;1;0;8,0;699
C01873;1417,45;18;78,75;1851,19;0;0,04254020386886273;413;15/01/2026;1;13;0,3076923076923077;2,8461538461538463;14;0;0,0;4;1401,6999999999998;350,42499999999995;88,0;1;1;0;86,0;781
C01874;2539,66;12;211,64;2714,65;0;0,07796216823531578;353;31/01/2026;0;11;0,6363636363636364;8,545454545454545;22;0;0,0;6;9575,18;1595,8633333333335;116,0;3;2;0;81,0;631
C01875;1080,36;12;90,03;4707,92;0;0,019123094699994903;353;30/06/2025;0;11;0,45454545454545453;1,6363636363636365;13;0;0,0;2;1172,7;586,35;389,0;1;1;0;108,0;942
C01876;1155,18;10;115,52;1924,29;0;0,060032531479142955;293;06/12/2025;1;9;0,5555555555555556;6,0;25;0;0,0;3;3354,86;1118,2866666666666;170,0;1;0;0;133,0;760
C01877;2782,77;10;278,28;3399,56;0;0,08185765216675099;263;20/01/2026;0;8;0,625;4,625;12;0;0,0;6;8297,66;1382,9433333333334;552,0;4;2;0;13,0;586
C01878;2773,12;12;231,09;2498,48;0;0,09249223527904966;353;18/11/2025;1;11;0,18181818181818182;2,3636363636363638;24;0;0,0;2;2986,29;1493,145;86,0;1;0;0;170,0;700
C01879;6609,07;10;660,91;3030,65;0;0,21807533037467208;293;19/07/2025;1;9;0,4444444444444444;5,333333333333333;23;0;0,0;1;1340,89;1340,89;838,0;1;1;0;55,0;662
C01880;4786,04;24;199,42;2442,25;0;0,08165421230422765;293;14/01/2026;1;9;1,0;15,333333333333334;26;0;0,0;4;2608,8999999999996;652,2249999999999;100,0;1;1;0;99,0;590
C01881;1777,53;10;177,75;1624,27;0;0,10943377640416926;293;04/11/2025;1;9;0,6666666666666666;9,555555555555555;23;1;177,75;5;2643,23;528,646;342,0;1;0;0;228,0;686
C01882;1969,89;6;328,32;1925,38;0;0,17052218263407742;113;23/01/2026;0;3;0,6666666666666666;1,0;2;0;0,0;3;2202,5;734,1666666666666;109,0;1;0;0;77,0;705
C01883;1990,0;12;165,83;1639,85;0;0,10112510290575359;353;13/07/2025;0;11;0,36363636363636365;2,272727272727273;11;0;0,0;0;0,0;;;0;0;0;;742
C01884;789,97;18;43,89;2362,98;0;0,0185740040118833;113;30/01/2026;0;3;0,3333333333333333;0,6666666666666666;2;0;0,0;3;2302,35;767,4499999999999;85,0;1;0;0;34,0;731
C01886;2019,69;10;201,97;3615,34;0;0,05586473194775595;293;24/06/2025;1;9;0,1111111111111111;2,5555555555555554;23;0;0,0;3;3512,3;1170,7666666666667;377,0;0;0;0;;685
C01887;932,44;18;51,8;1970,9;0;0,026282409051702264;83;25/01/2026;0;2;0,0;0,0;0;0;0,0;4;5045,530000000001;1261,3825000000002;102,0;0;0;0;;670
C01888;758,34;10;75,83;3919,46;0;0,019347052910349896;143;24/01/2026;0;4;0,0;0,0;0;0;0,0;0;0,0;;;0;0;0;;529
C01889;2671,05;24;111,29;2778,22;0;0,040058022762776174;593;01/02/2026;0;19;0,2631578947368421;1,4736842105263157;22;0;0,0;2;2246,6800000000003;1123,3400000000001;38,0;0;0;0;;669
C01890;3187,67;12;265,64;2185,75;0;0,12153265469518472;83;04/02/2026;0;2;0,5;5,5;11;0;0,0;5;6206,200000000001;1241,2400000000002;124,0;1;1;0;13,0;585
C01891;1224,68;10;122,47;3523,26;0;0,03476042074669482;293;04/07/2025;0;9;0,5555555555555556;0,5555555555555556;1;0;0,0;3;1750,3;583,4333333333333;225,0;1;0;0;58,0;764
C01892;1819,71;6;303,29;2993,11;0;0,10132938649097427;173;12/08/2025;0;5;0,2;2,2;11;0;0,0;3;3608,2;1202,7333333333333;62,0;0;0;0;;612
C01894;1284,72;24;53,53;2636,86;0;0,020300660634239208;383;20/01/2026;1;12;0,5;8,0;26;0;0,0;6;5699,67;949,945;252,0;2;2;0;19,0;723
C01895;697,71;12;58,14;6001,42;0;0,009687707242619246;323;06/02/2026;0;10;0,3;2,0;16;0;0,0;6;4970,81;828,4683333333334;296,0;0;0;0;;692
C01896;610,22;18;33,9;3295,1;0;0,010288003398986374;83;27/01/2026;1;2;0,5;1,0;2;0;0,0;2;1838,8899999999999;919,4449999999999;133,0;0;0;0;;550
C01897;6128,14;12;510,68;2485,43;0;0,20546947610675015;233;14/01/2026;1;7;0,7142857142857143;11,571428571428571;24;0;0,0;4;2841,94;710,485;402,0;2;2;0;74,0;662
C01898;3257,96;12;271,5;1563,14;0;0,1736888570441547;353;04/02/2026;1;11;0,8181818181818182;7,090909090909091;22;0;0,0;1;643,3;643,3;171,0;4;4;0;48,0;557
C01900;666,41;6;111,07;4039,58;0;0,02749543269349784;113;03/02/2026;0;3;0,0;0,0;0;0;0,0;2;1239,06;619,53;486,0;1;0;0;70,0;763
C01901;2422,56;18;134,59;2829,45;0;0,04756754846348231;533;24/12/2025;0;17;0,35294117647058826;2,7058823529411766;20;0;0,0;0;0,0;;;2;1;0;73,0;852
C01902;2460,32;12;205,03;1383,95;0;0,14814841576646554;353;11/07/2025;0;11;0,36363636363636365;1,8181818181818181;15;0;0,0;2;2047,1100000000001;1023,5550000000001;163,0;2;1;0;103,0;655
C01903;5089,29;6;848,22;3882,81;0;0,21845519095706462;143;21/01/2026;1;4;0,5;5,25;13;0;0,0;5;4404,54;880,908;99,0;1;1;0;3,0;679
C01904;1528,07;10;152,81;2941,1;0;0,05195675087552277;233;16/01/2026;0;7;0,5714285714285714;7,142857142857143;15;0;0,0;2;1697,26;848,63;95,0;1;1;0;122,0;518
C01905;1616,75;6;269,46;2929,88;0;0,09196963698171938;173;26/11/2025;1;5;0,8;12,6;26;0;0,0;0;0,0;;;0;0;0;;688
C01906;2003,44;24;83,48;3748,6;0;0,02226964733500507;263;10/01/2026;0;8;0,25;4,125;17;0;0,0;2;1298,94;649,47;174,0;0;0;0;;721
C01907;1853,36;6;308,89;2529,94;0;0,12209380459615642;83;06/02/2026;1;2;0,0;0,0;0;0;0,0;4;2118,27;529,5675;410,0;0;0;0;;502
C01908;904,7;12;75,39;2611,63;0;0,028867029403093086;173;31/01/2026;0;5;0,0;0,0;0;0;0,0;4;3235,4300000000003;808,8575000000001;642,0;1;1;0;94,0;773
C01910;1300,05;18;72,22;3491,37;0;0,020685289728673846;323;11/01/2026;0;10;0,2;0,3;2;0;0,0;1;365,89;365,89;239,0;3;2;0;87,0;701
C01911;5988,91;6;998,15;2038,2;0;0,4897213227357472;173;17/08/2025;1;5;1,0;14,4;23;1;998,15;4;3314,1099999999997;828,5274999999999;129,0;0;0;0;;440
C01912;2560,84;18;142,27;5444,18;0;0,026132493782351062;173;19/01/2026;1;5;0,2;0,4;2;0;0,0;1;2069,93;2069,93;180,0;1;1;0;100,0;856
C01913;2435,55;12;202,96;2266,04;0;0,08956593881837921;353;12/12/2025;0;11;0,36363636363636365;2,0;13;0;0,0;2;2564,2799999999997;1282,1399999999999;429,0;0;0;0;;754
C01914;2078,88;12;173,24;3740,53;0;0,046314292359638874;353;22/01/2026;0;11;0,09090909090909091;0,09090909090909091;1;0;0,0;2;1787,74;893,87;49,0;0;0;0;;793
C01915;2422,81;18;134,6;3175,97;0;0,04238075296681014;83;25/01/2026;0;2;0,0;0,0;0;0;0,0;3;5476,05;1825,3500000000001;92,0;0;0;0;;637
C01916;5661,75;12;471,81;4388,51;0;0,10751029392664024;173;11/01/2026;1;5;0,0;0,0;0;0;0,0;4;5272,92;1318,23;234,0;0;0;0;;630
C01918;1311,09;24;54,63;3935,09;0;0,013882782858841857;293;03/02/2026;0;9;0,5555555555555556;5,0;16;0;0,0;1;254,27;254,27;221,0;4;2;0;19,0;726
C01919;2520,44;18;140,02;2851,25;0;0,04910828583954406;233;19/01/2026;0;7;0,14285714285714285;0,14285714285714285;1;0;0,0;3;1715,28;571,76;50,0;0;0;0;;865
C01920;776,42;18;43,13;3051,34;0;0,01413477357488841;173;09/01/2026;1;5;0,4;6,8;22;0;0,0;2;2876,2200000000003;1438,1100000000001;542,0;1;0;0;137,0;591
C01921;1637,29;24;68,22;1698,83;0;0,04015704926331652;143;08/01/2026;1;4;0,5;5,0;18;0;0,0;2;3656,47;1828,235;151,0;0;0;0;;685
C01922;2835,41;12;236,28;1471,03;0;0,16062214910640843;143;27/01/2026;1;4;1,0;11,75;19;0;0,0;0;0,0;;;1;1;0;76,0;667
C01923;1019,88;18;56,66;2928,7;0;0,01934646771605149;473;18/01/2026;1;15;0,5333333333333333;4,533333333333333;25;0;0,0;1;303,74;303,74;356,0;0;0;0;;673
C01924;1348,12;18;74,9;4036,92;0;0,018553748897674464;143;18/01/2026;0;4;0,25;5,5;22;0;0,0;1;648,65;648,65;439,0;0;0;0;;620
C01925;1048,65;18;58,26;3862,92;0;0,0150818551769128;143;21/01/2026;1;4;0,75;11,0;23;1;58,26;1;314,2;314,2;172,0;2;1;0;17,0;728
C01926;2712,53;18;150,7;1719,82;0;0,08762544917491365;533;22/12/2025;1;17;0,5882352941176471;5,705882352941177;26;0;0,0;1;403,23;403,23;499,0;1;1;0;184,0;742
C01927;1267,57;10;126,76;3242,51;0;0,03909317164789006;293;15/01/2026;0;9;0,5555555555555556;0,8888888888888888;2;0;0,0;6;5453,0599999999995;908,8433333333332;281,0;1;1;0;146,0;752
C01928;1176,28;12;98,02;4130,82;0;0,023728944858405838;233;17/01/2026;0;7;0,14285714285714285;0,2857142857142857;2;0;0,0;4;3748,95;937,2375;270,0;0;0;0;;698
C01929;1900,43;24;79,18;2514,28;0;0,0314921170275387;263;17/01/2026;0;8;0,375;1,25;6;0;0,0;0;0,0;;;0;0;0;;776
C01930;9773,92;10;977,39;3577,74;0;0,2731864249498287;203;02/02/2026;1;6;1,0;13,833333333333334;23;0;0,0;3;2414,01;804,6700000000001;53,0;2;1;0;15,0;679
C01931;983,92;18;54,66;2441,99;0;0,0223833840433417;263;02/02/2026;0;8;0,375;2,125;14;0;0,0;8;7053,33;881,66625;74,0;0;0;0;;816
C01932;2287,63;24;95,32;2421,99;0;0,03935606670547773;593;03/02/2026;0;19;0,3157894736842105;1,263157894736842;18;0;0,0;1;2736,75;2736,75;229,0;0;0;0;;709
C01933;1037,34;10;103,73;4618,58;0;0,02245928402236185;293;09/05/2025;0;9;0,3333333333333333;0,5555555555555556;2;0;0,0;3;3473,9700000000003;1157,99;603,0;1;0;0;110,0;765
C01934;2993,52;24;124,73;3534,52;0;0,03528909158810815;563;13/01/2026;1;18;0,6111111111111112;6,666666666666667;24;0;0,0;3;1102,15;367,3833333333334;245,0;0;0;0;;668
C01935;1186,08;10;118,61;2361,71;0;0,050222084845302765;293;09/09/2025;0;9;0,1111111111111111;0,8888888888888888;8;0;0,0;1;1135,05;1135,05;80,0;0;0;0;;880
C01936;2155,13;10;215,51;2945,97;0;0,07315417332830952;293;11/05/2025;0;9;0,3333333333333333;1,6666666666666667;12;0;0,0;2;1229,8899999999999;614,9449999999999;451,0;2;0;0;116,0;693
C01937;1162,53;10;116,25;7060,01;0;0,016465982342801215;113;14/01/2026;0;3;0,0;0,0;0;0;0,0;7;4603,57;657,6528571428571;363,0;0;0;0;;863
C01938;1825,52;24;76,06;4156,89;0;0,01829733286182699;293;06/02/2026;0;9;0,3333333333333333;3,4444444444444446;25;0;0,0;0;0,0;;;2;0;0;50,0;521
C01940;1708,31;12;142,36;1572,98;0;0,09050337575811518;353;30/06/2025;1;11;0,5454545454545454;6,0;25;0;0,0;4;3635,4399999999996;908,8599999999999;487,0;1;0;0;288,0;598
C01941;1468,19;10;146,82;2416,95;0;0,06074598150561659;143;27/01/2026;0;4;0,25;1,0;4;0;0,0;0;0,0;;;0;0;0;;827
C01942;657,38;6;109,56;1779,52;0;0,06156716417910448;173;01/09/2025;1;5;0,8;8,0;20;0;0,0;1;1001,61;1001,61;401,0;0;0;0;;595
C01943;2758,38;6;459,73;5393,6;0;0,085236205873628;173;13/01/2025;1;5;0,6;8,6;21;0;0,0;2;1706,76;853,38;149,0;0;0;0;;676
C01944;1894,88;10;189,49;1887,28;0;0,100403755669535;293;11/10/2025;0;9;0,4444444444444444;7,555555555555555;21;0;0,0;1;385,2;385,2;555,0;1;0;0;255,0;824
C01945;1336,38;18;74,24;2123,67;0;0,034958350402840364;473;05/02/2026;1;15;0,5333333333333333;5,133333333333334;21;0;0,0;8;11655,43;1456,92875;36,0;1;1;0;134,0;739
C01946;2353,86;18;130,77;2328,23;0;0,05616713125421458;113;15/01/2026;1;3;0,6666666666666666;12,0;20;0;0,0;1;725,61;725,61;96,0;0;0;0;;360
C01947;2289,1;6;381,52;1805,03;0;0,21136490806246988;173;22/11/2025;1;5;0,6;6,8;16;0;0,0;1;189,68;189,68;344,0;0;0;0;;651
C01948;2467,09;6;411,18;1541,56;0;0,2667298061703729;173;01/05/2025;1;5;1,0;18,6;26;0;0,0;1;552,63;552,63;660,0;3;3;0;17,0;735
C01949;2427,61;12;202,3;2592,83;0;0,0780228553356757;263;27/01/2026;0;8;0,125;0,125;1;0;0,0;5;7266,67;1453,334;492,0;0;0;0;;819
C01950;827,29;12;68,94;3666,18;0;0,018804314027134512;113;27/01/2026;0;3;0,6666666666666666;9,333333333333334;23;0;0,0;1;1009,22;1009,22;874,0;0;0;0;;514
C01951;1666,16;18;92,56;2306,97;0;0,04012189148536826;113;13/01/2026;1;3;0,3333333333333333;0,6666666666666666;2;0;0,0;1;292,7;292,7;1144,0;1;1;0;113,0;591
C01953;4611,49;10;461,15;2894,16;0;0,15933811537717335;263;31/01/2026;1;8;0,5;1,75;9;0;0,0;2;1590,27;795,135;845,0;2;1;0;97,0;738
C01954;768,48;12;64,04;4803,51;0;0,013331917701847192;353;18/10/2025;0;11;0,36363636363636365;4,636363636363637;25;0;0,0;0;0,0;;;0;0;0;;668
C01955;1493,55;10;149,35;1615,98;0;0,09242069827596876;293;02/01/2026;1;9;0,7777777777777778;14,11111111111111;26;0;0,0;1;912,46;912,46;863,0;0;0;0;;447
C01956;988,31;10;98,83;3534,29;0;0,027963183553132313;293;23/04/2025;1;9;0,3333333333333333;0,6666666666666666;2;0;0,0;1;651,47;651,47;243,0;1;1;0;114,0;741
C01957;1980,32;18;110,02;6454,19;0;0,017046290859116325;143;22/01/2026;1;4;0,75;6,5;19;0;0,0;1;600,25;600,25;84,0;0;0;0;;738
C01958;1264,38;12;105,36;5287,88;0;0,01992480918629016;353;28/10/2025;0;11;0,2727272727272727;0,36363636363636365;2;0;0,0;2;2176,75;1088,375;106,0;1;1;0;150,0;763
C01959;2477,29;6;412,88;2692,66;0;0,15333536354385627;173;21/12/2024;1;5;0,8;13,6;25;0;0,0;1;1224,3;1224,3;98,0;3;2;0;79,0;586
C01960;2762,79;10;276,28;3504,92;0;0,07882633555116807;293;19/01/2026;0;9;0,4444444444444444;2,3333333333333335;11;0;0,0;3;2546,4;848,8000000000001;104,0;0;0;0;;630
C01961;1946,81;24;81,12;3160,81;0;0,025664307566731315;503;14/01/2026;0;16;0,5;2,625;25;0;0,0;1;1768,53;1768,53;367,0;0;0;0;;696
C01962;2351,69;18;130,65;1817,59;0;0,07188089723204903;443;03/02/2026;1;14;0,5714285714285714;7,285714285714286;19;0;0,0;4;2194,34;548,585;426,0;1;0;0;99,0;520
C01963;2677,86;10;267,79;3252,45;0;0,08233485526295563;293;15/01/2026;0;9;0,2222222222222222;0,2222222222222222;1;0;0,0;3;1650,77;550,2566666666667;263,0;1;0;0;213,0;826
C01964;6566,11;24;273,59;4171,57;0;0,06558442025424481;473;01/02/2026;0;15;0,26666666666666666;1,8666666666666667;22;0;0,0;2;3246,21;1623,105;17,0;0;0;0;;807
C01965;609,41;6;101,57;1376,43;0;0,07379234686834782;173;18/10/2025;0;5;0,2;4,2;21;0;0,0;2;1942,98;971,49;287,0;0;0;0;;749
C01966;812,41;10;81,24;3400,96;0;0,023887372977041774;113;27/01/2026;0;3;0,3333333333333333;0,3333333333333333;1;0;0,0;3;1615,1399999999999;538,38;314,0;1;0;0;110,0;661
C01967;3997,84;10;399,78;1378,24;0;0,29006559089853723;233;10/01/2026;1;7;0,7142857142857143;8,285714285714286;21;0;0,0;1;977,35;977,35;798,0;1;0;0;64,0;523
C01968;6461,4;6;1076,9;3260,37;0;0,3302999352834188;173;07/06/2025;1;5;1,0;16,6;24;0;0,0;4;8544,66;2136,165;64,0;1;1;0;72,0;593
C01970;1045,58;6;174,26;1618,46;0;0,10767025443940535;173;01/06/2025;0;5;0,4;0,6;2;0;0,0;1;877,61;877,61;628,0;0;0;0;;691
C01971;2895,28;12;241,27;2327,08;0;0,1036792890661258;353;12/10/2025;0;11;0,09090909090909091;0,09090909090909091;1;0;0,0;2;1520,75;760,375;565,0;0;0;0;;741
C01972;1801,75;24;75,07;2448,12;0;0,030664346518961487;83;01/02/2026;0;2;0,0;0,0;0;0;0,0;2;3118,32;1559,16;239,0;0;0;0;;783
C01973;681,17;10;68,12;2055,74;0;0,033136486131514695;173;18/01/2026;0;5;0,2;0,4;2;0;0,0;6;6236,97;1039,4950000000001;160,0;0;0;0;;770
C01974;2932,35;18;162,91;1973,6;0;0,08254458856911229;293;25/01/2026;1;9;0,4444444444444444;3,7777777777777777;24;0;0,0;4;2973,54;743,385;310,0;3;1;0;1,0;773
C01975;5231,47;10;523,15;3079,31;0;0,1698919563148887;293;11/05/2025;0;9;0,1111111111111111;1,7777777777777777;16;0;0,0;2;868,49;434,245;359,0;0;0;0;;672
C01976;2039,27;10;203,93;4598,04;0;0,04435150629398613;293;06/02/2026;1;9;0,2222222222222222;0,4444444444444444;2;0;0,0;0;0,0;;;0;0;0;;764
C01977;1210,17;10;121,02;3877,94;0;0,03120729046865088;293;01/08/2025;0;9;0,1111111111111111;0,2222222222222222;2;0;0,0;1;361,68;361,68;529,0;0;0;0;;781
C01978;1621,16;18;90,06;2497,23;0;0,036063958866423995;83;14/01/2026;0;2;0,0;0,0;0;0;0,0;2;1453,92;726,96;795,0;0;0;0;;783
C01979;1782,07;18;99,0;4796,15;0;0,020641556248240777;263;14/01/2026;0;8;0,25;0,375;2;0;0,0;4;2724,7000000000003;681,1750000000001;78,0;1;1;0;120,0;705
C01980;1407,94;10;140,79;4353,16;0;0,03234202280642108;113;17/01/2026;0;3;1,0;15,0;23;0;0,0;0;0,0;;;0;0;0;;702
C01981;2172,22;12;181,02;1626,8;0;0,11127366609294322;113;13/01/2026;0;3;0,3333333333333333;0,6666666666666666;2;0;0,0;4;6736,05;1684,0125;255,0;0;0;0;;774
C01982;5193,44;12;432,79;1952,5;0;0,2216594110115237;353;13/06/2025;0;11;0,5454545454545454;8,636363636363637;22;0;0,0;2;2326,38;1163,19;136,0;1;0;0;8,0;534
C01983;4114,41;10;411,44;2127,95;0;0,19335040766935316;293;01/10/2025;1;9;0,7777777777777778;10,666666666666666;20;0;0,0;1;153,61;153,61;773,0;1;1;0;151,0;555
C01984;2748,83;18;152,71;4694,77;0;0,03252768506231402;323;26/01/2026;1;10;0,6;5,6;16;0;0,0;2;1590,27;795,135;840,0;0;0;0;;507
C01985;1856,49;6;309,42;5217,8;0;0,059300854766376636;173;24/10/2025;0;5;0,2;0,2;1;0;0,0;0;0,0;;;1;1;0;151,0;785
C01987;2501,09;12;208,42;3133,8;0;0,06650711596145255;233;19/01/2026;1;7;0,14285714285714285;0,42857142857142855;3;0;0,0;5;3297,1;659,42;167,0;0;0;0;;473
C01988;1481,45;18;82,3;3789,92;0;0,021715497952463376;233;02/02/2026;0;7;0,14285714285714285;0,2857142857142857;2;0;0,0;2;1319,79;659,895;770,0;0;0;0;;810
C01990;2679,54;10;267,95;2719,77;0;0,09851936009294904;293;20/10/2025;0;9;0,4444444444444444;0,5555555555555556;2;0;0,0;1;2437,87;2437,87;406,0;1;1;0;76,0;788
C01991;907,33;10;90,73;4781,05;0;0,018977002959600926;293;12/07/2025;0;9;0,3333333333333333;0,5555555555555556;2;0;0,0;1;434,65;434,65;873,0;0;0;0;;814
C01992;3158,08;12;263,17;1410,3;0;0,18660568673331918;203;22/01/2026;1;6;1,0;12,166666666666666;21;0;0,0;5;3269,12;653,824;78,0;2;2;0;93,0;658
C01993;1203,04;18;66,84;3423,35;0;0,019524734543648767;533;10/12/2025;0;17;0,23529411764705882;1,2352941176470589;15;0;0,0;2;1607,37;803,685;172,0;0;0;0;;700
C01994;1885,31;12;157,11;2095,43;0;0,0749774509289263;263;19/01/2026;0;8;0,25;3,25;25;0;0,0;1;1219,38;1219,38;349,0;0;0;0;;619
C01995;2971,1;6;495,18;2590,19;0;0,1911751647562534;173;19/09/2025;1;5;1,0;5,2;9;0;0,0;1;549,77;549,77;58,0;3;3;0;32,0;508
C01996;891,86;6;148,64;1597,88;0;0,09302325581395347;173;16/10/2025;1;5;0,6;7,0;24;0;0,0;4;5856,45;1464,1125;209,0;0;0;0;;705
C01997;4561,65;10;456,16;2559,94;0;0,17819167636741487;293;27/08/2025;1;9;0,5555555555555556;7,555555555555555;25;0;0,0;1;741,71;741,71;455,0;0;0;0;;626
C01998;2270,98;18;126,17;2687,44;0;0,046948024886136995;83;15/01/2026;0;2;0,5;10,0;20;0;0,0;2;1413,31;706,655;248,0;0;0;0;;672
C01999;1560,67;6;260,11;6253,92;0;0,04159151380254305;173;01/04/2025;0;5;0,8;6,4;14;0;0,0;0;0,0;;;0;0;0;;594
C02000;867,05;12;72,25;2843,38;0;0,025409899485823208;113;26/01/2026;0;3;0,0;0,0;0;0;0,0;2;1006,12;503,06;22,0;0;0;0;;858
C02001;4203,8;6;700,63;3143,62;0;0,22287362976441175;173;06/12/2024;0;5;0,8;9,8;21;0;0,0;2;2564,2799999999997;1282,1399999999999;58,0;3;3;0;102,0;654
C02002;1258,47;10;125,85;2201,18;0;0,05717387946465078;293;27/05/2025;0;9;0,8888888888888888;11,0;24;0;0,0;2;1078,95;539,475;147,0;0;0;0;;544
C02003;4200,75;10;420,08;3871,21;0;0,10851387550662454;203;22/01/2026;1;6;0,5;7,166666666666667;19;0;0,0;0;0,0;;;4;1;0;28,0;617
C02004;1356,16;6;226,03;2706,17;0;0,08352394712822919;173;08/01/2026;1;5;0,6;4,2;17;0;0,0;3;1157,74;385,91333333333336;205,0;0;0;0;;563
C02005;2497,57;6;416,26;1927,49;0;0,2159596158734935;173;13/06/2025;1;5;0,8;6,0;14;0;0,0;2;788,99;394,495;378,0;1;1;0;118,0;737
C02006;1539,42;6;256,57;3100,19;0;0,08275944377602663;173;06/01/2026;0;5;0,2;0,4;2;0;0,0;1;2085,83;2085,83;435,0;1;1;0;13,0;759
C02007;3300,17;6;550,03;3335,7;0;0,16489192673202027;173;26/11/2025;0;5;1,0;12,0;21;0;0,0;3;2249,99;749,9966666666666;54,0;1;0;0;148,0;770
C02008;2422,55;10;242,26;4120,02;0;0,05880068543356585;173;31/01/2026;1;5;0,2;2,2;11;0;0,0;0;0,0;;;0;0;0;;795
C02009;882,31;12;73,53;1932,99;0;0,038039513913677776;203;10/01/2026;1;6;0,5;1,5;7;0;0,0;0;0,0;;;3;2;0;42,0;529
C02010;3830,97;12;319,25;2769,59;0;0,11526976917161023;353;03/10/2025;0;11;0,36363636363636365;4,090909090909091;25;0;0,0;0;0,0;;;1;0;0;101,0;662
C02011;4528,23;18;251,57;2889,92;0;0,08705085261875761;83;24/01/2026;1;2;0,5;1,5;3;0;0,0;0;0,0;;;0;0;0;;585
C02012;1587,84;12;132,32;2419,47;0;0,05468966343868699;323;28/01/2026;1;10;0,7;7,3;26;0;0,0;4;1540,6599999999999;385,16499999999996;168,0;1;1;0;182,0;702
C02013;2514,18;18;139,68;1565,38;0;0,08923072991861401;263;31/01/2026;0;8;0,375;6,0;24;0;0,0;4;3896,79;974,1975;33,0;1;0;0;216,0;775
C02014;3298,84;18;183,27;2432,41;0;0,07534502818192658;83;09/01/2026;0;2;0,0;0,0;0;0;0,0;4;2652,41;663,1025;79,0;0;0;0;;800
C02015;794,91;12;66,24;4317,92;0;0,015340719605736094;353;29/09/2025;0;11;0,18181818181818182;1,3636363636363635;14;0;0,0;5;4954,63;990,926;259,0;0;0;0;;762
C02016;3517,5;18;195,42;2762,04;0;0,07075205283051657;263;16/01/2026;0;8;0,625;6,75;18;0;0,0;3;1680,17;560,0566666666667;396,0;1;1;0;32,0;680
C02017;1945,73;10;194,57;1983,76;0;0,09808142113965398;143;10/01/2026;1;4;0,75;12,0;24;0;0,0;2;3147,93;1573,965;410,0;1;0;0;110,0;497
C02018;2172,16;12;181,01;3680,98;0;0,04917440464224201;233;27/01/2026;0;7;0,42857142857142855;5,571428571428571;23;0;0,0;2;3406,0;1703,0;324,0;3;1;0;8,0;649
C02019;608,15;24;25,34;1777,0;0;0,014259988745075971;413;31/01/2026;1;13;0,6153846153846154;8,153846153846153;21;0;0,0;3;1829,97;609,99;277,0;0;0;0;;518
C02020;3996,08;18;222,0;3278,34;0;0,06771719833818335;173;28/01/2026;0;5;0,8;11,8;26;0;0,0;5;5234,52;1046,904;315,0;1;1;0;160,0;876
C02021;2713,94;12;226,16;900,0;0;0,2512888888888889;83;01/02/2026;1;2;1,0;22,0;24;0;0,0;0;0,0;;;0;0;0;;496
C02022;1821,37;18;101,19;4361,82;0;0,02319903159690221;503;21/01/2026;1;16;0,5;7,1875;22;0;0,0;3;1897,6;632,5333333333333;304,0;0;0;0;;764
C02023;1904,19;12;158,68;3025,78;0;0,05244267593810521;353;04/07/2025;0;11;0,45454545454545453;3,909090909090909;17;0;0,0;5;5697,41;1139,482;277,0;2;1;0;47,0;640
C02024;1883,54;10;188,35;1908,18;0;0,09870662096867171;203;29/01/2026;1;6;0,5;0,6666666666666666;2;0;0,0;3;7178,39;2392,7966666666666;287,0;0;0;0;;739
C02025;2980,79;6;496,8;3569,48;0;0,13917993657339445;173;12/08/2025;1;5;0,4;4,8;22;0;0,0;7;5973,9;853,4142857142857;262,0;2;1;0;104,0;546
C02026;1637,3;10;163,73;2577,89;0;0,06351318326228039;293;06/01/2026;0;9;0,1111111111111111;1,6666666666666667;15;0;0,0;0;0,0;;;1;1;0;15,0;775
C02028;2665,21;12;222,1;3150,53;0;0,07049607526352708;203;08/01/2026;1;6;0,5;4,666666666666667;24;0;0,0;2;1229,8899999999999;614,9449999999999;693,0;1;1;0;104,0;705
C02029;1773,74;10;177,37;3180,58;0;0,055766558300687295;293;06/09/2025;0;9;0,2222222222222222;1,6666666666666667;14;0;0,0;1;744,04;744,04;572,0;2;2;0;12,0;680
C02030;963,65;24;40,15;4471,16;0;0,008979772586979665;233;26/01/2026;0;7;0,5714285714285714;3,2857142857142856;18;0;0,0;3;2561,67;853,89;154,0;0;0;0;;743
C02031;748,87;18;41,6;3722,38;0;0,011175645689048405;143;23/01/2026;0;4;0,5;1,0;3;0;0,0;6;7924,86;1320,81;220,0;0;0;0;;710
C02032;2824,56;24;117,69;4395,38;0;0,02677584190672934;113;18/01/2026;1;3;0,3333333333333333;2,3333333333333335;7;0;0,0;3;4361,48;1453,8266666666666;233,0;0;0;0;;610
C02033;1568,13;10;156,81;981,62;0;0,15974613394185122;293;15/06/2025;0;9;0,4444444444444444;6,666666666666667;26;0;0,0;4;2434,37;608,5925;108,0;1;1;0;151,0;844
C02034;3138,9;18;174,38;4296,45;0;0,04058699624108276;443;28/01/2026;0;14;0,21428571428571427;2,9285714285714284;25;0;0,0;2;3365,49;1682,745;1069,0;1;0;0;295,0;884
C02035;4506,22;24;187,76;4536,2;0;0,041391473039107625;263;24/01/2026;1;8;0,625;2,375;8;0;0,0;4;1540,6599999999999;385,16499999999996;164,0;1;1;0;203,0;701
C02036;1015,6;18;56,42;2303,32;0;0,024495076671934426;173;01/02/2026;1;5;0,6;7,0;17;0;0,0;0;0,0;;;2;1;0;25,0;532
C02038;2955,12;24;123,13;3128,28;0;0,03936028744230056;323;12/01/2026;0;10;0,4;4,6;23;0;0,0;5;3834,33;766,866;176,0;3;2;0;128,0;527
C02039;1816,46;18;100,91;1758,11;0;0,057396863677471835;323;30/01/2026;0;10;0,1;0,1;1;0;0,0;3;2013,6200000000001;671,2066666666667;663,0;0;0;0;;777
C02040;2012,24;12;167,69;2633,38;0;0,0636786183535988;353;08/12/2025;0;11;0,18181818181818182;1,9090909090909092;20;0;0,0;2;712,5999999999999;356,29999999999995;223,0;0;0;0;;679
C02041;1322,66;6;220,44;4941,13;0;0,044613276720102485;173;08/04/2025;0;5;0,2;0,4;2;0;0,0;2;867,35;433,675;49,0;0;0;0;;505
C02043;5279,42;12;439,95;2434,5;0;0,1807147258163894;353;15/08/2025;1;11;0,9090909090909091;13,818181818181818;24;0;0,0;1;470,88;470,88;178,0;2;2;0;93,0;531
C02044;973,71;10;97,37;2723,44;0;0,03575257762241871;293;09/11/2025;1;9;0,4444444444444444;4,666666666666667;21;0;0,0;1;2463,5;2463,5;642,0;0;0;0;;759
C02045;2316,87;6;386,14;2216,09;0;0,17424382583739828;143;09/01/2026;1;4;1,0;20,0;26;0;0,0;1;853,54;853,54;226,0;1;1;0;64,0;507
C02046;3837,92;24;159,91;2080,9;0;0,07684655677831707;293;16/01/2026;1;9;0,3333333333333333;1,8888888888888888;9;0;0,0;1;759,54;759,54;894,0;2;2;0;39,0;639
C02047;1815,08;18;100,84;3554,57;0;0,028369113563665928;263;31/01/2026;0;8;0,625;5,875;20;0;0,0;4;2058,55;514,6375;295,0;1;1;0;8,0;778
C02048;1038,55;18;57,7;2108,33;0;0,027367632201790046;143;22/01/2026;0;4;0,25;5,0;20;0;0,0;5;5465,85;1093,17;83,0;1;1;0;133,0;696
C02049;1237,89;12;103,16;1735,83;0;0,059429782870442385;353;21/08/2025;1;11;0,18181818181818182;0,9090909090909091;8;0;0,0;3;3473,9700000000003;1157,99;707,0;0;0;0;;736
C02051;1572,07;12;131,01;6182,14;0;0,02119169090315004;173;03/02/2026;1;5;0,6;8,2;19;0;0,0;1;1170,87;1170,87;770,0;0;0;0;;601
C02052;982,77;12;81,9;2159,08;0;0,03793282323952795;353;08/09/2025;0;11;0,18181818181818182;0,2727272727272727;2;0;0,0;3;1519,63;506,54333333333335;294,0;3;1;0;32,0;656
C02053;838,51;10;83,85;8729,88;0;0,009604943023271797;293;23/11/2025;0;9;0,1111111111111111;0,2222222222222222;2;0;0,0;0;0,0;;;0;0;0;;614
C02054;1807,18;12;150,6;2734,03;0;0,05508352139515659;353;07/06/2025;0;11;0,2727272727272727;1,9090909090909092;19;0;0,0;2;2226,07;1113,035;219,0;0;0;0;;785
C02055;1506,36;10;150,64;4252,2;0;0,03542636752739758;293;18/09/2025;1;9;0,3333333333333333;7,222222222222222;26;0;0,0;1;521,67;521,67;697,0;2;2;0;157,0;545
C02056;3906,84;10;390,68;3085,05;0;0,12663652128814767;263;06/02/2026;0;8;0,25;3,375;14;0;0,0;1;1586,07;1586,07;490,0;2;1;0;136,0;618
C02057;1912,32;24;79,68;5316,16;0;0,014988262204297841;233;26/01/2026;1;7;0,7142857142857143;3,857142857142857;12;0;0,0;6;3845,29;640,8816666666667;95,0;1;1;0;174,0;667
C02058;3026,65;12;252,22;6283,69;0;0,040138835620471415;173;05/02/2026;0;5;0,2;0,2;1;0;0,0;5;5086,6;1017,32;84,0;1;0;0;24,0;747
C02059;2525,34;24;105,22;2510,29;0;0,0419154759011907;203;10/01/2026;0;6;0,3333333333333333;0,3333333333333333;1;0;0,0;6;6555,43;1092,5716666666667;92,0;1;1;0;155,0;820
C02060;1669,72;12;139,14;2450,07;0;0,056790214157146524;353;29/12/2025;0;11;0,6363636363636364;9,909090909090908;26;0;0,0;5;2686,52;537,304;206,0;1;0;0;78,0;643
C02061;1817,02;10;181,7;1756,51;0;0,10344376063899437;293;02/11/2025;1;9;0,4444444444444444;2,4444444444444446;15;0;0,0;3;3481,7799999999997;1160,5933333333332;54,0;2;2;0;50,0;790
C02062;1356,51;18;75,36;2215,54;0;0,03401428094279498;233;28/01/2026;1;7;0,5714285714285714;10,571428571428571;26;1;75,36;3;1705,5900000000001;568,5300000000001;41,0;1;0;0;107,0;738
C02063;2436,34;6;406,06;6286,94;0;0,06458785991277156;173;04/10/2025;0;5;0,4;0,4;1;0;0,0;2;1794,37;897,185;172,0;0;0;0;;872
C02064;2692,55;18;149,59;2622,04;0;0,05705099845921496;533;27/12/2025;1;17;0,35294117647058826;3,0;23;0;0,0;6;8419,73;1403,2883333333332;324,0;0;0;0;;582
C02065;1192,49;6;198,75;7121,45;0;0,027908642200675425;173;13/07/2025;0;5;0,2;0,2;1;0;0,0;2;936,0999999999999;468,04999999999995;533,0;1;0;0;6,0;895
C02066;2368,99;10;236,9;3631,62;0;0,06523259592137945;293;22/06/2025;0;9;0,3333333333333333;2,3333333333333335;19;0;0,0;4;2200,12;550,03;26,0;0;0;0;;638
C02067;1146,44;18;63,69;2050,57;0;0,031059656583291472;203;10/01/2026;0;6;0,3333333333333333;1,5;7;0;0,0;2;1951,26;975,63;95,0;1;1;0;70,0;711
C02068;4616,06;10;461,61;7314,28;0;0,06311079149280585;143;21/01/2026;0;4;0,75;6,75;14;0;0,0;1;1993,31;1993,31;349,0;0;0;0;;595
C02069;1435,46;10;143,55;2458,24;0;0,05839543738609738;293;19/06/2025;1;9;0,3333333333333333;1,1111111111111112;7;0;0,0;1;585,64;585,64;691,0;1;1;0;90,0;537
C02071;943,81;10;94,38;2793,85;0;0,03378134116004796;293;27/05/2025;0;9;0,4444444444444444;3,888888888888889;22;0;0,0;7;5965,51;852,2157142857143;7,0;0;0;0;;533
C02072;2581,97;24;107,58;2847,66;0;0,03777838646467626;473;24/01/2026;0;15;0,3333333333333333;0,5333333333333333;2;0;0,0;4;5651,47;1412,8675;182,0;1;0;0;295,0;790
C02073;1330,99;6;221,83;3714,07;0;0,05972693029479789;173;05/03/2025;0;5;0,6;7,4;20;0;0,0;1;497,11;497,11;780,0;2;1;0;63,0;517
C02074;2515,89;24;104,83;2240,03;0;0,04679848037749494;323;18/01/2026;1;10;0,8;8,9;20;0;0,0;6;4693,89;782,315;85,0;0;0;0;;599
C02075;1784,59;18;99,14;4511,21;0;0,02197636554272579;473;31/01/2026;0;15;0,2;0,3333333333333333;2;0;0,0;1;431,35;431,35;839,0;0;0;0;;893
C02076;505,44;10;50,54;3423,85;0;0,014761160681688743;143;15/01/2026;0;4;0,5;3,75;13;0;0,0;1;454,52;454,52;753,0;0;0;0;;721
C02077;2155,7;12;179,64;2869,18;0;0,0626102231299535;353;14/11/2025;0;11;0,36363636363636365;0,6363636363636364;2;0;0,0;4;3141,88;785,47;75,0;0;0;0;;816
C02078;2010,62;24;83,78;3700,29;0;0,022641468641647008;353;02/02/2026;0;11;0,36363636363636365;1,1818181818181819;9;0;0,0;5;3297,1;659,42;181,0;0;0;0;;667
C02079;1386,75;24;57,78;3781,55;0;0,015279448903227513;563;13/01/2026;0;18;0,2777777777777778;0,3333333333333333;2;0;0,0;2;991,06;495,53;129,0;0;0;0;;857
C02080;1620,15;12;135,01;2646,71;0;0,05101049982808845;203;19/01/2026;0;6;0,16666666666666666;0,3333333333333333;2;0;0,0;1;788,0;788,0;439,0;1;0;0;190,0;492
C02081;1516,54;18;84,25;2303,01;0;0,036582559346246865;533;17/01/2026;1;17;0,6470588235294118;4,176470588235294;21;0;0,0;3;5603,32;1867,7733333333333;162,0;2;2;0;118,0;770
C02082;2066,29;24;86,1;3859,3;0;0,022309745290596737;143;28/01/2026;1;4;0,5;7,0;19;0;0,0;5;3992,8199999999997;798,564;54,0;0;0;0;;611
C02083;2185,23;12;182,1;3546,99;0;0,05133930459347221;353;03/08/2025;1;11;0,45454545454545453;1,0909090909090908;4;0;0,0;5;5234,52;1046,904;137,0;1;1;0;134,0;762
C02084;1010,39;10;101,04;2116,74;0;0,04773377930213442;293;19/12/2025;0;9;0,2222222222222222;0,3333333333333333;2;0;0,0;3;1225,1000000000001;408,36666666666673;2,0;2;1;0;13,0;650
C02085;1302,64;10;130,26;3690,29;0;0,035298038907511334;293;21/09/2025;0;9;0,3333333333333333;3,3333333333333335;16;0;0,0;1;2437,87;2437,87;377,0;0;0;0;;691
C02088;3234,15;12;269,51;2994,5;0;0,09000166972783435;353;11/07/2025;0;11;0,45454545454545453;2,8181818181818183;26;0;0,0;3;1777,22;592,4066666666666;243,0;1;0;0;236,0;826
C02089;4657,78;24;194,07;2580,74;0;0,0751993614234677;83;14/01/2026;1;2;0,0;0,0;0;0;0,0;2;894,9300000000001;447,46500000000003;706,0;0;0;0;;649
C02090;677,24;10;67,72;3283,69;0;0,020623140430430398;293;26/06/2025;1;9;0,1111111111111111;1,5555555555555556;14;0;0,0;0;0,0;;;1;1;0;118,0;721
C02091;11382,59;12;948,55;2595,21;0;0,36550028706732784;143;13/01/2026;1;4;0,75;11,5;21;0;0,0;4;6115,38;1528,845;510,0;0;0;0;;540
C02093;2437,65;12;203,14;1780,0;0;0,11412359550561797;263;09/01/2026;1;8;0,375;6,625;26;0;0,0;3;1534,75;511,5833333333333;540,0;3;2;0;37,0;665
C02094;2825,6;12;235,47;3374,92;0;0,06977054270916051;353;04/07/2025;1;11;0,6363636363636364;9,090909090909092;25;0;0,0;0;0,0;;;0;0;0;;669
C02095;1481,3;12;123,44;2033,84;0;0,060693073201431774;353;15/07/2025;0;11;0,36363636363636365;0,45454545454545453;2;0;0,0;2;2503,4;1251,7;330,0;0;0;0;;599
C02097;1226,21;12;102,18;5047,73;0;0,020242762588331787;353;20/10/2025;1;11;0,45454545454545453;1,3636363636363635;9;0;0,0;1;1050,3;1050,3;456,0;0;0;0;;816
C02098;2359,73;6;393,29;4555,59;0;0,0863312984706701;173;25/11/2025;0;5;0,2;0,4;2;0;0,0;2;2505,19;1252,595;21,0;1;0;0;52,0;734
C02099;1379,14;12;114,93;4026,12;0;0,02854609400613991;143;12/01/2026;0;4;0,25;0,5;2;0;0,0;7;7454,67;1064,952857142857;413,0;1;1;0;2,0;787
C02100;1099,95;24;45,83;2925,53;0;0,015665537526533654;413;14/01/2026;0;13;0,5384615384615384;6,0;26;1;45,83;3;3008,66;1002,8866666666667;257,0;3;1;0;33,0;674
C02101;1908,94;12;159,08;7243,37;0;0,021962152975755763;323;25/01/2026;0;10;0,4;3,7;23;0;0,0;1;739,61;739,61;189,0;2;0;0;100,0;600
C02102;2237,1;10;223,71;3042,33;0;0,07353245703128852;293;15/09/2025;1;9;0,4444444444444444;0,6666666666666666;2;0;0,0;3;2667,67;889,2233333333334;78,0;0;0;0;;816
C02103;484,96;10;48,5;2023,06;0;0,02397358456990895;293;09/06/2025;1;9;0,5555555555555556;5,555555555555555;18;0;0,0;3;2544,7;848,2333333333332;437,0;0;0;0;;577
C02104;1294,8;10;129,48;3056,23;0;0,042365921412982656;293;04/04/2025;0;9;0,4444444444444444;2,0;13;0;0,0;2;1556,72;778,36;95,0;1;0;0;283,0;788
C02105;1106,6;10;110,66;2196,93;0;0,050370289449367986;293;20/10/2025;0;9;0,1111111111111111;0,6666666666666666;6;0;0,0;1;1198,37;1198,37;129,0;2;0;0;114,0;883
C02106;2298,04;6;383,01;3694,52;0;0,10366975953574484;173;01/09/2025;0;5;0,6;6,4;25;0;0,0;3;2304,44;768,1466666666666;248,0;0;0;0;;761
C02107;1715,82;18;95,32;2360,9;0;0,0403744334787581;413;27/01/2026;1;13;0,3076923076923077;4,769230769230769;20;0;0,0;2;821,44;410,72;555,0;0;0;0;;716
C02108;2198,21;6;366,37;2308,41;0;0,15871097422035083;173;06/08/2025;1;5;1,0;14,8;23;0;0,0;0;0,0;;;0;0;0;;571
C02109;4338,0;18;241,0;2513,03;0;0,09590016832270207;383;28/01/2026;1;12;0,6666666666666666;4,333333333333333;18;0;0,0;0;0,0;;;1;1;0;89,0;448
C02110;1525,61;12;127,13;3360,86;0;0,03782662770838416;353;03/01/2026;0;11;0,45454545454545453;5,090909090909091;26;0;0,0;0;0,0;;;0;0;0;;642
C02111;1696,05;12;141,34;2233,43;0;0,06328382801341435;203;05/02/2026;0;6;0,16666666666666666;0,3333333333333333;2;0;0,0;4;2468,3500000000004;617,0875000000001;307,0;1;0;0;9,0;670
C02113;3485,36;6;580,89;1636,88;0;0,35487635012951463;173;11/12/2024;1;5;0,6;7,4;22;0;0,0;2;1208,9;604,45;431,0;0;0;0;;561
C02114;2459,66;10;245,97;3011,49;0;0,08167717641433311;293;30/11/2025;1;9;0,6666666666666666;7,111111111111111;24;0;0,0;2;4029,48;2014,74;468,0;2;0;0;144,0;719
C02115;1009,15;12;84,1;2564,2;0;0,032797753685359955;353;11/11/2025;0;11;0,09090909090909091;0,18181818181818182;2;0;0,0;3;2486,73;828,91;76,0;0;0;0;;759
C02117;2423,57;6;403,93;4353,75;0;0,09277749066896354;173;16/12/2025;0;5;0,4;3,8;17;0;0,0;0;0,0;;;0;0;0;;675
C02119;598,37;6;99,73;2864,2;0;0,034819495845262206;113;12/01/2026;0;3;0,3333333333333333;0,3333333333333333;1;0;0,0;5;1610,35;322,07;87,0;0;0;0;;793
C02120;1856,62;12;154,72;2875,55;0;0,05380535897480482;143;03/02/2026;0;4;0,25;0,5;2;0;0,0;2;1426,45;713,225;158,0;1;1;0;109,0;767
C02121;1198,0;18;66,56;5622,85;0;0,011837413411348337;143;25/01/2026;0;4;0,25;2,75;11;0;0,0;0;0,0;;;1;1;0;142,0;787
C02122;1081,18;6;180,2;2298,97;0;0,07838292800689005;173;26/01/2025;1;5;0,6;4,4;16;0;0,0;3;2625,9;875,3000000000001;46,0;0;0;0;;757
C02123;2678,35;12;223,2;2592,83;0;0,08608354577816517;83;04/02/2026;1;2;0,0;0,0;0;0;0,0;3;1281,51;427,17;369,0;0;0;0;;678
C02124;2337,28;18;129,85;3075,5;0;0,042220777109413105;353;31/01/2026;0;11;0,36363636363636365;3,5454545454545454;21;0;0,0;1;647,52;647,52;307,0;0;0;0;;830
C02125;3821,65;6;636,94;2305,83;0;0,2762302511460082;173;19/09/2025;1;5;1,0;18,4;26;0;0,0;1;1311,15;1311,15;359,0;0;0;0;;511
C02126;2737,45;24;114,06;1718,35;0;0,06637762970291268;143;28/01/2026;0;4;0,5;8,75;22;0;0,0;1;296,07;296,07;342,0;0;0;0;;738
C02127;4005,09;10;400,51;2272,05;0;0,17627693052529653;233;03/02/2026;1;7;0,5714285714285714;5,571428571428571;16;0;0,0;0;0,0;;;1;1;0;15,0;476
C02128;1080,79;6;180,13;1673,33;0;0,10764762479606534;173;24/08/2025;0;5;0,0;0,0;0;0;0,0;1;531,66;531,66;749,0;0;0;0;;939
C02131;2038,3;24;84,93;7874,76;0;0,010785090593237128;263;16/01/2026;1;8;0,875;12,0;25;0;0,0;2;2289,83;1144,915;703,0;0;0;0;;592
C02132;479,07;6;79,84;2406,57;0;0,03317584778335972;143;09/01/2026;0;4;0,5;0,5;1;0;0,0;3;2593,87;864,6233333333333;234,0;1;0;0;18,0;887
C02133;5429,01;18;301,61;1256,27;0;0,24008373996035887;173;27/01/2026;1;5;1,0;15,8;25;0;0,0;2;1501,48;750,74;223,0;2;1;0;133,0;412
C02134;556,88;18;30,94;3196,57;0;0,009679124811907764;233;09/01/2026;0;7;0,2857142857142857;0,7142857142857143;3;0;0,0;4;4264,62;1066,155;327,0;0;0;0;;747
C02137;3886,53;6;647,76;2476,68;0;0,26154367944183343;113;16/01/2026;1;3;0,6666666666666666;3,3333333333333335;6;0;0,0;0;0,0;;;1;1;0;47,0;469
C02138;1311,78;12;109,32;2552,15;0;0,04283447289540191;353;28/07/2025;1;11;0,36363636363636365;3,5454545454545454;18;0;0,0;0;0,0;;;0;0;0;;804
C02139;1180,88;12;98,41;4578,79;0;0,021492577733418654;353;24/06/2025;0;11;0,36363636363636365;2,6363636363636362;21;0;0,0;2;1611,1699999999998;805,5849999999999;65,0;0;0;0;;689
C02140;1862,64;24;77,61;2836,49;0;0,027361281019852003;173;28/01/2026;1;5;0,4;4,4;21;0;0,0;5;2393,95;478,78999999999996;101,0;0;0;0;;627
C02141;2074,34;10;207,43;2584,27;0;0,08026638083481989;293;19/01/2026;1;9;0,6666666666666666;7,0;26;0;0,0;4;2629,95;657,4875;76,0;0;0;0;;696
C02142;1212,94;6;202,16;2093,3;0;0,09657478622271054;173;13/12/2025;1;5;0,4;2,4;6;0;0,0;2;1154,95;577,475;295,0;0;0;0;;635
C02143;3620,5;18;201,14;1212,45;0;0,16589550084539567;473;30/01/2026;1;15;0,4666666666666667;3,8666666666666667;19;0;0,0;1;472,73;472,73;303,0;1;1;0;25,0;598
C02144;3215,6;24;133,98;2511,82;0;0,05333980938124546;383;21/01/2026;0;12;0,3333333333333333;4,333333333333333;20;0;0,0;1;703,29;703,29;633,0;1;0;0;116,0;529
C02145;1517,0;10;151,7;3285,88;0;0,046167236782840515;293;20/12/2025;0;9;0,8888888888888888;7,111111111111111;25;0;0,0;5;2056,31;411,262;565,0;1;1;0;185,0;729
C02146;1944,98;10;194,5;1332,66;0;0,14594870409556826;293;02/01/2026;1;9;0,8888888888888888;15,222222222222221;26;0;0,0;0;0,0;;;3;2;0;130,0;621
C02147;1029,04;12;85,75;5178,72;0;0,016558145642166403;263;25/01/2026;0;8;0,375;2,75;20;0;0,0;4;5111,3;1277,825;257,0;0;0;0;;781
C02148;2917,45;24;121,56;2833,25;0;0,04290479131739169;173;10/01/2026;0;5;0,6;8,2;23;1;121,56;4;3019,84;754,96;239,0;3;3;0;8,0;713
C02149;1292,21;18;71,79;3779,74;0;0,018993369914332734;113;10/01/2026;1;3;0,0;0,0;0;0;0,0;1;250,81;250,81;484,0;1;1;0;103,0;705
C02150;1465,47;18;81,42;1300,6;0;0,06260187605720437;263;29/01/2026;0;8;0,375;0,5;2;0;0,0;5;3936,33;787,266;122,0;2;2;0;21,0;660
C02151;2253,06;12;187,76;4403,15;0;0,0426421993345673;113;27/01/2026;0;3;0,0;0,0;0;0;0,0;0;0,0;;;0;0;0;;771
C02152;1365,21;12;113,77;4299,4;0;0,02646183188351863;323;15/01/2026;1;10;0,6;4,4;21;0;0,0;1;454,52;454,52;753,0;1;0;0;197,0;728
C02154;1566,14;12;130,51;6007,29;0;0,021725270463054055;353;12/10/2025;0;11;0,5454545454545454;2,909090909090909;24;0;0,0;1;373,11;373,11;740,0;1;1;0;132,0;779
C02155;1878,44;6;313,07;2075,7;0;0,15082622729681555;173;15/07/2025;0;5;0,6;12,6;26;0;0,0;3;1519,63;506,54333333333335;239,0;2;1;0;128,0;528
C02156;1717,84;12;143,15;5144,86;0;0,027823886364254813;353;12/07/2025;0;11;0,09090909090909091;0,09090909090909091;1;0;0,0;3;2379,0;793,0;65,0;2;2;0;68,0;715
C02157;2088,36;12;174,03;2852,77;0;0,061003866417552066;353;27/08/2025;1;11;0,7272727272727273;7,454545454545454;25;0;0,0;5;3588,4500000000003;717,69;4,0;1;0;0;154,0;643
C02158;1153,36;18;64,08;6503,78;0;0,00985273179597096;443;25/01/2026;1;14;0,2857142857142857;1,8571428571428572;17;0;0,0;0;0,0;;;0;0;0;;643
C02159;824,15;10;82,42;3607,38;0;0,02284760685040112;293;18/05/2025;1;9;0,3333333333333333;0,4444444444444444;2;0;0,0;1;719,34;719,34;184,0;0;0;0;;857
C02161;939,75;12;78,31;2408,54;0;0,032513472892291596;173;20/01/2026;1;5;0,4;5,6;19;0;0,0;3;1554,52;518,1733333333333;321,0;2;2;0;25,0;712
C02162;1577,89;12;131,49;2339,41;0;0,05620647941147555;293;15/01/2026;0;9;0,3333333333333333;1,2222222222222223;8;0;0,0;0;0,0;;;2;0;0;192,0;681
C02163;4699,22;12;391,6;2531,41;0;0,1546963944995082;353;20/07/2025;0;11;0,09090909090909091;0,18181818181818182;2;0;0,0;8;6953,08;869,135;149,0;0;0;0;;750
C02165;2228,78;12;185,73;1670,62;0;0,1111742945732722;353;04/07/2025;0;11;0,36363636363636365;0,6363636363636364;3;0;0,0;5;3027,41;605,482;113,0;0;0;0;;817
C02166;2605,07;12;217,09;1413,41;0;0,15359308339406116;353;29/10/2025;0;11;0,2727272727272727;2,0;14;0;0,0;0;0,0;;;1;1;0;118,0;835
C02167;3343,25;6;557,21;1347,0;0;0,4136674090571641;173;22/05/2025;1;5;1,0;20,6;26;0;0,0;6;10489,04;1748,1733333333334;12,0;3;3;0;122,0;376
C02168;905,94;24;37,75;7033,64;0;0,005367064564009531;143;01/02/2026;0;4;0,75;10,0;19;0;0,0;8;7397,37;924,67125;175,0;0;0;0;;599
C02169;3235,44;18;179,75;2519,23;0;0,07135116682478376;83;05/02/2026;0;2;0,0;0,0;0;0;0,0;3;1787,91;595,97;640,0;0;0;0;;629
C02170;879,66;12;73,3;2206,79;0;0,03321566619388342;353;04/08/2025;0;11;0,18181818181818182;0,18181818181818182;1;0;0,0;4;4297,28;1074,32;230,0;0;0;0;;824
C02172;2029,97;24;84,58;4036,03;0;0,020956236697943276;233;23/01/2026;0;7;0,14285714285714285;0,2857142857142857;2;0;0,0;3;1120,37;373,45666666666665;197,0;1;1;0;33,0;979
C02173;2285,33;24;95,22;7306,78;0;0,013031732172037477;293;30/01/2026;0;9;1,0;14,333333333333334;24;0;0,0;5;2056,31;411,262;606,0;0;0;0;;591
C02174;1976,29;10;197,63;2482,71;0;0,07960253110512303;293;22/11/2025;0;9;0,1111111111111111;0,5555555555555556;5;0;0,0;3;3467,3500000000004;1155,7833333333335;78,0;0;0;0;;691
C02175;865,53;10;86,55;3780,94;0;0,022891132892878488;263;17/01/2026;0;8;0,625;6,625;18;0;0,0;3;1680,17;560,0566666666667;397,0;0;0;0;;598
C02176;1585,14;12;132,1;3037,85;0;0,04348470135128463;203;06/02/2026;1;6;0,5;3,0;15;0;0,0;3;3909,1099999999997;1303,0366666666666;215,0;0;0;0;;469
C02177;1106,37;12;92,2;3074,64;0;0,029987250539900607;353;22/08/2025;1;11;0,6363636363636364;9,090909090909092;25;0;0,0;0;0,0;;;1;1;0;181,0;637
C02178;695,24;6;115,87;4807,6;0;0,024101422747316747;83;05/02/2026;0;2;0,5;1,0;2;0;0,0;2;1927,98;963,99;309,0;0;0;0;;689
C02179;3463,41;10;346,34;1264,84;0;0,2738211947756238;293;26/12/2025;1;9;1,0;15,222222222222221;25;0;0,0;1;1743,08;1743,08;154,0;0;0;0;;435
C02181;2433,04;10;243,3;1728,53;0;0,14075543959318035;203;27/01/2026;0;6;0,16666666666666666;0,3333333333333333;2;0;0,0;1;3454,38;3454,38;516,0;0;0;0;;908
C02182;1098,38;12;91,53;2121,57;0;0,04314257837356297;113;26/01/2026;1;3;0,3333333333333333;0,6666666666666666;2;0;0,0;7;5921,9;845,9857142857143;348,0;0;0;0;;556
C02183;5811,17;6;968,53;2281,61;0;0,42449410723129716;173;28/08/2025;1;5;1,0;13,2;17;0;0,0;1;207,5;207,5;518,0;0;0;0;;719
C02184;2272,82;12;189,4;1455,11;0;0,1301619808811705;83;21/01/2026;0;2;0,0;0,0;0;0;0,0;3;2647,6000000000004;882,5333333333334;224,0;2;1;0;37,0;399
C02185;3469,01;6;578,17;1768,58;0;0,3269119858869828;173;10/06/2025;1;5;1,0;11,2;22;0;0,0;5;4601,99;920,3979999999999;226,0;1;1;0;97,0;563
C02187;1312,07;24;54,67;5032,98;0;0,010862351926691544;563;29/01/2026;0;18;0,2222222222222222;0,4444444444444444;2;0;0,0;1;486,97;486,97;604,0;0;0;0;;851
C02189;2613,81;18;145,21;3752,25;0;0,038699446998467585;473;03/02/2026;1;15;0,6;7,066666666666666;26;0;0,0;1;966,86;966,86;697,0;4;2;0;52,0;728
C02191;1439,35;12;119,95;4520,65;0;0,02653379491887229;353;17/10/2025;0;11;0,18181818181818182;0,2727272727272727;2;0;0,0;3;1737,6599999999999;579,2199999999999;441,0;0;0;0;;696
C02192;1817,9;10;181,79;3137,55;0;0,0579401125081672;263;05/02/2026;0;8;0,125;0,25;2;0;0,0;8;6440,71;805,08875;53,0;0;0;0;;1000
C02193;789,32;12;65,78;5583,35;0;0,011781457368783972;353;01/09/2025;1;11;0,36363636363636365;3,0;12;0;0,0;1;1886,31;1886,31;698,0;0;0;0;;656
C02194;4263,14;12;355,26;1336,13;0;0,2658873013853442;173;24/01/2026;1;5;0,8;12,8;24;0;0,0;1;700,99;700,99;795,0;1;1;0;88,0;600
C02195;1454,81;10;145,48;2050,01;0;0,07096550748532933;173;16/01/2026;1;5;0,8;11,6;23;0;0,0;2;1354,9099999999999;677,4549999999999;188,0;0;0;0;;585
C02196;1897,39;18;105,41;1055,58;0;0,09985979272058963;533;11/01/2026;1;17;0,5882352941176471;5,470588235294118;22;0;0,0;2;3374,01;1687,005;425,0;0;0;0;;628
C02197;913,17;6;152,2;4106,57;0;0,03706256072586124;173;31/12/2025;0;5;0,4;1,4;5;0;0,0;0;0,0;;;1;0;0;45,0;726
C02198;1988,81;18;110,49;1693,24;0;0,06525359665493373;83;02/02/2026;0;2;0,5;0,5;1;0;0,0;5;4576,66;915,332;85,0;0;0;0;;980
C02199;618,13;18;34,34;1680,61;0;0,020433057044763513;83;18/01/2026;0;2;1,0;1,5;2;0;0,0;1;685,62;685,62;536,0;0;0;0;;803
C02201;1227,55;10;122,76;1576,87;0;0,07785042520943389;293;31/01/2026;0;9;0,3333333333333333;1,6666666666666667;12;0;0,0;3;2569,8599999999997;856,6199999999999;258,0;0;0;0;;757
C02202;2349,34;24;97,89;1695,88;0;0,05772224449843149;473;24/01/2026;1;15;0,8;13,6;26;0;0,0;6;8621,95;1436,9916666666668;54,0;1;1;0;109,0;568
C02203;1041,34;10;104,13;1931,47;0;0,05391230513546676;83;22/01/2026;0;2;0,5;1,0;2;0;0,0;3;2947,2;982,4;436,0;0;0;0;;946
C02205;2657,42;24;110,73;2346,97;0;0,04717998099677457;83;08/01/2026;0;2;0,5;1,0;2;0;0,0;0;0,0;;;0;0;0;;652
C02206;766,35;12;63,86;1428,79;0;0,044695161640269036;293;21/01/2026;0;9;0,0;0,0;0;0;0,0;3;3418,7799999999997;1139,5933333333332;504,0;4;0;0;40,0;653
C02207;4294,95;6;715,82;2240,06;0;0,3195539405194504;173;28/05/2025;1;5;0,8;10,4;17;0;0,0;3;959,67;319,89;562,0;0;0;0;;507
C02208;3076,52;18;170,92;2730,2;0;0,06260347227309354;233;01/02/2026;0;7;0,42857142857142855;0,7142857142857143;2;0;0,0;0;0,0;;;0;0;0;;798
C02209;2369,51;10;236,95;1830,81;0;0,12942358846630725;263;30/01/2026;0;8;0,875;6,875;19;0;0,0;1;361,68;361,68;711,0;1;0;0;257,0;655
C02210;5617,15;6;936,19;2642,42;0;0,3542926559744477;83;13/01/2026;1;2;1,0;20,5;22;0;0,0;0;0,0;;;0;0;0;;411
C02211;1459,1;18;81,06;3998,57;0;0,02027224732841991;413;02/02/2026;1;13;0,38461538461538464;3,1538461538461537;19;0;0,0;3;4536,1900000000005;1512,0633333333335;100,0;0;0;0;;663
C02212;2661,82;12;221,82;4312,96;0;0,05143103576198249;353;27/11/2025;0;11;0,5454545454545454;5,636363636363637;26;0;0,0;1;632,12;632,12;547,0;2;1;0;131,0;737
C02213;2523,13;18;140,17;4068,21;0;0,03445495684834362;203;06/02/2026;1;6;0,3333333333333333;1,8333333333333333;9;0;0,0;4;2657,62;664,405;395,0;0;0;0;;600
C02214;641,11;18;35,62;2107,71;0;0,016899858139876926;383;24/01/2026;0;12;0,4166666666666667;2,5;13;0;0,0;0;0,0;;;2;0;0;38,0;587
C02215;1339,25;12;111,6;3969,97;0;0,02811104366027955;353;02/08/2025;0;11;0,45454545454545453;2,4545454545454546;10;0;0,0;3;3212,64;1070,8799999999999;380,0;0;0;0;;571
C02216;1332,79;10;133,28;3995,7;0;0,03335585754686288;293;01/08/2025;1;9;0,2222222222222222;0,3333333333333333;2;0;0,0;1;752,0;752,0;338,0;0;0;0;;622
C02217;1368,59;12;114,05;3488,15;0;0,03269641500508866;353;09/06/2025;0;11;0,0;0,0;0;0;0,0;2;1721,27;860,635;289,0;2;1;0;75,0;623
C02218;1521,25;24;63,39;2196,53;0;0,028859155121942336;83;17/01/2026;1;2;0,0;0,0;0;0;0,0;3;5846,79;1948,93;855,0;0;0;0;;718
C02219;564,75;12;47,06;1959,75;0;0,024013266998341627;353;07/10/2025;0;11;0,2727272727272727;1,0;6;0;0,0;6;4422,85;737,1416666666668;133,0;1;0;0;36,0;915
C02220;3320,96;12;276,75;2278,24;0;0,12147534939251353;293;27/01/2026;0;9;0,3333333333333333;1,5555555555555556;7;0;0,0;2;1136,94;568,47;175,0;0;0;0;;893
C02222;1291,47;10;129,15;1934,08;0;0,06677593481138319;293;02/09/2025;0;9;0,5555555555555556;6,333333333333333;25;0;0,0;3;8799,6;2933,2000000000003;322,0;2;1;0;67,0;654
C02224;1282,75;10;128,28;2567,03;0;0,04997214679999844;293;25/11/2025;1;9;0,7777777777777778;13,0;24;1;128,28;1;700,99;700,99;735,0;1;0;0;146,0;734
C02226;1440,34;24;60,01;4080,52;0;0,014706458980718142;323;06/02/2026;1;10;0,1;2,6;26;0;0,0;4;4084,4500000000003;1021,1125000000001;238,0;0;0;0;;839
C02227;1605,68;12;133,81;2125,54;0;0,06295341419121729;233;15/01/2026;0;7;0,7142857142857143;15,0;26;1;133,81;1;613,92;613,92;685,0;5;3;0;29,0;438
C02229;1855,39;6;309,23;2558,07;0;0,12088410403155504;173;13/01/2026;0;5;0,4;5,4;25;0;0,0;2;2376,36;1188,18;555,0;0;0;0;;627
C02231;380,0;18;21,11;2743,84;0;0,0076935972943028745;473;15/01/2026;1;15;0,2;1,8;25;0;0,0;1;226,0;226,0;447,0;0;0;0;;752
C02232;4062,54;6;677,09;3860,32;0;0,17539737638330502;173;18/04/2025;0;5;0,4;6,8;23;0;0,0;1;1434,33;1434,33;745,0;1;0;0;45,0;832
C02233;3712,17;12;309,35;3152,62;0;0,09812473434793918;203;09/01/2026;1;6;0,3333333333333333;0,3333333333333333;1;0;0,0;3;2003,73;667,91;291,0;0;0;0;;568
C02234;2979,99;18;165,55;2645,86;0;0,06256944811894809;353;29/01/2026;0;11;0,5454545454545454;7,545454545454546;24;0;0,0;7;5703,45;814,7785714285714;66,0;0;0;0;;473
C02235;380,0;10;38,0;2875,02;0;0,01321729935791751;293;15/08/2025;0;9;0,4444444444444444;4,0;25;0;0,0;3;1841,29;613,7633333333333;24,0;1;1;0;30,0;552
C02236;4291,93;24;178,83;2631,92;0;0,06794659412140187;563;21/01/2026;1;18;0,7777777777777778;12,055555555555555;26;0;0,0;6;6924,5;1154,0833333333333;50,0;0;0;0;;552
C02237;1544,7;10;154,47;5042,1;0;0,03063604450526566;293;13/10/2025;1;9;0,5555555555555556;4,555555555555555;17;0;0,0;1;561,95;561,95;327,0;1;0;0;227,0;640
C02238;974,11;12;81,18;4932,7;0;0,016457518194903403;353;05/01/2026;0;11;0,36363636363636365;2,4545454545454546;22;0;0,0;4;5169,93;1292,4825;51,0;1;0;0;19,0;644
C02239;928,98;12;77,42;3205,65;0;0,024151108199585106;353;22/12/2025;0;11;0,18181818181818182;0,36363636363636365;2;0;0,0;3;2095,8199999999997;698,6066666666666;56,0;0;0;0;;675
C02240;3353,91;12;279,49;1657,99;0;0,16857158366455768;113;20/01/2026;1;3;0,0;0,0;0;0;0,0;1;863,52;863,52;348,0;2;1;0;11,0;682
C02242;2708,85;12;225,74;4352,53;0;0,05186408824292998;143;16/01/2026;0;4;0,5;5,0;19;0;0,0;1;527,63;527,63;555,0;2;2;0;7,0;926
C02243;534,5;10;53,45;1166,49;0;0,045821224356831176;203;15/01/2026;1;6;0,3333333333333333;1,6666666666666667;9;0;0,0;2;2541,02;1270,51;137,0;0;0;0;;566
C02244;1841,01;12;153,42;2085,75;0;0,07355627472132326;353;09/11/2025;0;11;0,0;0,0;0;0;0,0;6;8207,640000000001;1367,9400000000003;72,0;0;0;0;;726
C02245;678,13;10;67,81;2774,94;0;0,0244365643941851;293;15/01/2026;0;9;0,1111111111111111;0,2222222222222222;2;0;0,0;2;971,12;485,56;300,0;1;1;0;180,0;824
C02246;2308,28;10;230,83;2219,15;0;0,1040173039226731;293;24/01/2026;0;9;0,2222222222222222;2,6666666666666665;22;0;0,0;0;0,0;;;0;0;0;;700
C02247;1596,22;24;66,51;6921,1;0;0,00960974411581974;533;31/01/2026;0;17;0,5882352941176471;8,823529411764707;25;0;0,0;0;0,0;;;2;1;0;21,0;637
C02248;1120,81;24;46,7;2513,9;0;0,01857671347308962;293;09/01/2026;1;9;0,3333333333333333;5,555555555555555;22;0;0,0;2;1668,95;834,475;296,0;0;0;0;;803
C02249;6333,36;12;527,78;2456,68;0;0,21483465490010908;293;18/01/2026;1;9;0,7777777777777778;7,555555555555555;25;0;0,0;1;618,64;618,64;290,0;4;3;0;58,0;512
C02250;1285,96;12;107,16;1842,98;0;0,05814496087857708;353;23/06/2025;0;11;0,5454545454545454;7,818181818181818;22;0;0,0;1;534,69;534,69;704,0;1;1;0;113,0;623
C02251;1631,79;10;163,18;3149,25;0;0,05181551162975312;293;14/06/2025;0;9;0,6666666666666666;7,333333333333333;20;0;0,0;5;4573,25;914,65;61,0;0;0;0;;645
C02252;1323,79;18;73,54;2774,74;0;0,026503384100852696;533;08/01/2026;1;17;0,47058823529411764;5,823529411764706;20;0;0,0;3;3008,66;1002,8866666666667;251,0;2;0;0;71,0;663
C02253;506,61;6;84,44;3555,81;0;0,023747050601691317;173;21/12/2025;0;5;0,2;0,4;2;0;0,0;1;980,87;980,87;157,0;0;0;0;;860
C02254;2059,89;18;114,44;1880,35;0;0,060861009918366266;473;11/01/2026;0;15;0,2;0,3333333333333333;2;0;0,0;5;3641,95;728,39;346,0;0;0;0;;807
C02256;2156,33;12;179,69;2695,34;0;0,06666691400713824;353;26/12/2025;0;11;0,18181818181818182;0,36363636363636365;2;0;0,0;1;431,19;431,19;452,0;0;0;0;;758
C02257;2548,41;12;212,37;1837,38;0;0,11558305848545211;113;10/01/2026;0;3;1,0;17,666666666666668;24;1;212,37;2;1254,17;627,085;159,0;1;0;0;81,0;585
C02258;1256,85;18;69,82;3692,04;0;0,018910954377525702;143;24/01/2026;0;4;0,25;0,25;1;0;0,0;4;5274,74;1318,685;169,0;0;0;0;;916
C02259;1559,44;6;259,91;1977,86;0;0,1314097054392121;173;29/12/2025;0;5;0,2;0,6;3;0;0,0;1;691,17;691,17;480,0;1;1;0;171,0;662
C02260;850,18;18;47,23;5828,68;0;0,008103035335616297;203;12/01/2026;1;6;0,6666666666666666;12,333333333333334;19;0;0,0;0;0,0;;;1;0;0;16,0;788
C02261;3630,34;10;363,03;2353,15;0;0,15427405817733675;263;06/02/2026;1;8;0,375;3,75;19;0;0,0;1;328,38;328,38;879,0;0;0;0;;654
C02262;1445,84;24;60,24;4764,47;0;0,012643588898660291;113;09/01/2026;0;3;0,3333333333333333;7,666666666666667;23;1;60,24;2;4087,5;2043,75;102,0;1;0;0;93,0;699
C02263;1460,08;12;121,67;3070,23;0;0,03962895287975168;83;12/01/2026;0;2;0,0;0,0;0;0;0,0;2;1576,4;788,2;149,0;0;0;0;;705
C02264;4455,35;10;445,54;2073,78;0;0,2148443904367869;203;19/01/2026;1;6;0,6666666666666666;7,5;22;0;0,0;3;1064,78;354,9266666666667;104,0;1;0;0;115,0;561
C02265;1509,35;12;125,78;1856,59;0;0,06774786032457356;233;25/01/2026;1;7;0,14285714285714285;3,7142857142857144;26;0;0,0;1;477,31;477,31;678,0;0;0;0;;613
C02267;2203,16;10;220,32;2446,02;0;0,09007285304290234;293;06/02/2026;0;9;0,5555555555555556;4,111111111111111;20;0;0,0;2;1690,87;845,435;526,0;2;1;0;40,0;670
C02268;1995,19;18;110,84;3751,58;0;0,029544885088416083;323;19/01/2026;0;10;0,7;4,8;23;0;0,0;6;6040,400000000001;1006,7333333333335;72,0;1;1;0;36,0;680
C02269;1927,91;12;160,66;4806,13;0;0,033428142809287305;353;20/07/2025;1;11;0,2727272727272727;0,36363636363636365;2;0;0,0;1;517,99;517,99;833,0;0;0;0;;604
C02270;2468,14;10;246,81;2185,2;0;0,11294618341570567;293;21/05/2025;0;9;0,1111111111111111;0,1111111111111111;1;0;0,0;1;477,31;477,31;429,0;0;0;0;;762
C02271;1698,45;18;94,36;1886,3;0;0,05002385622647511;83;19/01/2026;0;2;0,0;0,0;0;0;0,0;8;7846,84;980,855;375,0;0;0;0;;742
C02272;2160,34;24;90,01;900,0;0;0,10001111111111112;263;18/01/2026;0;8;0,375;5,375;22;0;0,0;6;8760,5;1460,0833333333333;181,0;0;0;0;;967
C02273;2831,93;10;283,19;4399,42;0;0,06436984875279014;293;24/09/2025;1;9;0,3333333333333333;4,666666666666667;21;0;0,0;4;2107,05;526,7625;228,0;1;1;0;97,0;595
C02274;1306,2;6;217,7;4394,72;0;0,049536716787417626;173;08/05/2025;1;5;0,6;4,6;17;0;0,0;0;0,0;;;2;2;0;62,0;728
C02275;1264,46;10;126,45;2081,77;0;0,06074158048199369;203;08/01/2026;1;6;0,3333333333333333;8,333333333333334;26;0;0,0;1;1754,08;1754,08;814,0;0;0;0;;571
C02277;3459,54;10;345,95;6496,0;0;0,05325584975369458;113;21/01/2026;0;3;0,3333333333333333;6,0;18;0;0,0;1;422,03;422,03;343,0;1;0;0;42,0;804
C02279;2342,65;24;97,61;2555,25;0;0,038199784756873106;113;12/01/2026;0;3;0,3333333333333333;0,6666666666666666;2;0;0,0;5;4971,04;994,208;81,0;0;0;0;;674
C02280;10314,73;12;859,56;2327,84;0;0,36925218228056905;353;04/06/2025;1;11;0,8181818181818182;11,545454545454545;26;0;0,0;2;850,4;425,2;56,0;1;0;0;141,0;552
C02282;1840,17;12;153,35;3622,04;0;0,04233801945864761;203;08/01/2026;0;6;0,16666666666666666;1,0;6;0;0,0;1;2069,93;2069,93;169,0;0;0;0;;708
C02284;743,76;18;41,32;5922,2;0;0,006977136874810037;533;10/01/2026;1;17;0,5882352941176471;8,058823529411764;24;0;0,0;1;737,14;737,14;77,0;0;0;0;;749
C02285;994,4;18;55,24;2205,74;0;0,02504374948996709;533;14/12/2025;0;17;0,11764705882352941;0,23529411764705882;2;0;0,0;3;3785,04;1261,68;701,0;0;0;0;;807
C02286;4140,15;24;172,51;2594,33;0;0,06649501027240173;473;05/02/2026;0;15;0,13333333333333333;0,2;2;0;0,0;4;2987,87;746,9675;75,0;0;0;0;;734
C02287;1439,4;10;143,94;4033,76;0;0,03568382848756495;263;25/01/2026;0;8;0,5;1,25;6;0;0,0;1;807,04;807,04;456,0;1;0;0;61,0;629
C02288;2775,33;12;231,28;2023,73;0;0,11428402010149576;353;30/01/2026;0;11;0,6363636363636364;6,818181818181818;23;0;0,0;3;3008,66;1002,8866666666667;273,0;1;0;0;148,0;759
C02289;1854,12;12;154,51;2678,71;0;0,05768074931590205;233;02/02/2026;1;7;0,5714285714285714;11,142857142857142;25;0;0,0;0;0,0;;;0;0;0;;590
C02290;3015,13;12;251,26;3874,61;0;0,06484781694157606;353;10/01/2026;0;11;0,36363636363636365;1,7272727272727273;14;0;0,0;2;1868,67;934,335;526,0;1;0;0;181,0;876
C02291;2121,63;10;212,16;2308,47;0;0,09190502800556213;293;06/02/2026;1;9;0,8888888888888888;14,777777777777779;26;0;0,0;2;1447,38;723,69;691,0;4;3;0;26,0;536
C02292;1698,44;12;141,54;2848,7;0;0,04968582160283638;143;03/02/2026;0;4;0,0;0,0;0;0;0,0;2;2192,1800000000003;1096,0900000000001;204,0;1;0;0;65,0;618
C02293;5606,44;12;467,2;3791,15;0;0,12323437479392796;293;08/01/2026;1;9;1,0;16,77777777777778;25;0;0,0;4;2629,95;657,4875;65,0;1;0;0;172,0;721
C02294;2373,49;10;237,35;1833,54;0;0,12944904392595744;203;28/01/2026;1;6;0,6666666666666666;11,166666666666666;26;0;0,0;3;3467,3500000000004;1155,7833333333335;145,0;0;0;0;;633
C02295;2711,16;24;112,96;2748,8;0;0,041094295692665886;533;20/01/2026;0;17;0,47058823529411764;2,588235294117647;23;0;0,0;2;3153,94;1576,97;104,0;0;0;0;;797
C02296;1212,43;6;202,07;2255,45;0;0,0895918774523931;173;22/12/2025;0;5;0,4;5,0;16;0;0,0;1;1731,13;1731,13;776,0;0;0;0;;719
C02297;684,14;12;57,01;3514,25;0;0,01622252258661165;203;26/01/2026;1;6;0,6666666666666666;10,5;25;0;0,0;1;481,71;481,71;178,0;0;0;0;;742
C02298;1742,58;10;174,26;1904,75;0;0,09148707179419871;203;03/02/2026;1;6;0,5;4,666666666666667;25;0;0,0;1;1334,92;1334,92;867,0;0;0;0;;590
C02299;1917,75;12;159,81;3637,88;0;0,0439294314270949;353;23/08/2025;0;11;0,45454545454545453;6,0;25;0;0,0;3;2910,1499999999996;970,0499999999998;109,0;0;0;0;;714
C02300;7992,24;18;444,01;2976,8;0;0,14915681268476214;293;13/01/2026;1;9;0,7777777777777778;8,0;24;0;0,0;0;0,0;;;3;2;0;22,0;686
C02301;2559,72;18;142,21;2594,35;0;0,05481527164800432;83;25/01/2026;0;2;0,0;0,0;0;0;0,0;1;484,48;484,48;285,0;0;0;0;;766
C02302;2234,28;12;186,19;2612,97;0;0,0712560802458505;353;06/11/2025;1;11;0,45454545454545453;6,090909090909091;23;0;0,0;2;1930,3100000000002;965,1550000000001;810,0;1;1;0;53,0;756
C02303;4933,11;6;822,18;1464,81;0;0,5612878120711902;143;19/01/2026;1;4;1,0;16,75;23;1;822,18;5;3992,8199999999997;798,564;45,0;1;0;0;114,0;332
C02305;2727,45;24;113,64;2608,88;0;0,04355892183619024;563;28/01/2026;0;18;0,2777777777777778;3,6666666666666665;26;0;0,0;5;7992,829999999999;1598,5659999999998;118,0;0;0;0;;702
C02306;8174,1;12;681,18;2293,72;0;0,2969760912404304;353;22/08/2025;1;11;0,7272727272727273;8,909090909090908;24;0;0,0;5;3786,19;757,238;31,0;2;1;0;106,0;618
C02307;1712,9;10;171,29;4052,36;0;0,042269196221461074;203;19/01/2026;0;6;0,0;0,0;0;0;0,0;6;6705,79;1117,6316666666667;40,0;0;0;0;;737
C02308;6558,55;10;655,86;1057,93;0;0,6199464992957946;293;21/09/2025;1;9;1,0;13,444444444444445;24;0;0,0;5;4577,84;915,568;103,0;0;0;0;;430
C02310;2958,07;10;295,81;5788,52;0;0,05110287258228355;293;16/05/2025;1;9;0,3333333333333333;3,3333333333333335;26;0;0,0;0;0,0;;;3;3;0;2,0;613
C02311;2172,27;18;120,68;6952,96;0;0,017356636597938145;503;14/01/2026;0;16;0,25;2,5;22;0;0,0;3;1787,91;595,97;618,0;0;0;0;;810
C02312;4288,03;10;428,8;3441,22;0;0,12460697078361745;293;31/07/2025;1;9;0,6666666666666666;9,555555555555555;26;0;0,0;0;0,0;;;1;0;0;60,0;675
C02313;3102,04;18;172,34;3198,0;0;0,05388993120700438;263;09/01/2026;0;8;0,25;0,375;2;0;0,0;2;1389,28;694,64;259,0;1;0;0;217,0;775
C02314;1163,93;24;48,5;2204,57;0;0,02199975505427362;203;28/01/2026;0;6;0,3333333333333333;0,6666666666666666;2;0;0,0;0;0,0;;;1;0;0;142,0;823
C02315;1981,47;18;110,08;5997,16;0;0,01835535486797084;143;21/01/2026;0;4;0,25;0,25;1;0;0,0;2;2475,58;1237,79;249,0;0;0;0;;790
C02316;1998,6;12;166,55;6882,28;0;0,02419982912639416;353;09/06/2025;0;11;0,45454545454545453;0,6363636363636364;2;0;0,0;5;3641,95;728,39;130,0;0;0;0;;880
C02317;776,05;10;77,6;1311,04;0;0,059189650964120086;293;21/10/2025;1;9;0,6666666666666666;7,0;19;0;0,0;1;1315,51;1315,51;672,0;0;0;0;;456
C02318;1295,99;24;54,0;3790,24;0;0,014247118915952553;413;04/02/2026;0;13;0,38461538461538464;3,5384615384615383;19;0;0,0;1;277,79;277,79;533,0;0;0;0;;627
C02319;723,22;10;72,32;1863,23;0;0,038814317073039825;293;27/06/2025;0;9;0,4444444444444444;4,444444444444445;20;0;0,0;2;2582,82;1291,41;87,0;1;1;0;154,0;520
C02321;741,78;6;123,63;5369,76;0;0,023023375346384194;173;29/08/2025;1;5;0,4;8,4;23;0;0,0;3;3909,1099999999997;1303,0366666666666;54,0;1;1;0;159,0;534
C02322;7977,51;12;664,79;2008,32;0;0,33101796526449967;353;06/11/2025;1;11;0,9090909090909091;13,0;23;0;0,0;2;1652,9699999999998;826,4849999999999;255,0;2;1;0;27,0;490
C02323;1108,54;10;110,85;1968,1;0;0,05632335755296987;143;05/02/2026;0;4;0,0;0,0;0;0;0,0;0;0,0;;;0;0;0;;723
C02324;2994,76;24;124,78;3015,19;0;0,04138379339278785;443;16/01/2026;1;14;0,8571428571428571;9,428571428571429;20;0;0,0;4;2107,0;526,75;93,0;1;1;0;164,0;529
C02325;1171,87;6;195,31;3415,01;0;0,05719163340663717;173;11/12/2025;0;5;0,4;0,6;2;0;0,0;6;6176,35;1029,3916666666667;91,0;2;1;0;171,0;510
C02326;847,61;10;84,76;3860,22;0;0,02195729777059339;113;20/01/2026;0;3;1,0;1,3333333333333333;2;0;0,0;2;1079,64;539,82;71,0;2;0;0;40,0;808
C02327;2221,88;24;92,58;2257,48;0;0,04101033010259227;413;05/02/2026;0;13;0,38461538461538464;4,3076923076923075;23;0;0,0;5;5598,32;1119,664;58,0;3;1;0;65,0;741
C02328;670,95;12;55,91;2784,96;0;0,020075692290014935;353;15/07/2025;0;11;0,18181818181818182;0,2727272727272727;2;0;0,0;1;762,88;762,88;195,0;1;0;0;258,0;847
C02329;4272,32;12;356,03;2671,09;0;0,1332901549554676;203;18/01/2026;0;6;0,5;3,1666666666666665;16;0;0,0;3;2086,06;695,3533333333334;248,0;1;1;0;122,0;742
C02330;735,34;18;40,85;2075,37;0;0,019683237205895817;203;04/02/2026;1;6;0,6666666666666666;12,0;25;0;0,0;3;1897,6;632,5333333333333;318,0;0;0;0;;610
C02331;4198,56;12;349,88;5705,09;0;0,061327691587687486;353;10/11/2025;1;11;0,18181818181818182;0,18181818181818182;1;0;0,0;2;1729,15;864,575;427,0;0;0;0;;593
C02332;3603,26;18;200,18;2730,89;0;0,0733021103010374;473;19/01/2026;0;15;0,5333333333333333;4,466666666666667;26;0;0,0;4;1882,0600000000002;470,51500000000004;40,0;2;0;0;44,0;550
C02335;2184,49;10;218,45;1837,2;0;0,11890376660134987;293;01/09/2025;1;9;0,6666666666666666;6,222222222222222;16;0;0,0;2;1206,0;603,0;225,0;1;1;0;11,0;617
C02337;5180,1;18;287,78;1558,31;0;0,1846744229325359;83;29/01/2026;0;2;0,5;0,5;1;0;0,0;0;0,0;;;1;1;0;44,0;714
C02338;2511,92;18;139,55;2644,64;0;0,052767106298021664;113;13/01/2026;1;3;1,0;1,0;1;0;0,0;1;2828,16;2828,16;819,0;0;0;0;;673
C02339;1786,86;18;99,27;3167,13;0;0,03134383495467505;143;24/01/2026;0;4;0,25;1,75;7;0;0,0;2;1447,38;723,69;678,0;0;0;0;;693
C02340;1748,29;10;174,83;3761,11;0;0,04648361786812936;293;12/05/2025;1;9;0,7777777777777778;13,666666666666666;26;0;0,0;1;938,36;938,36;721,0;1;1;0;176,0;716
C02341;2890,18;12;240,85;3616,06;0;0,06660564260548774;293;29/01/2026;0;9;0,2222222222222222;3,888888888888889;22;0;0,0;4;5612,21;1403,0525;148,0;2;1;0;5,0;778
C02342;1007,26;12;83,94;2962,49;0;0,028334272858305008;233;09/01/2026;0;7;0,2857142857142857;2,142857142857143;14;0;0,0;2;1175,41;587,705;133,0;1;1;0;126,0;709
C02343;829,21;12;69,1;2169,55;0;0,03184992279504966;203;20/01/2026;0;6;0,5;7,0;19;0;0,0;0;0,0;;;0;0;0;;537
C02344;2019,63;18;112,2;2190,39;0;0,051223754673825214;143;26/01/2026;0;4;0,25;0,5;2;0;0,0;4;2674,5099999999998;668,6274999999999;98,0;0;0;0;;768
C02345;2533,73;10;253,37;2679,5;0;0,09455868632207502;83;11/01/2026;1;2;1,0;4,0;5;0;0,0;0;0,0;;;0;0;0;;554
C02346;1933,03;24;80,54;1620,6;0;0,04969764284832778;563;06/02/2026;1;18;0,9444444444444444;10,222222222222221;25;0;0,0;0;0,0;;;2;0;0;80,0;489
C02347;1516,15;12;126,35;1636,94;0;0,0771867020171784;353;18/07/2025;0;11;0,36363636363636365;2,8181818181818183;15;0;0,0;0;0,0;;;0;0;0;;812
C02348;811,73;24;33,82;3058,15;0;0,011058973562447885;533;29/01/2026;0;17;0,47058823529411764;0,8235294117647058;2;0;0,0;2;1796,76;898,38;674,0;1;0;0;157,0;693
C02349;2160,2;6;360,03;3293,87;0;0,1093030386748718;83;01/02/2026;0;2;0,5;2,0;4;0;0,0;2;2051,0699999999997;1025,5349999999999;194,0;0;0;0;;688
C02350;4279,69;24;178,32;4329,01;0;0,04119186603865549;323;30/01/2026;0;10;0,1;0,2;2;0;0,0;0;0,0;;;1;0;0;49,0;697
C02351;2311,68;12;192,64;4091,85;0;0,047078949619365325;353;02/06/2025;0;11;0,2727272727272727;3,909090909090909;22;0;0,0;2;821,44;410,72;316,0;0;0;0;;648
C02352;3201,73;6;533,62;900,0;0;0,5929111111111112;113;14/01/2026;1;3;1,0;14,333333333333334;17;0;0,0;1;248,98;248,98;812,0;2;2;0;4,0;337
C02353;3011,78;6;501,96;3594,69;0;0,1396393013027549;113;22/01/2026;0;3;0,0;0,0;0;0;0,0;4;4936,65;1234,1625;265,0;0;0;0;;747
C02354;9415,9;10;941,59;2163,54;0;0,43520803867735286;293;24/01/2026;1;9;0,8888888888888888;8,777777777777779;18;0;0,0;3;3976,7200000000003;1325,5733333333335;25,0;3;2;0;29,0;738
C02355;3114,0;6;519,0;2754,73;0;0,18840321919026548;173;06/11/2025;1;5;0,6;4,0;10;0;0,0;2;1140,1100000000001;570,0550000000001;42,0;1;1;0;57,0;474
C02356;1568,92;18;87,16;3338,14;0;0,026110348876919483;143;05/02/2026;1;4;0,0;0,0;0;0;0,0;3;7298,47;2432,8233333333333;289,0;2;0;0;47,0;697
C02357;1772,82;10;177,28;1451,22;0;0,12215928666914734;203;14/01/2026;0;6;0,5;4,0;21;0;0,0;3;4646,889999999999;1548,9633333333331;563,0;2;0;0;58,0;560
C02359;3171,21;24;132,13;3753,95;0;0,035197591869897044;173;09/01/2026;0;5;0,6;4,8;20;0;0,0;1;644,75;644,75;801,0;0;0;0;;582
C02360;1372,24;10;137,22;2862,01;0;0,047945325138626343;293;22/04/2025;0;9;0,0;0,0;0;0;0,0;0;0,0;;;1;0;0;148,0;627
C02361;6236,12;6;1039,35;3861,37;0;0,2691661249763685;173;15/05/2025;1;5;0,6;7,0;16;0;0,0;4;2722,48;680,62;251,0;1;1;0;13,0;750
C02363;2108,79;18;117,16;2160,52;0;0,054227685927461904;383;31/01/2026;0;12;0,25;3,5;20;0;0,0;2;1354,03;677,015;204,0;3;1;0;6,0;703
C02364;2388,18;24;99,51;3250,86;0;0,03061036156586257;563;28/01/2026;0;18;0,4444444444444444;4,055555555555555;22;0;0,0;2;1991,94;995,97;616,0;1;0;0;105,0;750
C02365;2496,64;12;208,05;3575,56;0;0,05818668963742743;353;16/11/2025;0;11;0,2727272727272727;3,727272727272727;22;0;0,0;2;1297,56;648,78;152,0;0;0;0;;794
C02366;889,2;12;74,1;3263,92;0;0,022702762322605943;353;16/10/2025;1;11;0,18181818181818182;1,8181818181818181;15;0;0,0;1;565,7;565,7;742,0;1;0;0;145,0;721
C02367;1042,88;6;173,81;2454,77;0;0,07080500413480693;143;04/02/2026;1;4;0,5;5,0;18;0;0,0;4;6755,610000000001;1688,9025000000001;312,0;0;0;0;;651
C02368;1143,4;6;190,57;1953,46;0;0,09755510734798767;173;11/01/2025;0;5;0,2;0,4;2;0;0,0;2;1558,6799999999998;779,3399999999999;327,0;1;0;0;31,0;617
C02369;4102,16;24;170,92;4302,11;0;0,03972934211352104;233;20/01/2026;1;7;0,7142857142857143;5,285714285714286;13;0;0,0;2;3931,08;1965,54;262,0;0;0;0;;697
C02371;3225,33;6;537,55;4398,78;0;0,12220433847566825;143;22/01/2026;1;4;0,25;5,0;20;0;0,0;1;215,21;215,21;803,0;0;0;0;;594
C02372;1729,92;6;288,32;4057,42;0;0,07105993463826767;173;06/02/2025;1;5;0,4;2,8;13;0;0,0;1;279,62;279,62;67,0;1;0;0;130,0;636
C02373;1420,6;12;118,38;2244,44;0;0,052743668799344154;353;29/09/2025;1;11;0,7272727272727273;6,2727272727272725;19;0;0,0;1;339,38;339,38;663,0;1;1;0;209,0;789
C02374;1257,11;24;52,38;3619,93;0;0,014469893064230525;353;13/01/2026;1;11;0,6363636363636364;10,454545454545455;24;0;0,0;2;1590,1;795,05;322,0;2;2;0;45,0;669
C02375;1899,21;12;158,27;4832,04;0;0,032754281835415275;203;19/01/2026;0;6;0,5;1,0;2;0;0,0;4;7040,679999999999;1760,1699999999998;160,0;0;0;0;;787
C02377;911,12;12;75,93;1266,85;0;0,0599360618857797;353;30/10/2025;0;11;0,18181818181818182;0,7272727272727273;6;0;0,0;2;2176,75;1088,375;108,0;0;0;0;;525
C02378;2593,41;18;144,08;4165,97;0;0,03458498260909224;383;28/01/2026;1;12;0,4166666666666667;4,0;26;0;0,0;3;5080,379999999999;1693,4599999999998;514,0;0;0;0;;664
C02379;1505,25;12;125,44;4734,52;0;0,026494766100893012;143;30/01/2026;0;4;0,25;4,5;18;0;0,0;0;0,0;;;0;0;0;;688
C02381;1422,41;12;118,53;2921,52;0;0,040571346422410254;353;25/10/2025;0;11;0,2727272727272727;2,6363636363636362;23;0;0,0;3;3785,04;1261,68;651,0;1;1;0;170,0;708
C02382;1639,8;12;136,65;1622,91;0;0,08420060262121744;293;19/01/2026;0;9;0,6666666666666666;2,5555555555555554;13;0;0,0;3;4392,78;1464,26;278,0;1;0;0;238,0;743
C02383;3042,19;24;126,76;2779,74;0;0,04560138718009599;383;21/01/2026;1;12;0,16666666666666666;2,5;16;0;0,0;3;8311,71;2770,5699999999997;685,0;2;0;0;7,0;741
C02385;3110,11;10;311,01;1687,41;0;0,18431205219833946;293;13/10/2025;0;9;0,4444444444444444;2,3333333333333335;11;0;0,0;3;6042,8;2014,2666666666667;267,0;1;0;0;233,0;748
C02387;2658,19;24;110,76;5674,41;0;0,01951920992667079;503;12/01/2026;0;16;0,25;0,375;2;0;0,0;4;3105,44;776,36;69,0;1;0;0;116,0;756
C02388;4007,62;12;333,97;3747,61;0;0,0891154629217021;353;03/06/2025;1;11;0,2727272727272727;0,36363636363636365;2;0;0,0;0;0,0;;;1;0;0;47,0;815
C02389;2974,09;18;165,23;7870,9;0;0,020992516738873573;203;10/01/2026;0;6;0,16666666666666666;0,16666666666666666;1;0;0,0;0;0,0;;;0;0;0;;791
C02390;1637,88;6;272,98;2459,73;0;0,11097966036922752;113;26/01/2026;0;3;0,0;0,0;0;0;0,0;2;2099,91;1049,955;579,0;0;0;0;;830
C02392;2521,88;18;140,1;1930,67;0;0,07256548244909798;263;17/01/2026;0;8;0,625;1,125;2;0;0,0;3;2540,8;846,9333333333334;186,0;0;0;0;;700
C02393;1345,61;18;74,76;2980,06;0;0,025086743219935172;173;23/01/2026;1;5;0,0;0,0;0;0;0,0;1;1154,91;1154,91;418,0;1;1;0;63,0;806
C02395;1595,55;18;88,64;1159,08;0;0,07647444524968079;413;18/01/2026;1;13;0,6153846153846154;8,615384615384615;23;0;0,0;1;358,27;358,27;444,0;0;0;0;;545
C02396;2004,21;12;167,02;3932,68;0;0,04246976616454937;113;29/01/2026;1;3;0,3333333333333333;0,3333333333333333;1;0;0,0;5;2415,6000000000004;483,12000000000006;170,0;0;0;0;;686
C02397;2421,92;12;201,83;3582,61;0;0,05633602317863234;83;28/01/2026;0;2;0,0;0,0;0;0;0,0;1;428,65;428,65;342,0;2;0;0;19,0;697
C02398;561,6;6;93,6;2546,33;0;0,03675878617461209;173;18/08/2025;0;5;0,2;0,4;2;0;0,0;3;2013,1399999999999;671,0466666666666;49,0;0;0;0;;883
C02399;1441,36;6;240,23;2478,29;0;0,09693377288372224;143;03/02/2026;0;4;0,25;0,5;2;0;0,0;3;1635,46;545,1533333333333;308,0;1;0;0;112,0;690
C02400;1062,47;10;106,25;1916,21;0;0,05544799369588928;293;20/04/2025;0;9;0,5555555555555556;8,88888888888889;26;1;106,25;1;231,5;231,5;547,0;0;0;0;;491
C02401;3213,79;12;267,82;4390,48;0;0,061000163991180925;353;19/06/2025;1;11;0,5454545454545454;2,8181818181818183;19;0;0,0;1;2548,71;2548,71;782,0;1;1;0;188,0;781
C02402;2969,26;24;123,72;4016,23;0;0,030805008677291888;113;25/01/2026;1;3;0,6666666666666666;1,6666666666666667;4;0;0,0;0;0,0;;;0;0;0;;675
C02403;5873,79;12;489,48;1900,37;0;0,2575708940890458;233;31/01/2026;1;7;1,0;13,714285714285714;25;0;0,0;0;0,0;;;6;4;0;1,0;396
C02404;861,4;10;86,14;1621,89;0;0,05311087681655353;293;28/05/2025;0;9;0,3333333333333333;3,3333333333333335;26;0;0,0;2;4956,969999999999;2478,4849999999997;623,0;1;1;0;132,0;680
C02405;2609,39;10;260,94;3303,43;0;0,0789906248959415;293;28/10/2025;0;9;0,1111111111111111;2,6666666666666665;24;0;0,0;7;6819,83;974,2614285714286;35,0;3;1;0;11,0;809
C02406;1188,2;10;118,82;2439,32;0;0,04871029631208697;293;02/06/2025;0;9;0,5555555555555556;6,222222222222222;26;0;0,0;4;4647,45;1161,8625;128,0;0;0;0;;800
C02407;1888,14;10;188,81;4662,88;0;0,04049214219538139;203;15/01/2026;1;6;0,3333333333333333;6,5;22;0;0,0;2;1193,26;596,63;459,0;0;0;0;;561
C02408;1115,46;6;185,91;2390,19;0;0,0777804274973956;173;29/01/2025;1;5;0,6;4,8;13;0;0,0;0;0,0;;;2;2;0;20,0;724
C02409;559,38;10;55,94;3040,3;0;0,018399500049337235;233;14/01/2026;0;7;0,2857142857142857;0,5714285714285714;2;0;0,0;4;6428,47;1607,1175;182,0;0;0;0;;868
C02410;878,55;18;48,81;3109,79;0;0,015695593593136516;83;13/01/2026;0;2;1,0;5,5;9;0;0,0;4;5045,530000000001;1261,3825000000002;90,0;0;0;0;;585
C02411;2423,96;24;101,0;6872,28;0;0,014696723649211034;563;13/01/2026;1;18;0,5555555555555556;0,8888888888888888;2;0;0,0;3;2149,36;716,4533333333334;122,0;0;0;0;;842
C02412;4476,56;6;746,09;6078,26;0;0,1227472993916022;143;06/02/2026;1;4;0,5;0,75;2;0;0,0;1;187,45;187,45;597,0;1;1;0;71,0;595
C02413;4183,11;12;348,59;2002,85;0;0,17404698304915495;113;22/01/2026;1;3;0,6666666666666666;5,333333333333333;12;0;0,0;2;801,58;400,79;356,0;1;1;0;89,0;610
C02415;1783,29;18;99,07;3617,02;0;0,027389950843512062;473;05/02/2026;1;15;0,4;3,533333333333333;20;0;0,0;2;4029,48;2014,74;535,0;1;0;0;184,0;841
C02416;2377,16;18;132,06;2050,58;0;0,06440129134196179;503;28/01/2026;1;16;0,75;9,375;24;1;132,06;1;647,22;647,22;778,0;0;0;0;;614
C02418;6513,82;12;542,82;2232,84;0;0,24310743268662333;353;03/07/2025;1;11;0,7272727272727273;14,181818181818182;26;0;0,0;5;7382,660000000001;1476,5320000000002;14,0;3;1;0;167,0;608
C02419;1863,79;24;77,66;2264,28;0;0,03429787835426713;203;08/01/2026;0;6;0,3333333333333333;3,0;17;0;0,0;0;0,0;;;1;0;0;179,0;854
C02421;1136,67;10;113,67;2704,08;0;0,042036478210703825;293;01/08/2025;0;9;0,2222222222222222;0,3333333333333333;2;0;0,0;2;2413,02;1206,51;378,0;1;0;0;30,0;846
C02422;3543,58;18;196,87;3023,12;0;0,0651214639180714;533;07/12/2025;1;17;0,5882352941176471;3,9411764705882355;20;0;0,0;3;1897,6;632,5333333333333;259,0;1;0;0;222,0;602
C02423;4016,3;12;334,69;4780,89;0;0,07000579390029889;173;06/02/2026;0;5;0,8;9,2;21;0;0,0;0;0,0;;;1;1;0;62,0;685
C02424;1462,5;18;81,25;5398,2;0;0,015051313400763218;443;29/01/2026;1;14;0,42857142857142855;5,571428571428571;23;1;81,25;0;0,0;;;2;2;0;22,0;468
C02425;3047,12;10;304,71;2085,73;0;0,1460927349177506;293;05/05/2025;1;9;0,6666666666666666;8,88888888888889;23;0;0,0;0;0,0;;;1;1;0;23,0;509
C02426;1440,66;18;80,04;2968,49;0;0,02696320351424462;503;27/01/2026;1;16;0,125;0,6875;10;0;0,0;3;3223,57;1074,5233333333333;213,0;1;1;0;179,0;828
C02427;517,43;6;86,24;3577,37;0;0,024107095436032615;173;06/09/2025;1;5;0,2;0,2;1;0;0,0;2;1075,0;537,5;427,0;0;0;0;;644
C02428;1385,25;12;115,44;4465,49;0;0,025851586276086164;353;07/09/2025;0;11;0,5454545454545454;3,727272727272727;21;0;0,0;0;0,0;;;0;0;0;;707
C02430;4170,69;12;347,56;4165,38;0;0,08344016632336065;263;17/01/2026;0;8;0,625;9,5;25;0;0,0;2;1032,0;516,0;160,0;2;0;0;8,0;785
C02431;1953,9;18;108,55;3680,18;0;0,0294958398773973;293;06/02/2026;0;9;0,1111111111111111;0,1111111111111111;1;0;0,0;1;1550,72;1550,72;826,0;1;0;0;235,0;598
C02432;858,32;12;71,53;1464,2;0;0,048852615762873926;143;01/02/2026;1;4;0,25;0,5;2;0;0,0;1;1204,36;1204,36;249,0;0;0;0;;772
C02433;3091,42;12;257,62;2791,54;0;0,09228597834886837;83;03/02/2026;0;2;1,0;2,0;2;0;0,0;1;836,42;836,42;602,0;0;0;0;;779
C02434;1623,88;12;135,32;2234,14;0;0,06056916755440572;263;14/01/2026;0;8;0,375;0,5;2;0;0,0;1;805,81;805,81;166,0;0;0;0;;947
C02435;3402,93;10;340,29;2766,54;0;0,12300201695981262;293;20/04/2025;1;9;0,5555555555555556;8,333333333333334;25;0;0,0;0;0,0;;;0;0;0;;690
C02436;3385,25;6;564,21;1309,97;0;0,4307045199508386;173;24/01/2025;1;5;1,0;15,0;18;0;0,0;1;664,16;664,16;531,0;1;1;0;82,0;552
C02437;2795,98;12;233,0;3000,24;0;0,07766045383036024;203;15/01/2026;0;6;0,5;0,6666666666666666;2;0;0,0;4;6923,6;1730,9;150,0;0;0;0;;874
C02438;1028,46;24;42,85;1829,11;0;0,02342669385657506;203;19/01/2026;1;6;0,5;5,666666666666667;24;0;0,0;1;1153,49;1153,49;757,0;0;0;0;;775
C02439;1972,42;12;164,37;3148,06;0;0,05221310902587625;263;06/02/2026;1;8;0,5;9,25;24;0;0,0;3;1315,15;438,3833333333334;52,0;0;0;0;;536
C02441;3095,05;10;309,5;4269,6;0;0,07248922615701704;293;26/05/2025;1;9;0,5555555555555556;6,444444444444445;23;0;0,0;2;1282,1399999999999;641,0699999999999;492,0;1;1;0;132,0;726
C02442;4033,81;12;336,15;2782,46;0;0,12081036205372224;113;12/01/2026;0;3;0,3333333333333333;0,3333333333333333;1;0;0,0;2;1104,55;552,275;412,0;0;0;0;;751
C02443;2876,83;12;239,74;4091,64;0;0,05859264255897391;233;31/01/2026;1;7;0,42857142857142855;0,8571428571428571;4;0;0,0;5;6773,0;1354,6;85,0;0;0;0;;655
C02444;1251,36;12;104,28;3190,96;0;0,03267982049289242;353;29/07/2025;0;11;0,36363636363636365;1,5454545454545454;13;0;0,0;3;1032,95;344,31666666666666;280,0;1;0;0;265,0;651
C02445;896,64;10;89,66;2096,33;0;0,042769983733477075;293;14/09/2025;0;9;0,0;0,0;0;0;0,0;5;3037,25;607,45;23,0;1;0;0;180,0;843
C02446;2963,62;10;296,36;2111,83;0;0,14033326546170857;293;30/08/2025;1;9;0,4444444444444444;2,888888888888889;15;0;0,0;3;4023,44;1341,1466666666668;253,0;1;0;0;86,0;593
C02447;2016,7;18;112,04;2057,17;0;0,054463170277614395;503;22/01/2026;1;16;0,625;4,6875;24;0;0,0;1;231,71;231,71;228,0;1;0;0;23,0;528
C02448;2841,19;6;473,53;5316,41;0;0,08906950366882915;173;17/02/2025;1;5;0,0;0,0;0;0;0,0;0;0,0;;;0;0;0;;643
C02450;1734,35;6;289,06;2726,83;0;0,10600587495370083;173;21/07/2025;0;5;0,6;1,2;3;0;0,0;3;1903,01;634,3366666666667;168,0;1;0;0;89,0;713
C02451;2646,33;6;441,06;2238,14;0;0,1970654203937198;173;04/05/2025;1;5;0,8;11,8;23;1;441,06;4;3030,55;757,6375;25,0;0;0;0;;653
C02452;1409,91;24;58,75;2542,57;0;0,023106541806125296;293;04/02/2026;0;9;0,3333333333333333;2,7777777777777777;22;0;0,0;1;1810,19;1810,19;378,0;2;1;0;73,0;616
C02453;3596,21;24;149,84;2561,49;0;0,05849720279993286;353;29/01/2026;1;11;0,36363636363636365;5,454545454545454;21;0;0,0;2;1108,26;554,13;674,0;3;2;0;7,0;774
C02454;1548,24;12;129,02;2856,63;0;0,045165107136731046;173;17/01/2026;1;5;0,2;1,8;9;0;0,0;2;1808,0299999999997;904,0149999999999;511,0;0;0;0;;724
C02456;1568,16;18;87,12;2242,33;0;0,038852443663510726;443;01/02/2026;0;14;0,21428571428571427;0,35714285714285715;2;0;0,0;1;495,59;495,59;623,0;0;0;0;;875
C02457;1760,52;12;146,71;2880,91;0;0,05092488137428799;353;22/11/2025;0;11;0,6363636363636364;6,090909090909091;18;0;0,0;1;941,5;941,5;663,0;0;0;0;;728
C02458;2087,21;24;86,97;5862,53;0;0,014834892102897556;293;02/02/2026;1;9;0,6666666666666666;6,777777777777778;23;0;0,0;4;2715,22;678,805;84,0;2;2;0;46,0;720
C02460;3381,33;10;338,13;3376,01;0;0,10015669384865565;233;02/02/2026;0;7;0,5714285714285714;8,714285714285714;23;0;0,0;7;6618,68;945,5257142857143;128,0;1;1;0;67,0;531
C02461;3274,65;12;272,89;2297,03;0;0,11880123463777137;113;04/02/2026;1;3;0,6666666666666666;7,333333333333333;20;0;0,0;3;2790,6099999999997;930,2033333333333;454,0;0;0;0;;652
C02462;1546,47;18;85,92;2355,1;0;0,036482527281219486;173;14/01/2026;0;5;0,4;0,6;2;0;0,0;1;1716,36;1716,36;373,0;1;0;0;86,0;902
C02463;910,27;10;91,03;1612,11;0;0,05646637016084511;293;23/01/2026;0;9;1,0;10,88888888888889;20;0;0,0;3;721,87;240,62333333333333;14,0;1;1;0;157,0;674
C02464;1642,08;12;136,84;2721,54;0;0,050280355974925965;143;29/01/2026;0;4;0,25;2,25;9;0;0,0;0;0,0;;;0;0;0;;701
C02465;650,04;12;54,17;3644,83;0;0,01486214720576817;263;28/01/2026;0;8;0,375;1,0;6;0;0,0;2;3751,91;1875,955;103,0;0;0;0;;673
C02466;2777,87;12;231,49;2528,56;0;0,09155013130002848;353;20/08/2025;1;11;0,8181818181818182;10,454545454545455;23;0;0,0;3;3071,77;1023,9233333333333;180,0;3;3;0;35,0;631
C02469;1641,92;12;136,83;3691,26;0;0,03706864322751581;353;28/12/2025;0;11;0,5454545454545454;9,0;23;0;0,0;0;0,0;;;4;3;0;2,0;615
C02471;2976,79;10;297,68;900,0;0;0,3307555555555556;173;13/01/2026;1;5;1,0;10,0;14;0;0,0;2;2192,1800000000003;1096,0900000000001;183,0;2;1;0;106,0;545
C02473;1460,71;18;81,15;2267,7;0;0,0357851567667681;413;17/01/2026;1;13;0,5384615384615384;4,384615384615385;25;0;0,0;1;2240,45;2240,45;749,0;1;1;0;169,0;716
C02474;2773,54;24;115,56;2771,49;0;0,041695983027180326;473;31/01/2026;0;15;0,3333333333333333;2,066666666666667;16;0;0,0;2;3438,43;1719,215;451,0;1;1;0;106,0;686
C02475;3189,12;24;132,88;5590,06;0;0,023770764535622154;323;21/01/2026;0;10;0,7;9,0;24;0;0,0;0;0,0;;;2;1;0;45,0;741
C02477;2899,99;6;483,33;3070,58;0;0,1574067440027617;143;16/01/2026;1;4;0,5;10,25;23;1;483,33;4;8023,5599999999995;2005,8899999999999;73,0;0;0;0;;550
C02478;601,03;10;60,1;4813,48;0;0,01248576913168851;293;02/02/2026;0;9;0,1111111111111111;1,2222222222222223;11;0;0,0;2;2647,66;1323,83;138,0;1;1;0;131,0;773
C02479;630,09;6;105,02;2905,54;0;0,03614474417836271;173;09/01/2026;0;5;0,4;4,6;22;0;0,0;0;0,0;;;0;0;0;;524
C02480;2392,13;10;239,21;4277,4;0;0,055924159536166834;203;12/01/2026;0;6;0,3333333333333333;5,5;23;0;0,0;1;548,16;548,16;696,0;1;0;0;181,0;577
C02481;1855,38;10;185,54;1127,47;0;0,16456313693490734;293;30/08/2025;1;9;0,7777777777777778;10,777777777777779;23;0;0,0;1;636,53;636,53;239,0;1;1;0;198,0;638
C02482;856,28;18;47,57;3662,95;0;0,01298680025662376;263;20/01/2026;1;8;0,5;3,5;18;0;0,0;3;1860,31;620,1033333333334;448,0;1;1;0;153,0;628
C02484;1710,52;18;95,03;1350,99;0;0,0703410091858563;473;28/01/2026;1;15;0,4666666666666667;6,666666666666667;24;0;0,0;7;7635,3;1090,757142857143;36,0;0;0;0;;651
C02485;5121,51;12;426,79;1622,83;0;0,2629911943949767;353;09/06/2025;0;11;0,5454545454545454;6,7272727272727275;26;0;0,0;1;299,71;299,71;534,0;1;0;0;207,0;870
C02486;1038,83;12;86,57;3794,65;0;0,022813698233038616;83;23/01/2026;0;2;0,0;0,0;0;0;0,0;4;4227,35;1056,8375;165,0;0;0;0;;797
C02487;1444,81;10;144,48;2923,11;0;0,04942680911768629;203;23/01/2026;0;6;0,3333333333333333;3,1666666666666665;17;0;0,0;2;1276,38;638,19;593,0;1;0;0;175,0;833
C02488;1000,17;12;83,35;2733,93;0;0,030487247296017088;353;31/01/2026;0;11;0,0;0,0;0;0;0,0;2;870,72;435,36;274,0;0;0;0;;626
C02489;1228,78;10;122,88;5921,14;0;0,02075276044815694;293;15/01/2026;1;9;0,3333333333333333;1,4444444444444444;11;0;0,0;3;2176,02;725,34;36,0;0;0;0;;811
C02490;1888,37;10;188,84;3041,63;0;0,0620851319851527;293;08/01/2026;0;9;0,5555555555555556;10,11111111111111;25;0;0,0;5;6012,25;1202,45;177,0;0;0;0;;743
C02491;4349,2;12;362,43;4132,93;0;0,0876932345817616;353;24/07/2025;1;11;0,5454545454545454;4,454545454545454;25;0;0,0;0;0,0;;;2;1;0;76,0;643
C02492;2441,99;24;101,75;1857,05;0;0,054791201098516464;383;05/02/2026;0;12;0,5833333333333334;6,583333333333333;18;0;0,0;1;599,98;599,98;359,0;1;1;0;208,0;928
C02493;1267,78;18;70,43;3026,85;0;0,023268414358161127;143;04/02/2026;0;4;0,5;0,5;1;0;0,0;3;2124,18;708,06;408,0;3;1;0;19,0;705
C02494;1185,8;24;49,41;4020,24;0;0,01229031102620739;353;08/01/2026;0;11;0,36363636363636365;3,5454545454545454;20;0;0,0;0;0,0;;;1;0;0;93,0;637
C02495;2256,41;12;188,03;4576,06;0;0,04108993326136458;353;27/07/2025;1;11;0,0;0,0;0;0;0,0;0;0,0;;;0;0;0;;623
C02496;2130,14;18;118,34;1175,76;0;0,10064979247465469;83;30/01/2026;0;2;0,5;1,0;2;0;0,0;0;0,0;;;0;0;0;;579
C02497;627,46;6;104,58;1749,79;0;0,05976717206064728;173;06/06/2025;0;5;0,8;2,2;6;0;0,0;0;0,0;;;0;0;0;;552
C02498;3990,61;10;399,06;2226,17;0;0,17925854719091533;293;04/10/2025;0;9;0,5555555555555556;7,111111111111111;25;0;0,0;0;0,0;;;2;1;0;104,0;537
C02499;4418,91;10;441,89;3992,35;0;0,11068418350094555;233;12/01/2026;1;7;0,42857142857142855;8,142857142857142;24;0;0,0;5;2702,7200000000003;540,5440000000001;70,0;1;0;0;128,0;668
C02500;3875,05;24;161,46;2997,18;0;0,053870638400096094;143;20/01/2026;1;4;0,25;0,25;1;0;0,0;4;9311,14;2327,785;84,0;3;2;0;19,0;490
C02501;2925,48;10;292,55;2537,52;0;0,11528973170654813;83;27/01/2026;1;2;1,0;19,5;23;1;292,55;0;0,0;;;0;0;0;;582
C02502;1122,09;12;93,51;2390,92;0;0,03911046793702842;353;31/10/2025;1;11;0,6363636363636364;3,272727272727273;12;0;0,0;2;5245,45;2622,725;250,0;0;0;0;;815
C02503;3218,58;12;268,21;1988,93;0;0,13485140251290895;233;18/01/2026;1;7;0,7142857142857143;8,0;21;0;0,0;1;693,93;693,93;43,0;2;2;0;92,0;539
C02504;2712,73;24;113,03;2933,6;0;0,038529451868012;563;27/01/2026;1;18;0,5555555555555556;7,777777777777778;25;0;0,0;0;0,0;;;0;0;0;;729
C02505;1371,21;12;114,27;1422,75;0;0,08031628887717449;203;03/02/2026;0;6;0,3333333333333333;1,3333333333333333;7;0;0,0;3;4536,1900000000005;1512,0633333333335;101,0;1;0;0;152,0;871
C02506;2624,14;10;262,41;3124,21;0;0,083992433287135;113;21/01/2026;1;3;0,6666666666666666;9,0;26;0;0,0;0;0,0;;;0;0;0;;597
C02507;4183,72;10;418,37;1998,63;0;0,20932838994711375;293;29/05/2025;1;9;0,4444444444444444;3,888888888888889;20;0;0,0;1;560,69;560,69;43,0;0;0;0;;641
C02508;1610,92;18;89,5;2254,93;0;0,039690810801222214;143;04/02/2026;1;4;0,75;5,25;18;0;0,0;1;602,25;602,25;749,0;1;1;0;55,0;605
C02509;1878,03;12;156,5;2967,27;0;0,052742082789904526;113;28/01/2026;0;3;0,3333333333333333;0,6666666666666666;2;0;0,0;2;929,23;464,615;548,0;0;0;0;;948
C02510;2083,24;12;173,6;1616,36;0;0,10740181642703359;293;14/01/2026;1;9;0,4444444444444444;7,111111111111111;26;0;0,0;0;0,0;;;0;0;0;;597
C02511;4990,12;12;415,84;2836,04;0;0,14662698692543122;353;11/06/2025;0;11;0,2727272727272727;3,3636363636363638;22;0;0,0;5;4556,79;911,358;117,0;3;2;0;107,0;612
C02512;993,41;12;82,78;2053,84;0;0,04030498967787169;233;14/01/2026;1;7;0,42857142857142855;5,714285714285714;20;0;0,0;5;5289,01;1057,8020000000001;175,0;0;0;0;;653
C02513;1882,12;12;156,84;4091,51;0;0,038333035969605356;353;06/07/2025;1;11;0,6363636363636364;7,363636363636363;24;0;0,0;0;0,0;;;2;2;0;115,0;719
C02515;1853,52;10;185,35;6312,45;0;0,029362608812743073;293;17/04/2025;0;9;0,5555555555555556;5,111111111111111;25;0;0,0;2;6001,13;3000,565;154,0;0;0;0;;632
C02516;2475,73;18;137,54;2635,68;0;0,05218387664663389;443;17/01/2026;1;14;0,6428571428571429;6,214285714285714;21;0;0,0;2;2577,78;1288,89;699,0;1;1;0;95,0;578
C02517;1187,62;10;118,76;1798,4;0;0,0660364768683274;113;29/01/2026;0;3;0,0;0,0;0;0;0,0;3;3909,52;1303,1733333333334;147,0;0;0;0;;852
C02518;475,22;10;47,52;2387,07;0;0,019907250311050787;293;28/08/2025;0;9;0,2222222222222222;0,4444444444444444;2;0;0,0;4;3272,86;818,215;386,0;0;0;0;;710
C02519;1092,34;6;182,06;1790,66;0;0,1016720092033105;173;28/05/2025;0;5;0,4;2,4;6;0;0,0;5;4065,83;813,1659999999999;102,0;1;0;0;24,0;769
C02520;670,52;12;55,88;2248,58;0;0,02485123944889664;293;09/01/2026;0;9;0,2222222222222222;3,888888888888889;26;0;0,0;1;1213,54;1213,54;707,0;1;0;0;47,0;724
C02521;4254,01;18;236,33;1056,79;0;0,22363004948949178;143;09/01/2026;1;4;1,0;17,0;23;0;0,0;4;6923,6;1730,9;144,0;0;0;0;;556
C02522;2208,29;12;184,02;3018,15;0;0,06097112469559167;353;31/08/2025;0;11;0,2727272727272727;3,1818181818181817;21;0;0,0;3;7650,99;2550,33;588,0;1;1;0;194,0;726
C02523;1560,57;10;156,06;1426,63;0;0,10939066190953504;293;08/05/2025;1;9;0,4444444444444444;3,0;18;0;0,0;4;3442,61;860,6525;538,0;1;1;0;69,0;649
C02524;1720,31;18;95,57;2256,99;0;0,04234400684096961;293;31/01/2026;0;9;0,8888888888888888;12,666666666666666;25;0;0,0;0;0,0;;;3;1;0;23,0;621
C02525;875,51;24;36,48;3026,07;0;0,012055239964706697;353;08/01/2026;1;11;0,36363636363636365;2,5454545454545454;24;0;0,0;3;3487,8900000000003;1162,63;114,0;0;0;0;;816
C02526;1139,38;18;63,3;2706,71;0;0,023386325095780484;533;13/12/2025;0;17;0,47058823529411764;1,6470588235294117;13;0;0,0;3;2961,05;987,0166666666668;354,0;0;0;0;;602
C02527;2492,7;10;249,27;2741,41;0;0,09092766131297399;83;25/01/2026;0;2;0,5;0,5;1;0;0,0;1;783,17;783,17;497,0;1;0;0;22,0;608
C02528;1339,35;18;74,41;4843,9;0;0,01536158880241128;323;26/01/2026;0;10;0,5;3,4;20;0;0,0;1;3454,38;3454,38;515,0;2;0;0;148,0;630
C02529;3443,2;6;573,87;4541,84;0;0,12635187501100875;173;12/01/2025;1;5;0,4;7,8;25;0;0,0;2;1160,64;580,32;539,0;0;0;0;;758
C02530;1359,6;24;56,65;2936,03;0;0,019294761974502982;413;23/01/2026;0;13;0,46153846153846156;1,8461538461538463;13;0;0,0;4;5561,610000000001;1390,4025000000001;108,0;2;1;0;13,0;721
C02531;6535,83;12;544,65;4048,72;0;0,13452399770791756;293;11/01/2026;1;9;0,7777777777777778;10,0;24;0;0,0;3;1684,5;561,5;449,0;0;0;0;;644
C02532;1951,76;24;81,32;3508,88;0;0,02317548619502519;293;10/01/2026;0;9;0,3333333333333333;1,1111111111111112;8;0;0,0;3;2811,51;937,1700000000001;78,0;0;0;0;;680
C02533;1476,34;12;123,03;3238,55;0;0,037989223572277714;353;23/01/2026;1;11;0,2727272727272727;1,0909090909090908;8;0;0,0;7;6425,16;917,88;241,0;0;0;0;;788
C02534;2932,86;12;244,4;2651,66;0;0,09216867924243682;203;19/01/2026;0;6;0,5;4,5;24;0;0,0;2;1413,31;706,655;252,0;0;0;0;;539
C02535;2536,8;12;211,4;3145,37;0;0,06720989899439495;83;12/01/2026;0;2;0,0;0,0;0;0;0,0;3;2270,08;756,6933333333333;549,0;0;0;0;;548
C02536;2677,74;12;223,14;5218,96;0;0,04275564480279596;353;20/01/2026;1;11;0,5454545454545454;4,363636363636363;21;0;0,0;2;1239,41;619,705;351,0;1;1;0;165,0;607
C02538;1856,3;12;154,69;3000,41;0;0,051556287307401326;173;15/01/2026;1;5;0,4;5,4;18;0;0,0;1;965,44;965,44;642,0;1;0;0;157,0;706
C02539;2398,59;12;199,88;2700,75;0;0,0740090715541979;353;07/10/2025;1;11;0,7272727272727273;6,454545454545454;20;0;0,0;2;887,1300000000001;443,56500000000005;94,0;1;1;0;18,0;626
C02540;1556,31;18;86,46;5420,17;0;0,015951529195578736;323;08/01/2026;0;10;0,2;3,8;23;1;86,46;5;7992,829999999999;1598,5659999999998;98,0;0;0;0;;762
C02541;1057,02;6;176,17;4254,26;0;0,041410257012970526;173;23/05/2025;1;5;0,0;0,0;0;0;0,0;3;8311,71;2770,5699999999997;442,0;0;0;0;;690
C02542;3444,05;10;344,4;1829,5;0;0,1882481552336704;83;15/01/2026;1;2;1,0;17,5;19;0;0,0;4;3235,4300000000003;808,8575000000001;626,0;0;0;0;;571
C02543;2149,7;6;358,28;1496,37;0;0,23943276061401925;173;30/04/2025;0;5;0,2;3,4;17;0;0,0;2;1372,28;686,14;601,0;1;1;0;49,0;642
C02544;1676,71;10;167,67;2985,37;0;0,056163892582828924;293;05/11/2025;0;9;0,1111111111111111;0,1111111111111111;1;0;0,0;5;5888,32;1177,664;269,0;0;0;0;;946
C02546;1383,81;12;115,32;6187,43;0;0,018637786609303052;353;24/01/2026;0;11;0,2727272727272727;5,0;24;0;0,0;0;0,0;;;2;0;0;21,0;794
C02547;1351,01;10;135,1;5770,17;0;0,023413521612014897;293;30/05/2025;0;9;0,3333333333333333;4,777777777777778;23;1;135,1;0;0,0;;;0;0;0;;720
C02548;2855,48;24;118,98;2110,48;0;0,05637580076570259;563;30/01/2026;0;18;0,5;4,111111111111111;24;0;0,0;0;0,0;;;0;0;0;;562
C02549;1987,68;12;165,64;2764,34;0;0,05992027029960134;323;12/01/2026;0;10;0,6;1,4;5;0;0,0;1;410,72;410,72;867,0;0;0;0;;694
C02550;2717,01;6;452,84;2346,0;0;0,19302642796248934;83;18/01/2026;1;2;0,5;8,0;16;0;0,0;1;1219,38;1219,38;348,0;2;2;0;22,0;537
C02551;4075,1;12;339,59;2043,9;0;0,16614805029600271;353;04/06/2025;0;11;0,5454545454545454;3,272727272727273;21;0;0,0;4;3314,1099999999997;828,5274999999999;55,0;1;1;0;84,0;702
C02552;2102,5;6;350,42;3268,22;0;0,10722044415614618;173;22/05/2025;0;5;0,8;1,4;2;0;0,0;3;2648,1;882,6999999999999;188,0;1;0;0;91,0;646
C02553;4331,66;10;433,17;2631,78;0;0,16459202516927707;293;01/02/2026;1;9;1,0;13,444444444444445;24;0;0,0;1;709,04;709,04;296,0;1;0;0;111,0;507
C02554;3432,85;6;572,14;3049,28;0;0,18763117850771327;173;19/06/2025;1;5;0,6;7,4;19;0;0,0;3;2500,74;833,5799999999999;20,0;0;0;0;;643
C02555;4381,85;24;182,58;3415,32;0;0,05345911949685535;233;03/02/2026;0;7;0,42857142857142855;4,142857142857143;25;0;0,0;2;3008,0899999999997;1504,0449999999998;173,0;1;1;0;178,0;535
C02556;993,3;10;99,33;2661,62;0;0,037319376920822656;143;09/01/2026;0;4;0,0;0,0;0;0;0,0;4;9709,72;2427,43;96,0;0;0;0;;727
C02557;1359,1;10;135,91;3030,59;0;0,044846053078773436;293;20/08/2025;0;9;0,4444444444444444;3,3333333333333335;23;1;135,91;5;4090,58;818,116;25,0;0;0;0;;690
C02558;1964,75;18;109,15;1928,02;0;0,0566124832729951;443;18/01/2026;0;14;0,14285714285714285;1,7142857142857142;23;0;0,0;4;5632,16;1408,04;355,0;1;1;0;91,0;811
C02559;3352,94;18;186,27;5838,59;0;0,03190325061358992;83;05/02/2026;1;2;1,0;14,5;17;0;0,0;6;8621,95;1436,9916666666668;66,0;0;0;0;;646
C02561;1919,37;10;191,94;1814,64;0;0,10577304589340034;263;01/02/2026;0;8;0,375;0,625;3;0;0,0;3;927,1100000000001;309,0366666666667;280,0;0;0;0;;536
C02562;1722,06;12;143,5;2027,93;0;0,07076181130512395;173;03/02/2026;0;5;0,6;7,0;22;0;0,0;4;3197,75;799,4375;93,0;1;0;0;110,0;659
C02563;1012,5;10;101,25;2492,69;0;0,04061876928137875;233;11/01/2026;0;7;0,2857142857142857;0,7142857142857143;3;0;0,0;6;6040,400000000001;1006,7333333333335;64,0;1;0;0;203,0;652
C02564;380,0;18;21,11;1342,46;0;0,015724863310638677;203;13/01/2026;0;6;0,8333333333333334;11,666666666666666;25;0;0,0;0;0,0;;;0;0;0;;693
C02565;749,22;12;62,44;1848,12;0;0,03378568491223514;203;03/02/2026;0;6;0,3333333333333333;3,0;17;0;0,0;5;2472,25;494,45;154,0;0;0;0;;666
C02566;1035,86;24;43,16;2609,13;0;0,016541912438245696;353;27/01/2026;1;11;0,45454545454545453;6,090909090909091;23;0;0,0;1;454,73;454,73;871,0;1;1;0;18,0;772
C02567;1780,3;12;148,36;8611,7;0;0,017227725071704773;83;15/01/2026;1;2;0,0;0,0;0;0;0,0;10;11897,55;1189,7549999999999;13,0;0;0;0;;828
C02568;1600,94;10;160,09;2462,85;0;0,06500192865988591;113;31/01/2026;0;3;0,6666666666666666;5,666666666666667;16;0;0,0;4;3111,78;777,945;58,0;0;0;0;;696
C02569;3877,64;12;323,14;4401,39;0;0,07341771576706449;263;30/01/2026;1;8;0,375;7,25;24;0;0,0;8;5776,7300000000005;722,0912500000001;66,0;2;2;0;35,0;756
C02570;2001,06;12;166,76;2334,78;0;0,07142428836978215;173;08/01/2026;0;5;0,4;4,2;20;0;0,0;3;5350,71;1783,57;423,0;0;0;0;;696
C02571;737,4;18;40,97;3262,94;0;0,012556161008170546;233;18/01/2026;0;7;0,2857142857142857;2,7142857142857144;10;0;0,0;0;0,0;;;3;3;0;103,0;519
C02572;1831,81;10;183,18;1769,92;0;0,10349620321822456;293;23/09/2025;0;9;0,6666666666666666;8,0;22;0;0,0;1;2020,66;2020,66;341,0;1;0;0;250,0;621
C02573;1316,09;18;73,12;3623,83;0;0,02017754695998433;533;02/12/2025;1;17;0,7058823529411765;6,411764705882353;26;0;0,0;1;689,51;689,51;11,0;1;1;0;119,0;583
C02574;6069,49;12;505,79;2718,81;0;0,18603359558041938;353;13/06/2025;1;11;0,7272727272727273;9,727272727272727;22;0;0,0;2;1546,15;773,075;550,0;3;2;0;26,0;662
C02575;1995,94;10;199,59;2829,25;0;0,07054519749050102;293;05/02/2026;0;9;0,2222222222222222;0,3333333333333333;2;0;0,0;3;4050,69;1350,23;89,0;1;0;0;58,0;928
C02577;832,56;6;138,76;2492,75;0;0,055665429746264164;173;26/08/2025;0;5;0,4;1,4;5;0;0,0;2;897,34;448,67;56,0;1;1;0;3,0;845
C02578;2266,39;12;188,87;2532,95;0;0,0745652302651059;353;30/08/2025;1;11;0,5454545454545454;3,5454545454545454;14;0;0,0;1;582,84;582,84;471,0;0;0;0;;657
C02579;824,26;6;137,38;1648,28;0;0,08334748950421045;173;19/12/2024;0;5;0,0;0,0;0;0;0,0;1;1049,6;1049,6;203,0;1;1;0;93,0;649
C02580;1358,41;10;135,84;2321,44;0;0,05851540423185609;293;19/12/2025;0;9;0,3333333333333333;2,5555555555555554;20;0;0,0;6;6292,79;1048,7983333333334;5,0;0;0;0;;544
C02581;2492,63;24;103,86;3257,72;0;0,03188119298159449;383;16/01/2026;0;12;0,25;0,5833333333333334;5;0;0,0;1;671,15;671,15;46,0;0;0;0;;811
C02582;3477,43;6;579,57;2772,82;0;0,20901825578292135;173;09/11/2025;0;5;0,6;2,8;10;0;0,0;2;1606,36;803,18;228,0;1;0;0;78,0;730
C02583;1420,31;12;118,36;1883,03;0;0,0628561414316288;353;06/11/2025;0;11;0,18181818181818182;2,090909090909091;21;0;0,0;4;3947,79;986,9475;4,0;0;0;0;;790
C02584;1610,19;24;67,09;3515,28;0;0,019085250677044217;173;19/01/2026;0;5;0,2;1,4;7;0;0,0;1;141,35;141,35;1046,0;1;0;0;146,0;751
C02585;2315,01;12;192,92;2650,43;0;0,07278818908629921;353;29/07/2025;1;11;0,6363636363636364;9,090909090909092;25;0;0,0;3;5717,469999999999;1905,823333333333;421,0;2;2;0;114,0;643
C02586;2184,32;18;121,35;3773,35;0;0,03215975194455855;113;16/01/2026;0;3;0,3333333333333333;0,3333333333333333;1;0;0,0;0;0,0;;;0;0;0;;760
C02587;7023,34;24;292,64;3694,55;0;0,07920856396584157;173;10/01/2026;1;5;0,8;17,6;24;1;292,64;2;2646,04;1323,02;916,0;0;0;0;;741
C02588;505,16;6;84,19;2839,76;0;0,02964687156661126;143;15/01/2026;0;4;0,25;0,5;2;0;0,0;2;1874,14;937,07;70,0;0;0;0;;573
C02589;3618,79;24;150,78;3331,09;0;0,04526446298358795;83;26/01/2026;0;2;0,5;11,0;22;0;0,0;1;1400,73;1400,73;761,0;0;0;0;;698
C02590;1068,43;12;89,04;5768,52;0;0,015435501653803748;83;25/01/2026;0;2;1,0;8,5;14;0;0,0;1;985,83;985,83;1038,0;0;0;0;;682
C02591;1501,86;12;125,15;4416,8;0;0,028334993660568738;353;01/02/2026;1;11;0,45454545454545453;3,1818181818181817;18;0;0,0;2;2097,77;1048,885;77,0;1;0;0;244,0;714
C02592;2100,42;18;116,69;3124,12;0;0,037351318131185744;233;03/02/2026;0;7;0,14285714285714285;0,2857142857142857;2;0;0,0;0;0,0;;;1;0;0;61,0;776
C02593;1188,35;24;49,51;3836,46;0;0,012905126079771454;443;12/01/2026;0;14;0,14285714285714285;0,21428571428571427;2;0;0,0;0;0,0;;;0;0;0;;654
C02594;951,09;6;158,52;2574,08;0;0,06158316757831925;173;13/03/2025;0;5;0,0;0,0;0;0;0,0;1;849,31;849,31;534,0;0;0;0;;621
C02595;1765,95;12;147,16;2000,8;0;0,07355057976809276;83;03/02/2026;0;2;0,5;3,0;6;0;0,0;1;884,04;884,04;581,0;0;0;0;;581
C02596;1173,23;18;65,18;2531,64;0;0,025746156641544615;293;31/01/2026;0;9;0,2222222222222222;2,6666666666666665;23;1;65,18;2;4684,7;2342,35;244,0;1;0;0;150,0;683
C02597;6008,74;6;1001,46;4003,31;0;0,25015799425975005;173;23/12/2024;1;5;0,2;3,2;16;0;0,0;1;1284,94;1284,94;70,0;1;1;0;155,0;611
C02598;3231,62;10;323,16;2003,14;0;0,16132671705422488;293;02/10/2025;1;9;0,5555555555555556;6,555555555555555;15;0;0,0;3;2995,88;998,6266666666667;56,0;1;0;0;141,0;635
C02599;1668,18;6;278,03;3466,63;0;0,0802018098268347;173;23/01/2026;0;5;0,4;3,6;17;0;0,0;0;0,0;;;0;0;0;;583
C02600;2591,37;10;259,14;3677,83;0;0,07046002670052721;293;09/12/2025;0;9;0,5555555555555556;9,444444444444445;25;0;0,0;5;4792,08;958,4159999999999;152,0;0;0;0;;645
C02601;3264,23;6;544,04;2420,56;0;0,22475790726112965;173;16/12/2025;1;5;0,6;5,2;20;0;0,0;3;1991,0700000000002;663,69;119,0;1;1;0;32,0;540
C02602;753,21;18;41,84;2222,26;0;0,018827679929441198;203;01/02/2026;0;6;0,3333333333333333;1,6666666666666667;8;0;0,0;2;1721,13;860,565;331,0;0;0;0;;663
C02603;3175,4;18;176,41;3230,06;0;0,05461508454951301;263;27/01/2026;0;8;0,375;2,125;15;0;0,0;3;2302,35;767,4499999999999;82,0;1;1;0;66,0;655
C02604;2512,76;10;251,28;2497,02;0;0,10063195328831968;293;09/01/2026;1;9;0,3333333333333333;1,3333333333333333;7;0;0,0;4;3565,07;891,2675;204,0;1;1;0;66,0;615
C02605;1682,2;24;70,09;2411,58;0;0,0290639331890296;83;21/01/2026;1;2;0,0;0,0;0;0;0,0;1;1036,87;1036,87;1091,0;1;1;0;35,0;898
C02606;1484,03;10;148,4;2025,12;0;0,07327960812198785;233;19/01/2026;1;7;0,5714285714285714;5,571428571428571;18;0;0,0;3;2544,7;848,2333333333332;661,0;0;0;0;;756
C02607;1245,29;6;207,55;2801,41;0;0,07408769155532394;173;07/09/2025;0;5;0,4;4,6;14;0;0,0;4;7040,679999999999;1760,1699999999998;26,0;1;1;0;98,0;516
C02608;2081,1;18;115,62;2037,29;0;0,05675186154155766;203;14/01/2026;1;6;0,8333333333333334;12,166666666666666;23;1;115,62;1;1419,85;1419,85;744,0;0;0;0;;650
C02609;1573,55;6;262,26;6638,36;0;0,03950674564199592;173;26/04/2025;0;5;0,8;2,2;4;0;0,0;1;143,29;143,29;434,0;0;0;0;;707
C02610;1891,62;6;315,27;1829,41;0;0,17233424984011236;173;05/08/2025;1;5;0,4;4,0;17;0;0,0;2;1075,39;537,695;71,0;1;1;0;36,0;542
C02611;2502,29;10;250,23;1403,97;0;0,1782303040663262;293;28/01/2026;0;9;0,5555555555555556;5,888888888888889;23;0;0,0;7;5318,13;759,7328571428571;142,0;3;3;0;84,0;603
C02612;2934,6;12;244,55;3154,96;0;0,07751286862590968;323;04/02/2026;1;10;0,8;13,5;25;0;0,0;6;5794,91;965,8183333333333;123,0;0;0;0;;586
C02613;3913,78;12;326,15;1683,74;0;0,19370567902407734;353;16/10/2025;1;11;0,5454545454545454;6,818181818181818;22;0;0,0;1;366,27;366,27;870,0;1;0;0;115,0;454
C02614;2358,96;18;131,05;2677,7;0;0,04894125555514061;533;29/01/2026;0;17;0,47058823529411764;5,647058823529412;24;0;0,0;3;1394,9299999999998;464,97666666666663;133,0;2;1;0;82,0;680
C02615;1227,45;6;204,58;3105,2;0;0,0658830349091846;173;26/11/2025;1;5;0,8;8,6;24;0;0,0;0;0,0;;;0;0;0;;734
C02616;2156,5;12;179,71;3311,09;0;0,0542751782645594;353;29/11/2025;1;11;0,5454545454545454;9,818181818181818;25;1;179,71;0;0,0;;;2;1;0;100,0;617
C02617;1257,78;12;104,82;2333,01;0;0,04492908303007702;293;21/01/2026;0;9;0,4444444444444444;4,777777777777778;23;0;0,0;1;1311,15;1311,15;483,0;1;1;0;115,0;708
C02618;4831,09;10;483,11;2552,94;0;0,18923672315056367;293;10/05/2025;0;9;0,4444444444444444;1,2222222222222223;4;0;0,0;6;6782,400000000001;1130,4;73,0;0;0;0;;646
C02619;924,94;12;77,08;3053,24;0;0,025245313175511916;173;11/01/2026;1;5;1,0;14,4;25;0;0,0;2;3153,94;1576,97;95,0;0;0;0;;555
C02620;2341,36;18;130,08;1814,82;0;0,07167652990379213;443;21/01/2026;1;14;0,5714285714285714;6,857142857142857;26;0;0,0;3;1715,28;571,76;52,0;0;0;0;;690
C02621;3054,56;18;169,7;3031,75;0;0,05597427228498392;143;05/02/2026;0;4;0,5;4,25;16;0;0,0;1;833,62;833,62;202,0;0;0;0;;676
C02622;657,69;10;65,77;2781,44;0;0,023646025080533824;293;15/12/2025;1;9;0,5555555555555556;7,333333333333333;18;0;0,0;3;2911,2999999999997;970,4333333333333;198,0;0;0;0;;696
C02623;1569,5;10;156,95;2349,6;0;0,06679860401770514;143;10/01/2026;0;4;0,75;6,75;23;0;0,0;4;2469,17;617,2925;106,0;1;1;0;12,0;687
C02624;1386,46;6;231,08;3490,86;0;0,06619572254401494;173;23/03/2025;1;5;0,2;2,6;13;0;0,0;2;2222,68;1111,34;399,0;1;1;0;13,0;682
C02625;1095,93;24;45,66;2762,95;0;0,016525814799399192;413;26/01/2026;1;13;0,46153846153846156;3,4615384615384617;15;0;0,0;2;1597,35;798,675;108,0;1;1;0;86,0;642
C02626;1898,17;12;158,18;1142,78;0;0,13841684313691174;83;23/01/2026;0;2;0,0;0,0;0;0;0,0;1;814,13;814,13;883,0;0;0;0;;666
C02627;3617,08;6;602,85;2891,09;0;0,2085199699767216;173;29/01/2026;0;5;0,4;0,6;2;0;0,0;11;5350,73;486,42999999999995;70,0;0;0;0;;890
C02628;1920,17;18;106,68;3388,39;0;0,03148397911692574;143;08/01/2026;1;4;0,5;1,0;2;0;0,0;3;1379,38;459,79333333333335;328,0;0;0;0;;510
C02629;544,2;12;45,35;9708,18;0;0,004671318413956066;353;17/10/2025;0;11;0,09090909090909091;0,09090909090909091;1;0;0,0;4;6428,47;1607,1175;93,0;2;1;0;48,0;728
C02630;1326,01;10;132,6;1751,01;0;0,07572772285709391;293;13/06/2025;0;9;0,3333333333333333;3,5555555555555554;22;0;0,0;3;2013,6200000000001;671,2066666666667;432,0;0;0;0;;668
C02631;757,4;12;63,12;2237,47;0;0,028210434106379082;263;19/01/2026;0;8;1,0;6,875;24;0;0,0;1;343,37;343,37;134,0;3;2;0;68,0;666
C02632;500,51;18;27,81;1639,96;0;0,01695773067635796;203;22/01/2026;0;6;0,16666666666666666;0,3333333333333333;2;0;0,0;8;7944,74;993,0925;111,0;0;0;0;;816
C02633;5457,95;6;909,66;1097,87;0;0,828568045396996;173;13/01/2025;1;5;1,0;14,0;26;0;0,0;3;2391,98;797,3266666666667;53,0;0;0;0;;202
C02634;1716,59;10;171,66;3981,24;0;0,04311721976067758;293;23/07/2025;0;9;0,4444444444444444;4,666666666666667;19;0;0,0;2;1136,75;568,375;416,0;0;0;0;;646
C02636;1210,0;18;67,22;2112,72;0;0,031816804877125224;443;16/01/2026;0;14;0,21428571428571427;2,2857142857142856;25;0;0,0;3;2999,3900000000003;999,7966666666667;246,0;2;2;0;109,0;653
C02638;1485,1;18;82,51;2971,96;0;0,027762823187391487;383;04/02/2026;0;12;0,4166666666666667;3,5833333333333335;20;0;0,0;2;3025,5200000000004;1512,7600000000002;314,0;1;1;0;182,0;686
C02640;2325,67;10;232,57;2440,67;0;0,09528940823626299;293;02/02/2026;0;9;0,5555555555555556;2,888888888888889;20;0;0,0;1;492,91;492,91;121,0;0;0;0;;857
C02641;2864,08;10;286,41;3201,66;0;0,0894567193268492;293;26/10/2025;0;9;0,2222222222222222;0,4444444444444444;2;0;0,0;3;1193,33;397,77666666666664;126,0;0;0;0;;784
C02643;1498,2;12;124,85;2708,21;0;0,046100560887080394;353;14/10/2025;0;11;0,18181818181818182;2,1818181818181817;22;0;0,0;2;2681,26;1340,63;43,0;1;0;0;283,0;727
C02644;2554,72;6;425,79;2825,33;0;0,15070451947206168;113;08/01/2026;0;3;0,6666666666666666;7,0;19;0;0,0;2;1480,61;740,305;469,0;1;0;0;8,0;653
C02647;2116,62;12;176,38;2994,67;0;0,05889797540296594;353;06/02/2026;1;11;0,36363636363636365;2,272727272727273;11;0;0,0;1;1305,51;1305,51;857,0;1;1;0;8,0;610
C02648;832,41;6;138,73;1919,53;0;0,07227290013701271;173;04/02/2026;0;5;0,2;0,2;1;0;0,0;1;1009,22;1009,22;882,0;0;0;0;;679
C02649;1164,83;12;97,07;1772,48;0;0,054765074923271345;143;08/01/2026;1;4;0,25;2,5;10;0;0,0;0;0,0;;;2;1;0;37,0;615
C02650;1270,04;24;52,92;1834,89;0;0,02884096594346255;263;08/01/2026;0;8;0,25;1,5;11;0;0,0;5;7863,820000000001;1572,7640000000001;2,0;1;1;0;32,0;854
C02651;3891,17;24;162,13;2913,7;0;0,05564402649552116;173;31/01/2026;0;5;0,4;0,6;2;0;0,0;7;9304,08;1329,1542857142856;8,0;1;1;0;90,0;847
C02652;754,02;12;62,84;2909,73;0;0,021596505517694084;203;24/01/2026;0;6;0,3333333333333333;5,333333333333333;24;0;0,0;2;603,15;301,575;121,0;0;0;0;;791
C02654;2447,38;24;101,97;1871,79;0;0,05447726507781322;503;13/01/2026;0;16;0,25;1,0;12;0;0,0;2;1361,67;680,835;457,0;1;0;0;167,0;798
C02655;4641,14;24;193,38;3212,81;0;0,0601903007025003;293;24/01/2026;1;9;0,8888888888888888;13,333333333333334;25;0;0,0;0;0,0;;;1;1;0;72,0;509
C02656;6146,31;18;341,46;3194,61;0;0,1068862865889733;383;02/02/2026;0;12;0,16666666666666666;0,16666666666666666;1;0;0,0;4;5422,15;1355,5375;135,0;1;0;0;141,0;773
C02657;2256,12;24;94,0;1256,49;0;0,07481157828554147;173;19/01/2026;0;5;1,0;20,2;26;0;0,0;6;8464,4;1410,7333333333333;38,0;2;2;0;44,0;552
C02658;4186,66;12;348,89;1645,27;0;0,21205637980392275;173;02/02/2026;0;5;1,0;9,6;23;0;0,0;3;2369,5499999999997;789,8499999999999;103,0;1;1;0;102,0;528
C02659;1442,27;18;80,13;2987,05;0;0,026825798028154865;323;28/01/2026;1;10;0,8;11,8;24;0;0,0;1;645,25;645,25;421,0;2;1;0;96,0;624
C02660;1895,59;10;189,56;2152,96;0;0,08804622473246136;83;19/01/2026;1;2;0,5;0,5;1;0;0,0;1;434,65;434,65;1064,0;0;0;0;;682
C02661;1495,95;12;124,66;2453,77;0;0,05080345753676995;353;13/08/2025;0;11;0,36363636363636365;2,909090909090909;18;0;0,0;1;141,35;141,35;887,0;1;0;0;205,0;669
C02663;1677,36;12;139,78;4541,89;0;0,03077573433086226;323;19/01/2026;0;10;0,4;5,0;21;0;0,0;0;0,0;;;2;2;0;17,0;798
C02664;3050,58;18;169,48;2426,3;0;0,06985121378230226;173;17/01/2026;0;5;0,0;0,0;0;0;0,0;6;7924,86;1320,81;214,0;2;1;0;17,0;699
C02665;1293,43;18;71,86;4912,16;0;0,014629002312628253;203;09/01/2026;1;6;0,6666666666666666;3,5;13;0;0,0;2;1028,6999999999998;514,3499999999999;43,0;0;0;0;;701
C02666;1787,55;24;74,48;2086,79;0;0,03569118119216596;563;08/01/2026;0;18;0,2777777777777778;1,5555555555555556;20;0;0,0;3;2039,06;679,6866666666666;258,0;0;0;0;;614
C02667;1513,04;18;84,06;7539,77;0;0,011148881199293878;473;26/01/2026;0;15;0,6;6,133333333333334;25;1;84,06;1;1159,62;1159,62;729,0;1;1;0;201,0;594
C02668;1978,41;12;164,87;5289,08;0;0,03117177278468089;173;04/02/2026;0;5;0,6;6,6;20;0;0,0;2;1748,6200000000001;874,3100000000001;90,0;1;1;0;149,0;694
C02669;704,27;18;39,13;4616,59;0;0,00847595303026693;323;29/01/2026;0;10;0,1;0,1;1;0;0,0;1;174,93;174,93;737,0;2;0;0;3,0;881
C02671;1341,34;10;134,13;2004,01;0;0,0669308037385043;293;11/08/2025;1;9;0,4444444444444444;3,6666666666666665;24;0;0,0;3;4509,7;1503,2333333333333;3,0;0;0;0;;721
C02672;13951,26;6;2325,21;3607,23;0;0,6445971008225148;173;07/12/2025;1;5;1,0;11,6;18;0;0,0;0;0,0;;;3;2;0;1,0;497
C02673;1230,56;12;102,55;1413,9;0;0,07252988188697927;353;28/07/2025;0;11;0,36363636363636365;0,45454545454545453;2;0;0,0;7;5632,110000000001;804,5871428571429;255,0;0;0;0;;783
C02674;1201,64;12;100,14;3369,05;0;0,029723512562888646;263;23/01/2026;0;8;0,75;1,25;3;0;0,0;3;2667,67;889,2233333333334;208,0;1;0;0;46,0;929
C02675;2729,44;6;454,91;2639,11;0;0,17237250436700252;173;24/04/2025;1;5;0,4;5,8;17;0;0,0;0;0,0;;;1;1;0;89,0;641
C02676;1171,46;24;48,81;1946,74;0;0,025072685618007542;263;21/01/2026;0;8;0,375;2,625;19;0;0,0;4;5414,719999999999;1353,6799999999998;130,0;0;0;0;;677
C02677;3367,14;10;336,71;2652,57;0;0,12693727215492898;293;02/02/2026;1;9;0,8888888888888888;12,0;23;1;336,71;3;3577,59;1192,53;67,0;2;1;0;203,0;619
C02678;2677,87;10;267,79;3056,87;0;0,08760267855682448;263;04/02/2026;1;8;0,5;5,5;19;0;0,0;4;3470,7599999999998;867,6899999999999;50,0;3;3;0;98,0;586
C02680;1434,47;12;119,54;5754,11;0;0,020774715811828416;353;11/06/2025;0;11;0,2727272727272727;0,45454545454545453;2;0;0,0;7;6211,46;887,3514285714285;108,0;0;0;0;;740
C02681;2545,34;18;141,41;2650,23;0;0,05335763311108847;263;21/01/2026;0;8;0,5;4,25;19;0;0,0;0;0,0;;;2;1;0;97,0;563
C02682;3419,55;6;569,93;3118,89;0;0,18273488324371812;143;15/01/2026;0;4;0,0;0,0;0;0;0,0;3;908,47;302,8233333333333;167,0;0;0;0;;748
C02683;3916,63;18;217,59;1964,18;0;0,1107790528362981;443;17/01/2026;1;14;0,5;7,428571428571429;26;0;0,0;4;3850,4399999999996;962,6099999999999;104,0;0;0;0;;761
C02684;3278,35;18;182,13;1467,16;0;0,12413779001608549;113;13/01/2026;1;3;0,3333333333333333;3,6666666666666665;11;0;0,0;1;2881,92;2881,92;577,0;0;0;0;;733
C02685;838,99;18;46,61;5319,73;0;0,008761722869393748;173;23/01/2026;1;5;0,4;5,0;14;0;0,0;3;2902,17;967,39;76,0;3;2;0;132,0;708
C02686;2114,9;18;117,49;4086,44;0;0,028751186852125566;533;29/01/2026;1;17;0,4117647058823529;4,176470588235294;25;0;0,0;0;0,0;;;0;0;0;;708
C02687;2754,8;10;275,48;2679,58;0;0,10280715634539742;233;20/01/2026;0;7;0,7142857142857143;10,0;25;0;0,0;0;0,0;;;0;0;0;;782
C02688;2015,03;12;167,92;3312,54;0;0,05069221805623479;323;01/02/2026;0;10;0,4;1,5;7;0;0,0;3;1757,31;585,77;287,0;1;1;0;160,0;739
C02689;2297,0;12;191,42;1888,73;0;0,10134852519947266;113;12/01/2026;0;3;0,0;0,0;0;0;0,0;1;1407,11;1407,11;875,0;0;0;0;;787
C02690;4235,23;12;352,94;1965,86;0;0,17953465658795642;113;28/01/2026;1;3;0,6666666666666666;6,666666666666667;18;0;0,0;1;1754,08;1754,08;834,0;1;0;0;57,0;509
C02691;1214,89;12;101,24;3304,42;0;0,03063775185963043;353;04/02/2026;0;11;0,18181818181818182;0,8181818181818182;5;0;0,0;2;939,8;469,9;196,0;0;0;0;;799
C02693;2848,45;18;158,25;6999,41;0;0,022609048476943058;203;04/02/2026;0;6;0,5;1,0;2;0;0,0;2;3528,6800000000003;1764,3400000000001;50,0;0;0;0;;679
C02695;1576,35;12;131,36;2910,59;0;0,04513174304866024;353;21/11/2025;0;11;0,45454545454545453;0,7272727272727273;2;0;0,0;6;3330,02;555,0033333333333;44,0;1;0;0;285,0;684
C02696;1479,64;10;147,96;1351,03;0;0,10951644301014782;263;04/02/2026;1;8;0,5;2,75;17;0;0,0;0;0,0;;;0;0;0;;779
C02697;2157,52;24;89,9;3278,24;0;0,027423251500805313;383;13/01/2026;0;12;0,16666666666666666;0,25;2;0;0,0;5;2393,95;478,78999999999996;86,0;0;0;0;;713
C02698;836,92;12;69,74;5085,44;0;0,013713660961490058;173;29/01/2026;0;5;0,6;5,8;20;0;0,0;1;690,47;690,47;252,0;1;0;0;2,0;742
C02699;1862,48;18;103,47;1710,0;0;0,06050877192982456;383;12/01/2026;1;12;0,4166666666666667;2,1666666666666665;16;0;0,0;4;3990,55;997,6375;488,0;2;2;0;111,0;552
C02700;3942,1;10;394,21;2817,03;0;0,13993816182291277;293;29/01/2026;0;9;0,2222222222222222;0,7777777777777778;6;0;0,0;6;8297,66;1382,9433333333334;561,0;1;1;0;156,0;687
C02701;5341,12;12;445,09;2350,31;0;0,18937501861456574;143;19/01/2026;0;4;0,25;0,5;2;0;0,0;5;3641,95;728,39;354,0;2;0;0;9,0;624
C02702;4086,45;10;408,64;2990,67;0;0,13663827837909231;233;17/01/2026;0;7;0,7142857142857143;5,571428571428571;19;0;0,0;7;5632,110000000001;804,5871428571429;428,0;1;1;0;181,0;795
C02703;1469,94;24;61,25;4870,87;0;0,012574755639136336;443;06/02/2026;0;14;0,35714285714285715;4,214285714285714;22;0;0,0;1;695,9;695,9;785,0;1;0;0;35,0;568
C02704;8047,53;12;670,63;4828,24;0;0,13889740360876843;353;08/09/2025;1;11;0,36363636363636365;3,090909090909091;19;0;0,0;0;0,0;;;1;0;0;37,0;687
C02705;1220,4;12;101,7;1986,05;0;0,05120717001082551;353;27/12/2025;0;11;0,36363636363636365;1,2727272727272727;7;0;0,0;7;6211,46;887,3514285714285;307,0;0;0;0;;645
C02706;3869,74;18;214,99;2551,73;0;0,08425264428446584;533;23/01/2026;1;17;0,7647058823529411;9,823529411764707;25;0;0,0;0;0,0;;;1;1;0;193,0;728
C02707;787,14;6;131,19;2551,4;0;0,051418828878262914;113;29/01/2026;0;3;0,3333333333333333;0,3333333333333333;1;0;0,0;6;6236,97;1039,4950000000001;171,0;0;0;0;;766
C02708;951,67;12;79,31;2174,23;0;0,03647728161234092;353;06/06/2025;0;11;0,5454545454545454;3,909090909090909;23;0;0,0;1;496,69;496,69;233,0;0;0;0;;799
C02709;3970,78;12;330,9;3444,89;0;0,09605531671548292;353;12/12/2025;1;11;0,9090909090909091;12,818181818181818;21;0;0,0;3;959,67;319,89;760,0;2;1;0;10,0;637
C02711;926,8;12;77,23;2091,24;0;0,03693024234425509;293;19/01/2026;1;9;0,2222222222222222;0,7777777777777778;5;0;0,0;1;328,38;328,38;861,0;2;2;0;33,0;634
C02713;3216,17;12;268,01;2545,42;0;0,10529107180740309;113;21/01/2026;1;3;0,6666666666666666;12,0;18;0;0,0;3;1991,0700000000002;663,69;155,0;2;2;0;13,0;601
C02714;1111,31;18;61,74;3853,45;0;0,016022006254135905;473;06/02/2026;0;15;0,26666666666666666;4,533333333333333;26;0;0,0;1;311,67;311,67;243,0;2;0;0;237,0;743
C02715;840,54;12;70,04;3947,73;0;0,01774184151398399;353;28/08/2025;1;11;0,36363636363636365;1,0909090909090908;6;0;0,0;0;0,0;;;1;1;0;132,0;682
C02716;1340,38;6;223,4;2430,43;0;0,09191789107277314;173;20/01/2026;0;5;0,8;6,4;24;0;0,0;2;1393,4099999999999;696,7049999999999;125,0;0;0;0;;713
C02717;2293,94;6;382,32;2147,26;0;0,1780501662583944;173;12/03/2025;1;5;0,8;7,2;24;0;0,0;0;0,0;;;3;3;0;64,0;742
C02718;1767,56;12;147,3;2671,88;0;0,05512972139467342;293;29/01/2026;1;9;0,7777777777777778;12,777777777777779;23;0;0,0;5;6340,54;1268,108;46,0;2;1;0;46,0;670
C02719;1199,55;12;99,96;2040,98;0;0,04897647208693862;263;09/01/2026;1;8;1,0;11,875;19;0;0,0;1;1219,38;1219,38;339,0;1;0;0;238,0;585
C02720;2858,88;10;285,89;2977,92;0;0,09600325059101654;293;16/06/2025;0;9;0,1111111111111111;1,5555555555555556;14;0;0,0;4;2194,34;548,585;194,0;1;1;0;89,0;562
C02721;1037,94;10;103,79;1952,71;0;0,053151773688873416;293;04/07/2025;0;9;0,2222222222222222;2,6666666666666665;22;0;0,0;2;3458,2;1729,1;74,0;0;0;0;;726
C02722;1997,49;10;199,75;4268,92;0;0,04679169438640218;293;28/11/2025;0;9;0,4444444444444444;4,222222222222222;23;0;0,0;2;1874,14;937,07;22,0;1;0;0;94,0;725
C02723;1125,02;12;93,75;2175,31;0;0,043097305671375576;323;10/01/2026;1;10;0,1;0,1;1;0;0,0;8;7857,07;982,13375;83,0;0;0;0;;708
C02724;3732,88;10;373,29;6682,0;0;0,05586501047590542;293;10/07/2025;0;9;0,3333333333333333;7,777777777777778;25;0;0,0;5;3654,15;730,83;87,0;0;0;0;;677
C02725;1663,11;24;69,3;2613,22;0;0,02651900720184294;383;13/01/2026;0;12;0,25;1,0;9;0;0,0;5;4623,94;924,7879999999999;322,0;1;0;0;264,0;809
C02726;1595,3;18;88,63;2738,07;0;0,03236951575379738;443;22/01/2026;1;14;0,5714285714285714;7,428571428571429;25;0;0,0;2;2986,74;1493,37;460,0;1;1;0;35,0;453
C02727;2532,24;12;211,02;996,04;0;0,21185896148749048;293;23/01/2026;1;9;0,6666666666666666;12,222222222222221;23;0;0,0;1;477,31;477,31;676,0;3;1;0;43,0;578
C02728;2168,89;6;361,48;2178,98;0;0,16589413395258332;83;06/02/2026;0;2;0,5;10,0;20;0;0,0;2;1975,73;987,865;188,0;0;0;0;;666
C02729;4636,37;6;772,73;3381,53;0;0,22851490301727323;173;20/07/2025;1;5;0,6;3,2;7;0;0,0;4;3711,46;927,865;79,0;0;0;0;;476
C02730;1567,42;24;65,31;4131,84;0;0,01580651719330855;533;12/01/2026;0;17;0,17647058823529413;1,1764705882352942;17;0;0,0;2;2049,06;1024,53;749,0;0;0;0;;1000
C02732;1927,8;24;80,32;2776,58;0;0,028927673612861863;473;21/01/2026;1;15;0,8;11,266666666666667;25;0;0,0;2;4740,62;2370,31;482,0;0;0;0;;515
C02733;1538,16;6;256,36;1751,75;0;0,14634508348794065;173;17/11/2025;0;5;0,2;0,4;2;0;0,0;1;516,64;516,64;168,0;1;1;0;158,0;796
C02734;1056,48;6;176,08;1175,46;0;0,1497966753441206;173;15/01/2026;0;5;0,4;7,8;21;0;0,0;3;3423,7999999999997;1141,2666666666667;446,0;1;0;0;65,0;651
C02735;724,74;12;60,4;2976,62;0;0,020291471534828093;353;14/08/2025;0;11;0,6363636363636364;3,3636363636363638;16;0;0,0;3;3423,7999999999997;1141,2666666666667;292,0;2;1;0;77,0;761
C02736;3035,5;12;252,96;3856,34;0;0,06559587588231328;83;18/01/2026;1;2;1,0;9,5;13;0;0,0;6;6119,32;1019,8866666666667;123,0;0;0;0;;659
C02737;2150,6;6;358,43;3109,77;0;0,11525932786025976;113;04/02/2026;0;3;0,6666666666666666;6,666666666666667;19;0;0,0;1;905,27;905,27;485,0;0;0;0;;646
C02738;1148,45;6;191,41;2441,93;0;0,0783847202827272;173;08/04/2025;1;5;0,8;9,6;21;0;0,0;0;0,0;;;1;1;0;15,0;630
C02739;1308,26;12;109,02;2358,6;0;0,04622233528364284;353;17/11/2025;0;11;0,5454545454545454;6,2727272727272725;23;0;0,0;0;0,0;;;2;0;0;23,0;623
C02740;7446,7;18;413,71;5320,74;0;0,07775422215706838;203;06/02/2026;1;6;0,3333333333333333;0,5;2;0;0,0;3;1531,28;510,4266666666667;217,0;0;0;0;;627
C02741;1747,45;6;291,24;2324,48;0;0,12529253854625552;173;29/03/2025;0;5;0,0;0,0;0;0;0,0;6;2813,84;468,97333333333336;94,0;0;0;0;;677
C02742;2449,29;12;204,11;6162,69;0;0,03312027702188493;353;22/06/2025;0;11;0,36363636363636365;0,5454545454545454;2;0;0,0;4;4544,8;1136,2;164,0;1;0;0;102,0;788
C02743;1164,58;6;194,1;2756,84;0;0,07040669752325125;173;21/12/2024;1;5;0,4;0,4;1;0;0,0;1;143,35;143,35;309,0;0;0;0;;668
C02744;2041,37;18;113,41;2865,65;0;0,03957566346204177;533;21/01/2026;0;17;0,23529411764705882;0,47058823529411764;4;0;0,0;2;2475,58;1237,79;249,0;1;1;0;152,0;744
C02745;1874,21;12;156,18;2539,18;0;0,06150804590458338;83;18/01/2026;0;2;0,5;1,0;2;0;0,0;5;4090,58;818,116;176,0;0;0;0;;609
C02746;1633,56;10;163,36;4422,53;0;0,03693813269779968;203;08/01/2026;0;6;0,6666666666666666;6,0;22;0;0,0;3;2406,5699999999997;802,1899999999999;125,0;0;0;0;;785
C02747;1543,28;12;128,61;3435,45;0;0,037436143736628395;233;21/01/2026;0;7;0,42857142857142855;0,7142857142857143;2;0;0,0;3;3061,39;1020,4633333333333;125,0;0;0;0;;692
C02748;2133,15;18;118,51;2899,4;0;0,04087397392563979;143;15/01/2026;0;4;0,25;0,25;1;0;0,0;2;3055,3900000000003;1527,6950000000002;503,0;0;0;0;;768
C02749;2038,63;24;84,94;1541,14;0;0,05511504470716482;83;19/01/2026;0;2;0,0;0,0;0;0;0,0;1;268,96;268,96;381,0;0;0;0;;910
C02750;5166,29;6;861,05;2291,83;0;0,3757041316328;173;04/09/2025;1;5;0,8;6,8;14;0;0,0;2;2491,6;1245,8;511,0;1;1;0;27,0;533
C02751;1944,52;10;194,45;4207,36;0;0,04621662990568908;293;24/11/2025;0;9;0,2222222222222222;0,4444444444444444;2;0;0,0;5;2867,55;573,51;145,0;0;0;0;;690
C02752;879,62;12;73,3;3613,69;0;0,02028397565922921;353;21/11/2025;0;11;0,09090909090909091;0,09090909090909091;1;0;0,0;2;785,9100000000001;392,95500000000004;124,0;0;0;0;;697
C02753;2608,81;6;434,8;4876,63;0;0,08915993216627056;173;16/06/2025;0;5;0,4;4,4;21;0;0,0;3;1903,01;634,3366666666667;133,0;0;0;0;;616
C02754;3891,75;24;162,16;1465,17;0;0,11067657677948634;263;09/01/2026;1;8;0,875;15,75;26;0;0,0;3;2056,3;685,4333333333334;110,0;0;0;0;;428
C02755;1200,23;24;50,01;3091,79;0;0,01617509597999864;443;27/01/2026;1;14;0,21428571428571427;1,0;8;0;0,0;1;726,08;726,08;116,0;0;0;0;;663
C02756;797,5;10;79,75;3844,4;0;0,020744459473519924;293;25/05/2025;0;9;0,4444444444444444;0,6666666666666666;2;0;0,0;1;348,69;348,69;169,0;0;0;0;;822
C02757;1520,54;18;84,47;3115,59;0;0,027112039774167974;473;17/01/2026;1;15;0,3333333333333333;1,0666666666666667;10;0;0,0;6;4410,19;735,0316666666666;156,0;0;0;0;;743
C02758;5203,82;10;520,38;1937,68;0;0,26855827587630565;203;19/01/2026;1;6;1,0;13,833333333333334;18;0;0,0;2;3600,2700000000004;1800,1350000000002;176,0;2;2;0;94,0;581
C02760;5927,16;18;329,29;2428,15;0;0,13561353293659784;353;31/01/2026;1;11;0,7272727272727273;5,454545454545454;21;0;0,0;2;3656,47;1828,235;174,0;1;1;0;118,0;483
C02761;718,49;24;29,94;2662,76;0;0,011243972419594706;533;08/01/2026;0;17;0,6470588235294118;8,176470588235293;24;0;0,0;1;321,09;321,09;773,0;2;1;0;176,0;573
C02762;3590,94;18;199,5;1898,82;0;0,10506525105065251;203;03/02/2026;0;6;0,6666666666666666;2,1666666666666665;6;0;0,0;4;2468,3500000000004;617,0875000000001;305,0;0;0;0;;733
C02763;1418,76;18;78,82;3128,39;0;0,025195068389810733;413;24/01/2026;0;13;0,46153846153846156;2,923076923076923;23;0;0,0;2;1440,8200000000002;720,4100000000001;158,0;2;1;0;153,0;693
C02765;3534,62;6;589,1;3639,72;0;0,1618531095798578;143;17/01/2026;1;4;0,0;0,0;0;0;0,0;4;3803,31;950,8275;15,0;1;1;0;123,0;700
C02766;1944,89;12;162,07;2061,11;0;0,07863238740290425;113;09/01/2026;1;3;0,3333333333333333;7,0;21;0;0,0;5;2472,25;494,45;129,0;0;0;0;;952
C02767;1202,32;10;120,23;4964,66;0;0,024217166935902965;293;26/10/2025;0;9;0,2222222222222222;2,0;17;0;0,0;7;6618,68;945,5257142857143;29,0;1;0;0;265,0;546
C02768;6449,92;10;644,99;1391,45;0;0,4635380358618707;83;19/01/2026;1;2;1,0;18,0;22;0;0,0;3;2291,75;763,9166666666666;251,0;1;1;0;11,0;373
C02769;2842,61;6;473,77;4131,3;0;0,1146781884636797;173;28/09/2025;1;5;1,0;20,4;26;0;0,0;1;788,0;788,0;326,0;0;0;0;;694
C02771;1107,84;12;92,32;5470,9;0;0,01687473724615694;113;31/01/2026;0;3;0,0;0,0;0;0;0,0;1;363,02;363,02;634,0;1;1;0;84,0;730
C02772;3211,9;12;267,66;3136,03;0;0,08534994882064266;323;02/02/2026;1;10;0,4;1,1;5;0;0,0;8;8469,71;1058,71375;33,0;1;1;0;99,0;615
C02774;1763,45;12;146,95;2668,21;0;0,05507437570506069;323;10/01/2026;0;10;0,2;0,3;2;0;0,0;0;0,0;;;0;0;0;;706
C02775;3689,9;10;368,99;2431,92;0;0,15172785288989768;233;16/01/2026;1;7;1,0;11,285714285714286;23;0;0,0;6;6555,43;1092,5716666666667;98,0;1;0;0;128,0;638
C02776;1844,02;24;76,83;5101,31;0;0,015060837314336904;263;06/02/2026;0;8;0,375;0,75;2;0;0,0;0;0,0;;;1;0;0;226,0;852
C02777;1183,85;12;98,65;1598,6;0;0,06171024646565746;353;23/11/2025;1;11;0,6363636363636364;9,272727272727273;25;0;0,0;3;2173,66;724,5533333333333;309,0;1;1;0;66,0;632
C02778;730,85;12;60,9;2299,53;0;0,02648367275051858;83;16/01/2026;0;2;0,5;1,0;2;0;0,0;1;754,89;754,89;473,0;0;0;0;;882
C02779;2709,83;12;225,82;4568,05;0;0,04943466030363065;263;20/01/2026;0;8;0,625;3,875;16;0;0,0;7;7501,44;1071,6342857142856;38,0;1;0;0;232,0;608
C02780;872,7;12;72,73;2722,65;0;0,026712945108625787;353;02/02/2026;1;11;0,2727272727272727;3,1818181818181817;22;0;0,0;2;1729,56;864,78;528,0;0;0;0;;602
C02781;1853,61;12;154,47;2474,69;0;0,062419939467165585;353;21/08/2025;0;11;0,7272727272727273;3,272727272727273;13;0;0,0;3;3843,4;1281,1333333333334;208,0;3;1;0;6,0;563
C02782;1828,65;18;101,59;1872,81;0;0,054244691132576184;383;18/01/2026;0;12;0,3333333333333333;2,5;19;0;0,0;5;2397,19;479,438;601,0;1;0;0;247,0;761
C02783;1848,36;12;154,03;4089,81;0;0,037661896273910034;113;28/01/2026;1;3;0,3333333333333333;1,3333333333333333;4;0;0,0;5;5289,01;1057,8020000000001;189,0;0;0;0;;656
C02784;2315,35;12;192,95;2536,33;0;0,07607448557561516;353;23/11/2025;0;11;0,36363636363636365;2,272727272727273;15;0;0,0;2;1940,11;970,055;435,0;1;0;0;103,0;522
C02785;1357,57;6;226,26;3732,61;0;0,06061710170631274;113;29/01/2026;0;3;1,0;7,333333333333333;19;0;0,0;1;271,39;271,39;94,0;2;1;0;9,0;646
C02786;3767,13;18;209,28;1540,04;0;0,13589257421885145;113;24/01/2026;0;3;0,3333333333333333;6,333333333333333;19;0;0,0;2;762,39;381,195;516,0;0;0;0;;573
C02787;2571,5;12;214,29;4375,85;0;0,04897105705177279;353;14/12/2025;1;11;0,7272727272727273;7,454545454545454;24;0;0,0;0;0,0;;;2;2;0;137,0;586
C02788;1929,24;12;160,77;2421,63;0;0,06638916762676379;353;12/12/2025;1;11;0,8181818181818182;10,454545454545455;24;0;0,0;3;1991,0700000000002;663,69;115,0;3;2;0;64,0;686
C02789;2653,27;6;442,21;1615,08;0;0,27380067860415586;83;02/02/2026;1;2;0,5;7,0;14;0;0,0;7;4873,62;696,2314285714285;47,0;1;1;0;2,0;615
C02791;890,13;18;49,45;4583,55;0;0,0107885809034482;173;27/01/2026;0;5;0,2;0,4;2;0;0,0;0;0,0;;;0;0;0;;858
C02792;787,78;10;78,78;2029,36;0;0,03882012062916387;293;12/10/2025;0;9;0,5555555555555556;4,444444444444445;24;0;0,0;1;314,32;314,32;386,0;4;0;0;69,0;524
C02793;4142,34;18;230,13;3082,37;0;0,07466008298809033;323;17/01/2026;0;10;0,5;5,4;24;0;0,0;2;840,9599999999999;420,47999999999996;548,0;0;0;0;;673
C02795;1564,48;6;260,75;2370,91;0;0,1099788688731331;173;30/04/2025;1;5;0,2;4,0;20;0;0,0;0;0,0;;;3;3;0;13,0;706
C02796;1315,63;18;73,09;4303,24;0;0,016984876511651686;293;30/01/2026;0;9;0,2222222222222222;0,2222222222222222;1;0;0,0;2;5993,280000000001;2996,6400000000003;686,0;0;0;0;;585
C02797;3172,12;12;264,34;2183,46;0;0,1210647321224112;353;29/10/2025;1;11;0,5454545454545454;4,363636363636363;22;0;0,0;0;0,0;;;2;1;0;28,0;529
C02798;2196,51;24;91,52;4304,53;0;0,021261322374335874;413;19/01/2026;1;13;0,07692307692307693;0,07692307692307693;1;0;0,0;0;0,0;;;1;1;0;42,0;707
C02799;4259,84;10;425,98;5141,85;0;0,08284566838783707;293;10/06/2025;0;9;0,4444444444444444;3,3333333333333335;25;0;0,0;0;0,0;;;0;0;0;;707
C02802;713,67;18;39,65;7765,54;0;0,005105890897477832;353;12/01/2026;1;11;0,6363636363636364;5,090909090909091;15;0;0,0;2;2124,33;1062,165;181,0;1;0;0;147,0;591
C02803;1095,28;24;45,64;3265,78;0;0,013975221845929609;83;28/01/2026;0;2;0,5;0,5;1;0;0,0;2;1451,74;725,87;601,0;0;0;0;;632
C02804;1778,17;6;296,36;2001,21;0;0,14809040530479062;173;10/07/2025;0;5;0,2;4,8;24;0;0,0;2;2798,17;1399,085;331,0;0;0;0;;678
C02805;2155,85;18;119,77;4783,17;0;0,025039879410516455;113;31/01/2026;0;3;0,6666666666666666;1,0;2;0;0,0;3;1934,7099999999998;644,9033333333333;141,0;0;0;0;;821
C02806;771,78;10;77,18;2115,01;0;0,036491553231426804;293;14/07/2025;1;9;0,5555555555555556;9,0;24;0;0,0;0;0,0;;;0;0;0;;652
C02807;4402,84;10;440,28;1031,21;0;0,4269547424869813;203;24/01/2026;1;6;1,0;17,833333333333332;23;0;0,0;4;7388,48;1847,12;639,0;3;2;0;23,0;386
C02808;977,59;6;162,93;4520,86;0;0,036039603084368904;173;27/07/2025;0;5;0,4;4,2;20;0;0,0;2;2432,27;1216,135;123,0;1;1;0;96,0;768
C02809;985,1;18;54,73;2648,44;0;0,020664995242482366;353;28/01/2026;1;11;0,36363636363636365;1,6363636363636365;8;0;0,0;7;5981,79;854,5414285714286;63,0;3;2;0;71,0;660
C02810;1833,96;12;152,83;4858,5;0;0,031456210764639295;353;02/10/2025;0;11;0,36363636363636365;3,909090909090909;20;0;0,0;2;1910,83;955,415;194,0;2;2;0;7,0;725
C02811;2693,67;18;149,65;5076,12;0;0,029481178537938427;263;02/02/2026;0;8;0,375;2,625;17;0;0,0;1;317,18;317,18;24,0;3;1;0;41,0;687
C02812;534,38;10;53,44;3915,29;0;0,013649052816011075;143;13/01/2026;0;4;0,25;6,25;25;0;0,0;6;5430,44;905,0733333333333;31,0;1;1;0;135,0;773
C02813;1851,96;12;154,33;2107,17;0;0,0732404124963814;113;17/01/2026;0;3;0,0;0,0;0;0;0,0;2;3583,91;1791,955;98,0;0;0;0;;702
C02815;1342,89;6;223,82;3447,76;0;0,0649175116597443;143;15/01/2026;0;4;0,5;5,75;18;0;0,0;4;4559,29;1139,8225;20,0;1;1;0;128,0;658
C02816;856,91;10;85,69;2340,54;0;0,036611209379032186;293;30/04/2025;0;9;0,1111111111111111;1,8888888888888888;17;0;0,0;0;0,0;;;0;0;0;;794
C02817;1785,06;10;178,51;3056,43;0;0,05840474017072205;293;28/01/2026;0;9;0,2222222222222222;0,3333333333333333;2;0;0,0;4;3990,55;997,6375;504,0;2;1;0;88,0;580
C02818;3143,44;6;523,91;5737,75;0;0,09130931114112674;173;10/04/2025;1;5;0,2;1,0;5;0;0,0;1;1202,62;1202,62;833,0;1;0;0;3,0;798
C02820;1255,12;6;209,19;7120,07;0;0,029380329125977694;173;17/11/2025;0;5;0,4;0,8;2;0;0,0;8;8505,25;1063,15625;43,0;0;0;0;;866
C02821;3153,8;18;175,21;4247,19;0;0,04125315797032862;293;27/01/2026;1;9;0,4444444444444444;2,3333333333333335;9;0;0,0;1;390,41;390,41;395,0;2;2;0;44,0;733
C02822;937,88;10;93,79;915,39;0;0,10245906116518644;293;11/11/2025;0;9;0,5555555555555556;6,0;26;0;0,0;1;1791,86;1791,86;92,0;0;0;0;;629
C02824;1625,95;12;135,5;1918,3;0;0,07063545847886149;353;02/07/2025;0;11;0,36363636363636365;3,909090909090909;17;0;0,0;2;1348,51;674,255;548,0;1;0;0;195,0;697
C02825;1699,13;12;141,59;2407,39;0;0,05881473296806916;83;17/01/2026;0;2;0,5;1,0;2;0;0,0;3;3253,61;1084,5366666666666;254,0;0;0;0;;666
C02826;3016,15;24;125,67;2267,8;0;0,05541493958902901;143;27/01/2026;1;4;0,25;0,25;1;0;0,0;2;886,0899999999999;443,04499999999996;33,0;0;0;0;;758
C02827;5243,79;18;291,32;4519,28;0;0,06446159565240481;113;04/02/2026;0;3;0,3333333333333333;2,0;6;0;0,0;8;7053,33;881,66625;76,0;0;0;0;;635
C02828;2358,04;12;196,5;4861,76;0;0,040417461989073915;83;04/02/2026;1;2;0,0;0,0;0;0;0,0;0;0,0;;;2;2;0;7,0;580
C02830;745,4;10;74,54;3876,81;0;0,019227148093406695;173;11/01/2026;1;5;0,6;8,8;25;0;0,0;1;1916,75;1916,75;90,0;0;0;0;;871
C02831;1956,99;18;108,72;2800,43;0;0,03882260938498731;113;30/01/2026;0;3;0,6666666666666666;0,6666666666666666;1;0;0,0;4;4470,71;1117,6775;63,0;0;0;0;;750
C02832;1296,95;12;108,08;3944,34;0;0,02740128893553801;143;31/01/2026;0;4;0,5;0,5;1;0;0,0;6;5250,259999999999;875,0433333333332;93,0;1;0;0;18,0;939
C02833;3550,19;10;355,02;1781,31;0;0,19930276032807315;233;14/01/2026;1;7;0,2857142857142857;4,0;20;0;0,0;5;3114,9700000000003;622,994;151,0;1;1;0;141,0;596
C02834;5539,45;18;307,75;2341,97;0;0,13140646549699614;533;05/12/2025;0;17;0,35294117647058826;4,647058823529412;25;0;0,0;1;653,47;653,47;779,0;1;1;0;203,0;538
C02835;2144,24;6;357,37;1821,83;0;0,1961599051503159;143;01/02/2026;0;4;1,0;15,0;23;1;357,37;4;6684,01;1671,0025;363,0;0;0;0;;587
C02837;1992,7;10;199,27;2120,82;0;0,09395894040984147;113;28/01/2026;1;3;0,3333333333333333;0,6666666666666666;2;0;0,0;1;635,97;635,97;358,0;0;0;0;;451
C02838;1216,98;12;101,42;5576,68;0;0,018186447850692525;353;15/10/2025;1;11;0,36363636363636365;2,1818181818181817;13;0;0,0;1;1583,06;1583,06;461,0;2;1;0;40,0;675
C02839;1067,9;10;106,79;2206,72;0;0,048393090197215785;293;24/05/2025;1;9;0,5555555555555556;5,222222222222222;23;0;0,0;1;1009,76;1009,76;504,0;1;1;0;177,0;732
C02840;1366,32;12;113,86;2076,73;0;0,054826578322651476;353;28/10/2025;0;11;0,36363636363636365;2,090909090909091;17;0;0,0;1;552,85;552,85;741,0;1;1;0;53,0;585
C02841;3416,13;12;284,68;1308,79;0;0,21751388687260753;233;22/01/2026;1;7;1,0;16,571428571428573;25;0;0,0;3;3608,2;1202,7333333333333;225,0;2;2;0;50,0;445
C02842;3588,06;6;598,01;5746,81;0;0,10405946951439145;173;25/11/2025;0;5;0,0;0,0;0;0;0,0;1;1196,27;1196,27;647,0;0;0;0;;731
C02843;3665,75;10;366,58;3766,1;0;0,09733676747829319;293;22/01/2026;1;9;0,5555555555555556;7,666666666666667;25;0;0,0;1;404,49;404,49;634,0;1;0;0;10,0;629
C02844;2814,79;24;117,28;1478,4;0;0,07932900432900432;233;25/01/2026;1;7;0,42857142857142855;5,0;21;0;0,0;1;1315,51;1315,51;768,0;3;3;0;57,0;484
C02845;1588,66;10;158,87;2964,39;0;0,05359281336126488;113;27/01/2026;0;3;0,3333333333333333;0,3333333333333333;1;0;0,0;1;270,58;270,58;879,0;0;0;0;;763
C02846;772,71;10;77,27;2705,81;0;0,02855706793899054;113;20/01/2026;0;3;1,0;10,0;15;0;0,0;0;0,0;;;2;2;0;28,0;669
C02847;1019,58;12;84,96;3792,61;0;0,02240145968080029;353;29/10/2025;0;11;0,18181818181818182;0,2727272727272727;2;0;0,0;1;503,59;503,59;172,0;0;0;0;;790
C02848;1298,47;18;72,14;1468,43;0;0,04912729922434164;473;31/01/2026;0;15;0,6;7,6;22;0;0,0;5;2174,1099999999997;434,82199999999995;4,0;2;0;0;199,0;629
C02849;5831,13;12;485,93;5967,07;0;0,08143527728013916;353;26/11/2025;0;11;0,2727272727272727;3,4545454545454546;22;0;0,0;4;4936,65;1234,1625;208,0;0;0;0;;668
C02850;1840,78;12;153,4;1566,97;0;0,09789593929685955;353;30/07/2025;0;11;0,09090909090909091;0,09090909090909091;1;0;0,0;3;4859,64;1619,88;531,0;2;0;0;77,0;671
C02851;930,73;6;155,12;2736,43;0;0,056686997292092256;173;10/03/2025;0;5;0,2;4,0;20;0;0,0;3;2177,17;725,7233333333334;318,0;0;0;0;;742
C02852;904,66;10;90,47;1747,86;0;0,05176043847905439;263;10/01/2026;0;8;0,25;2,0;15;0;0,0;3;2311,62;770,54;214,0;0;0;0;;772
C02853;3223,46;12;268,62;3968,02;0;0,06769623136980156;173;18/01/2026;0;5;0,6;6,8;18;0;0,0;2;991,06;495,53;134,0;0;0;0;;557
C02854;8198,71;12;683,23;3025,23;0;0,2258439854159849;353;23/11/2025;1;11;0,36363636363636365;2,727272727272727;25;0;0,0;0;0,0;;;0;0;0;;695
C02855;995,23;12;82,94;1326,81;0;0,06251083425660042;353;27/10/2025;0;11;0,18181818181818182;2,272727272727273;24;0;0,0;1;741,78;741,78;347,0;3;1;0;38,0;742
C02856;646,76;12;53,9;2575,08;0;0,020931388539385185;353;23/08/2025;0;11;0,2727272727272727;0,45454545454545453;2;0;0,0;2;7252,33;3626,165;297,0;1;0;0;70,0;717
C02857;1863,41;24;77,64;2552,32;0;0,030419383149448344;383;30/01/2026;0;12;0,4166666666666667;5,166666666666667;26;0;0,0;0;0,0;;;0;0;0;;676
C02859;1974,27;6;329,04;2385,37;0;0,13794086451996967;173;09/09/2025;0;5;0,0;0,0;0;0;0,0;2;2357,09;1178,545;96,0;0;0;0;;692
C02860;526,57;18;29,25;1672,1;0;0,01749297290831888;383;18/01/2026;0;12;0,3333333333333333;2,5;18;0;0,0;1;566,14;566,14;450,0;1;1;0;21,0;658
C02861;3034,64;6;505,77;5926,42;0;0,08534157214642228;173;10/01/2026;0;5;0,6;7,6;24;0;0,0;1;453,97;453,97;452,0;0;0;0;;652
C02862;3173,81;18;176,32;4499,13;0;0,039189798916679446;233;13/01/2026;0;7;0,2857142857142857;5,428571428571429;20;0;0,0;0;0,0;;;1;1;0;157,0;856
C02863;2025,37;6;337,56;2998,77;0;0,11256615212237017;173;14/08/2025;0;5;0,6;0,8;2;0;0,0;1;503,22;503,22;327,0;3;1;0;51,0;603
C02864;2176,99;6;362,83;3306,64;0;0,10972769941693078;173;25/04/2025;1;5;0,6;10,2;20;0;0,0;1;2899,32;2899,32;277,0;0;0;0;;539
C02865;1694,31;12;141,19;2924,64;0;0,04827602713496362;353;05/08/2025;0;11;0,5454545454545454;5,818181818181818;26;0;0,0;4;2841,94;710,485;240,0;2;0;0;262,0;645
C02866;2757,51;6;459,58;3323,75;0;0,13827153065062053;173;01/04/2025;1;5;0,2;0,4;2;0;0,0;1;880,48;880,48;297,0;1;0;0;15,0;547
C02867;380,0;12;31,67;2461,21;0;0,012867654527651033;353;27/01/2026;0;11;0,18181818181818182;0,36363636363636365;3;0;0,0;2;1419,67;709,835;130,0;1;0;0;238,0;679
C02868;6022,64;12;501,89;2467,84;0;0,203372179719917;233;15/01/2026;1;7;0,8571428571428571;8,857142857142858;13;0;0,0;6;6236,97;1039,4950000000001;157,0;4;3;0;26,0;498
C02869;1287,97;10;128,8;2554,88;0;0,05041332665330662;113;20/01/2026;1;3;0,0;0,0;0;0;0,0;7;4603,57;657,6528571428571;369,0;0;0;0;;580
C02870;1089,42;12;90,79;3210,8;0;0,02827644200822225;353;02/08/2025;1;11;0,8181818181818182;11,272727272727273;26;0;0,0;1;1768,53;1768,53;202,0;1;1;0;87,0;777
C02871;639,61;10;63,96;2486,25;0;0,02572549019607843;113;01/02/2026;1;3;0,3333333333333333;7,666666666666667;23;1;63,96;5;6067,8099999999995;1213,562;241,0;0;0;0;;724
C02872;1158,84;10;115,88;2897,44;0;0,03999392567231763;83;09/01/2026;0;2;0,5;4,0;8;0;0,0;3;2468,34;822,7800000000001;397,0;0;0;0;;890
C02874;2813,5;10;281,35;1705,85;0;0,16493243837383126;293;17/05/2025;1;9;0,6666666666666666;5,555555555555555;22;0;0,0;1;512,62;512,62;680,0;2;1;0;75,0;697
C02875;4755,17;24;198,13;2507,62;0;0,07901117394182532;503;31/01/2026;0;16;0,5;2,3125;17;0;0,0;4;3306,8599999999997;826,7149999999999;202,0;1;0;0;299,0;713
C02876;1681,27;12;140,11;2224,28;0;0,06299117017641664;143;24/01/2026;1;4;0,75;3,5;7;0;0,0;5;2643,23;528,646;423,0;0;0;0;;609
C02877;1615,47;12;134,62;6468,34;0;0,02081214036367909;113;13/01/2026;0;3;0,0;0,0;0;0;0,0;6;5699,67;949,945;245,0;1;1;0;46,0;773
C02879;783,66;6;130,61;5246,28;0;0,024895735645066603;173;03/01/2026;0;5;0,4;0,8;2;0;0,0;1;1033,13;1033,13;864,0;0;0;0;;824
C02880;3808,05;6;634,68;2141,36;0;0,296391078566892;173;09/08/2025;1;5;0,6;6,8;19;0;0,0;6;7017,42;1169,57;314,0;1;1;0;65,0;599
C02882;1905,58;6;317,6;2552,34;0;0,12443483234992203;143;10/01/2026;1;4;0,5;4,75;11;0;0,0;3;2947,2;982,4;424,0;1;1;0;130,0;476
C02883;971,12;12;80,93;2952,81;0;0,02740779122259814;353;08/11/2025;0;11;0,18181818181818182;0,18181818181818182;1;0;0,0;5;4831,62;966,324;401,0;1;0;0;219,0;922
C02884;642,04;12;53,5;2251,53;0;0,02376161987626192;83;29/01/2026;0;2;0,5;0,5;1;0;0,0;1;938,36;938,36;349,0;1;0;0;59,0;659
C02885;1559,45;12;129,95;3987,94;0;0,03258574602426315;173;11/01/2026;1;5;0,4;0,8;2;0;0,0;1;985,83;985,83;1024,0;0;0;0;;697
C02886;878,16;12;73,18;2326,62;0;0,031453352932580315;113;14/01/2026;1;3;0,3333333333333333;3,6666666666666665;11;0;0,0;5;6067,8099999999995;1213,562;223,0;2;2;0;1,0;582
C02887;1483,45;12;123,62;5086,24;0;0,024304790965428296;353;25/09/2025;0;11;0,2727272727272727;0,36363636363636365;2;0;0,0;4;2574,25;643,5625;23,0;1;0;0;118,0;752
C02888;958,6;24;39,94;5465,33;0;0,007307884427838758;563;23/01/2026;0;18;0,3888888888888889;2,5555555555555554;23;0;0,0;2;1559,2;779,6;113,0;0;0;0;;777
C02889;1812,24;24;75,51;1783,5;0;0,0423380992430614;143;04/02/2026;0;4;0,25;4,25;17;0;0,0;1;271,87;271,87;471,0;1;0;0;41,0;652
C02891;2422,22;18;134,57;5552,54;0;0,02423575516790514;83;19/01/2026;0;2;0,0;0,0;0;0;0,0;1;991,21;991,21;88,0;1;0;0;76,0;814
C02892;3610,69;18;200,59;3015,46;0;0,06652053086427942;443;25/01/2026;0;14;0,21428571428571427;0,2857142857142857;2;0;0,0;8;6500,74;812,5925;119,0;1;0;0;106,0;833
C02893;1312,3;6;218,72;3587,76;0;0,060962829174749704;143;26/01/2026;0;4;0,5;0,75;2;0;0,0;2;1831,3000000000002;915,6500000000001;173,0;2;0;0;49,0;799
C02895;1125,72;24;46,9;1840,25;0;0,02548566770819182;143;02/02/2026;1;4;0,75;11,0;23;1;46,9;3;2202,5;734,1666666666666;119,0;0;0;0;;638
C02896;2867,73;18;159,32;2005,4;0;0,07944549715767427;503;01/02/2026;1;16;0,5;3,375;20;0;0,0;0;0,0;;;3;2;0;30,0;624
C02897;694,18;24;28,92;3250,72;0;0,008896490623615692;323;08/01/2026;0;10;0,4;3,6;16;0;0,0;0;0,0;;;0;0;0;;696
C02898;1672,17;6;278,7;3389,47;0;0,08222524465476903;173;09/09/2025;0;5;0,4;8,0;25;0;0,0;3;3843,4;1281,1333333333334;227,0;1;1;0;53,0;619
C02899;1382,66;18;76,81;2986,71;0;0,025717260798671447;383;30/01/2026;1;12;0,25;1,3333333333333333;12;0;0,0;2;2504,1099999999997;1252,0549999999998;192,0;2;1;0;4,0;834
C02900;1519,15;24;63,3;6703,27;0;0,009443152371902071;173;03/02/2026;0;5;0,4;2,0;6;0;0,0;2;1020,39;510,195;553,0;1;0;0;148,0;703
C02901;1843,32;10;184,33;4156,17;0;0,044350928859984075;83;19/01/2026;1;2;1,0;24,0;26;0;0,0;3;1688,47;562,8233333333334;75,0;1;1;0;75,0;537
C02902;3930,97;12;327,58;3601,78;0;0,09094947498181453;353;08/09/2025;0;11;0,2727272727272727;1,8181818181818181;9;0;0,0;1;406,43;406,43;71,0;1;1;0;194,0;534
C02903;1175,83;10;117,58;2130,6;0;0,05518633248850089;293;10/06/2025;0;9;0,5555555555555556;6,222222222222222;26;0;0,0;3;3530,55;1176,8500000000001;309,0;1;1;0;23,0;567
C02904;5565,19;24;231,88;3611,56;0;0,06420494190875965;113;11/01/2026;1;3;1,0;16,333333333333332;23;0;0,0;4;7040,679999999999;1760,1699999999998;152,0;0;0;0;;561
C02905;1235,19;18;68,62;5168,69;0;0,013276091233949029;233;27/01/2026;1;7;0,5714285714285714;5,571428571428571;22;0;0,0;0;0,0;;;1;1;0;116,0;721
C02906;1234,71;18;68,6;4749,36;0;0,014444051409031954;443;28/01/2026;1;14;0,5;8,785714285714286;26;0;0,0;4;2784,41;696,1025;599,0;1;1;0;61,0;538
C02907;380,0;10;38,0;1922,08;0;0,01977024889702822;293;19/05/2025;0;9;0,3333333333333333;1,7777777777777777;12;0;0,0;3;3360,65;1120,2166666666667;323,0;0;0;0;;694
C02908;1242,75;12;103,56;1800,06;0;0,05753141561947935;143;25/01/2026;1;4;0,75;6,75;15;0;0,0;0;0,0;;;1;0;0;25,0;599
C02909;1990,92;6;331,82;5957,58;0;0,05569711191456934;113;30/01/2026;0;3;0,6666666666666666;13,666666666666666;22;0;0,0;2;2333,88;1166,94;477,0;0;0;0;;711
C02910;2685,82;6;447,64;3818,32;0;0,11723480483563452;173;04/01/2026;1;5;0,2;0,4;2;0;0,0;1;712,12;712,12;904,0;2;1;0;97,0;640
C02911;2043,25;18;113,51;1429,13;0;0,07942594445571781;293;13/01/2026;0;9;0,5555555555555556;7,222222222222222;21;0;0,0;0;0,0;;;1;1;0;131,0;548
C02912;1575,54;18;87,53;2380,16;0;0,03677483866630815;353;26/01/2026;1;11;0,6363636363636364;6,0;17;0;0,0;4;2513,24;628,31;43,0;1;0;0;153,0;619
C02913;1494,34;18;83,02;2669,14;0;0,031103651363360484;113;30/01/2026;0;3;0,0;0,0;0;0;0,0;0;0,0;;;2;0;0;36,0;765
C02914;1493,37;18;82,96;3212,08;0;0,025827501183034045;263;22/01/2026;0;8;0,25;3,0;23;0;0,0;4;2459,89;614,9725;197,0;1;1;0;55,0;867
C02915;975,84;6;162,64;1821,56;0;0,08928610641428227;173;14/03/2025;0;5;0,2;0,2;1;0;0,0;0;0,0;;;1;1;0;61,0;681
C02916;1790,11;12;149,18;3623,51;0;0,04117002574851456;353;11/11/2025;0;11;0,36363636363636365;1,4545454545454546;8;0;0,0;2;867,35;433,675;266,0;1;0;0;162,0;731
C02917;793,8;10;79,38;2655,47;0;0,029893013289549495;293;24/11/2025;0;9;0,3333333333333333;2,7777777777777777;19;0;0,0;2;1808,0299999999997;904,0149999999999;457,0;2;1;0;107,0;662
C02918;2774,42;10;277,44;2989,04;0;0,09281909910874395;293;29/08/2025;0;9;0,4444444444444444;4,444444444444445;23;0;0,0;6;6675,389999999999;1112,5649999999998;65,0;0;0;0;;811
C02919;1490,39;12;124,2;931,48;0;0,13333619616094816;143;17/01/2026;1;4;0,75;9,0;19;0;0,0;3;3467,3500000000004;1155,7833333333335;134,0;1;1;0;64,0;485
C02920;1038,56;12;86,55;3704,34;0;0,02336448598130841;353;21/01/2026;1;11;0,7272727272727273;14,272727272727273;26;0;0,0;0;0,0;;;3;1;0;22,0;650
C02921;1238,99;12;103,25;2635,58;0;0,039175437664574785;353;01/08/2025;0;11;0,45454545454545453;0,6363636363636364;2;0;0,0;1;487,86;487,86;375,0;2;0;0;248,0;836
C02922;1403,39;10;140,34;4623,98;0;0,03035047729445197;293;17/01/2026;0;9;0,3333333333333333;2,0;9;0;0,0;7;6618,68;945,5257142857143;112,0;1;0;0;279,0;863
C02923;5018,21;18;278,79;2698,05;0;0,10333018290987936;323;01/02/2026;0;10;0,8;8,9;20;0;0,0;3;3798,4900000000002;1266,1633333333334;159,0;3;2;0;137,0;600
C02924;4749,53;18;263,86;4498,75;0;0,05865184773548208;113;01/02/2026;0;3;1,0;13,0;21;0;0,0;1;696,36;696,36;676,0;0;0;0;;505
C02925;2635,49;24;109,81;2517,31;0;0,04362196153830875;473;03/02/2026;1;15;0,3333333333333333;1,6666666666666667;8;0;0,0;1;1340,5;1340,5;838,0;2;1;0;79,0;609
C02926;1529,46;10;152,95;2497,97;0;0,061229718531447534;83;04/02/2026;0;2;1,0;1,5;2;0;0,0;2;2047,1100000000001;1023,5550000000001;371,0;0;0;0;;718
C02927;682,34;12;56,86;2871,26;0;0,019803152622890296;353;11/06/2025;0;11;0,2727272727272727;0,36363636363636365;2;0;0,0;4;2887,62;721,905;72,0;0;0;0;;820
C02928;3203,27;10;320,33;5868,21;0;0,05458734435202557;203;10/01/2026;0;6;0,3333333333333333;0,6666666666666666;2;0;0,0;9;7120,77;791,1966666666667;167,0;0;0;0;;704
C02929;1928,58;6;321,43;2122,08;0;0,15146931312674358;173;11/06/2025;1;5;0,6;3,4;15;0;0,0;2;682,22;341,11;514,0;0;0;0;;616
C02930;1616,31;6;269,38;3608,23;0;0,07465710334429901;173;20/05/2025;0;5;0,4;5,0;23;1;269,38;4;2636,33;659,0825;432,0;0;0;0;;822
C02931;1180,15;18;65,56;2962,93;0;0,022126746160051034;443;04/02/2026;1;14;0,07142857142857142;0,14285714285714285;2;0;0,0;0;0,0;;;0;0;0;;807
C02932;2310,32;10;231,03;3362,14;0;0,06871516355654435;293;12/08/2025;0;9;0,3333333333333333;3,0;16;0;0,0;0;0,0;;;0;0;0;;783
C02934;3842,07;10;384,21;2628,24;0;0,1461852798831157;293;22/12/2025;1;9;0,8888888888888888;11,333333333333334;21;0;0,0;0;0,0;;;2;1;0;77,0;599
C02935;1024,82;10;102,48;1438,91;0;0,07122057668651965;293;08/06/2025;0;9;0,3333333333333333;0,8888888888888888;4;0;0,0;4;6088,9;1522,225;46,0;1;0;0;292,0;616
C02937;4193,15;12;349,43;1983,91;0;0,17613198179352893;323;13/01/2026;1;10;0,2;3,5;23;0;0,0;7;4603,57;657,6528571428571;362,0;2;2;0;1,0;703
C02938;3221,47;12;268,46;2633,95;0;0,10192296740636686;323;28/01/2026;0;10;0,4;2,2;11;0;0,0;0;0,0;;;0;0;0;;644
C02939;1348,18;6;224,7;4013,75;0;0,05598255995017128;173;06/05/2025;0;5;0,6;2,8;11;0;0,0;1;292,51;292,51;835,0;0;0;0;;693
C02940;1670,99;6;278,5;2049,13;0;0,13591133798246086;173;19/01/2026;1;5;0,4;4,6;21;0;0,0;6;6176,35;1029,3916666666667;130,0;1;0;0;83,0;797
C02941;1245,46;6;207,58;1962,42;0;0,1057775603591484;173;28/03/2025;1;5;0,6;8,0;21;0;0,0;1;533,76;533,76;139,0;2;1;0;84,0;568
C02942;2093,67;10;209,37;2928,6;0;0,07149149764392543;293;08/05/2025;0;9;0,4444444444444444;6,555555555555555;25;0;0,0;2;3458,2;1729,1;17,0;2;0;0;128,0;663
C02943;2743,57;18;152,42;4647,22;0;0,0327981029518723;533;30/11/2025;0;17;0,17647058823529413;0,5294117647058824;6;0;0,0;5;3608,13;721,626;306,0;1;0;0;281,0;609
C02944;1989,48;12;165,79;5380,61;0;0,03081249152047816;203;16/01/2026;0;6;0,6666666666666666;5,166666666666667;26;0;0,0;0;0,0;;;2;2;0;103,0;617
C02945;2427,94;24;101,16;5874,25;0;0,01722092181980678;413;23/01/2026;0;13;0,38461538461538464;2,3846153846153846;22;0;0,0;1;712,12;712,12;923,0;0;0;0;;737
C02947;837,1;12;69,76;4399,86;0;0,015855049933406973;353;02/07/2025;1;11;0,6363636363636364;8,272727272727273;25;0;0,0;1;2932,85;2932,85;889,0;2;1;0;63,0;645
C02948;810,18;10;81,02;3196,67;0;0,025345124770464262;173;03/02/2026;0;5;0,6;8,6;26;0;0,0;5;4438,3;887,6600000000001;293,0;1;1;0;5,0;628
C02949;1403,08;18;77,95;1037,02;0;0,0751673063200324;533;31/12/2025;1;17;0,47058823529411764;3,0588235294117645;15;0;0,0;2;3537,2999999999997;1768,6499999999999;371,0;1;0;0;296,0;777
C02951;1815,01;18;100,83;1762,58;0;0,057205914057801635;113;11/01/2026;0;3;1,0;14,333333333333334;21;0;0,0;0;0,0;;;1;1;0;89,0;648
C02952;6174,71;24;257,28;3262,81;0;0,07885227763798688;113;10/01/2026;1;3;1,0;8,333333333333334;13;0;0,0;1;2199,72;2199,72;376,0;1;1;0;74,0;598
C02953;1601,37;10;160,14;5067,19;0;0,031603314657630756;293;06/05/2025;0;9;0,4444444444444444;0,8888888888888888;4;0;0,0;1;1565,15;1565,15;107,0;0;0;0;;909
C02954;2351,4;24;97,98;3983,99;0;0,024593435224486006;413;14/01/2026;0;13;0,6153846153846154;4,076923076923077;18;0;0,0;11;5350,73;486,42999999999995;55,0;1;1;0;153,0;723
C02955;1730,39;24;72,1;1000,85;0;0,07203876704800918;353;18/01/2026;1;11;0,6363636363636364;8,909090909090908;23;1;72,1;3;2086,06;695,3533333333334;248,0;2;2;0;15,0;573
C02956;7366,73;10;736,67;2180,36;0;0,33786622392632404;143;22/01/2026;1;4;0,75;6,5;22;0;0,0;2;1838,8899999999999;919,4449999999999;128,0;0;0;0;;749
C02957;727,24;12;60,6;3459,5;0;0,017516982222864578;353;29/12/2025;1;11;0,5454545454545454;5,454545454545454;20;0;0,0;3;2853,91;951,3033333333333;94,0;0;0;0;;564
C02958;1181,21;18;65,62;3466,42;0;0,01893019310989436;533;02/12/2025;1;17;0,35294117647058826;2,411764705882353;15;0;0,0;2;1876,65;938,325;497,0;1;0;0;186,0;824
C02960;945,92;24;39,41;2896,81;0;0,013604620254693955;503;05/02/2026;0;16;0,375;2,5;19;0;0,0;3;3553,1;1184,3666666666666;399,0;1;1;0;137,0;566
C02961;4020,42;10;402,04;1742,2;0;0,23076569854207324;293;01/10/2025;1;9;0,7777777777777778;11,555555555555555;26;0;0,0;3;5709,63;1903,21;332,0;3;2;0;67,0;587
C02962;2120,29;12;176,69;2243,77;0;0,07874693038947843;353;13/12/2025;0;11;0,5454545454545454;2,8181818181818183;24;0;0,0;2;1169,0;584,5;189,0;4;1;0;11,0;725
C02963;2633,71;12;219,48;3102,6;0;0,0707406691162251;353;01/11/2025;0;11;0,18181818181818182;0,2727272727272727;2;0;0,0;4;1053,11;263,2775;38,0;1;1;0;9,0;729
C02965;2708,83;10;270,88;1852,26;0;0,14624296804984183;203;19/01/2026;1;6;0,6666666666666666;5,833333333333333;18;0;0,0;2;1459,1100000000001;729,5550000000001;780,0;1;1;0;32,0;662
C02966;489,33;6;81,55;1652,2;0;0,04935843118266554;173;19/07/2025;1;5;0,4;5,0;23;0;0,0;0;0,0;;;0;0;0;;553
C02967;2572,85;12;214,4;1786,77;0;0,11999306010286719;173;06/02/2026;0;5;0,4;4,6;22;0;0,0;4;3327,85;831,9625;489,0;0;0;0;;824
C02968;892,31;10;89,23;2698,88;0;0,033061862698600904;293;15/05/2025;1;9;0,2222222222222222;2,4444444444444446;21;0;0,0;1;870,7;870,7;781,0;1;1;0;184,0;584
C02969;2974,98;18;165,28;4817,99;0;0,034304761944296276;83;13/01/2026;1;2;0,5;7,5;15;0;0,0;1;1068,05;1068,05;719,0;0;0;0;;756
C02970;632,74;18;35,15;2171,3;0;0,016188458527149632;233;21/01/2026;0;7;0,5714285714285714;8,714285714285714;23;1;35,15;0;0,0;;;1;1;0;138,0;854
C02971;2764,37;12;230,36;1971,49;0;0,1168456345200838;263;29/01/2026;1;8;0,75;11,875;21;0;0,0;8;6623,51;827,93875;75,0;1;1;0;185,0;556
C02972;786,24;12;65,52;2168,44;0;0,03021526996366051;353;11/01/2026;0;11;0,18181818181818182;0,36363636363636365;2;0;0,0;2;2333,21;1166,605;27,0;0;0;0;;851
C02973;3615,69;12;301,31;1676,36;0;0,17974062850461717;233;08/01/2026;1;7;0,8571428571428571;10,142857142857142;21;0;0,0;3;1216,8600000000001;405,62000000000006;100,0;1;1;0;142,0;593
C02974;2079,2;18;115,51;3338,29;0;0,034601547498869185;533;17/12/2025;1;17;0,7058823529411765;11,117647058823529;26;0;0,0;0;0,0;;;3;2;0;60,0;628
C02975;1028,32;6;171,39;2375,7;0;0,07214294734183609;173;06/09/2025;1;5;0,8;15,2;23;1;171,39;1;375,54;375,54;37,0;1;1;0;167,0;708
C02976;2570,28;24;107,1;1992,02;0;0,0537645204365418;443;26/01/2026;1;14;0,7857142857142857;9,857142857142858;25;0;0,0;3;2940,74;980,2466666666666;255,0;2;2;0;77,0;644
C02977;1498,81;24;62,45;4421,29;0;0,014124836868877636;563;27/01/2026;1;18;0,6111111111111112;7,333333333333333;26;0;0,0;2;1189,79;594,895;21,0;3;2;0;98,0;646
C02978;2459,09;18;136,62;2769,27;0;0,04933430109740112;173;08/01/2026;1;5;0,4;2,4;7;0;0,0;4;3802,1499999999996;950,5374999999999;158,0;0;0;0;;650
C02979;2374,97;18;131,94;2203,79;0;0,05986958830015564;503;24/01/2026;1;16;0,5625;9,125;23;1;131,94;1;516,64;516,64;236,0;1;1;0;59,0;563
C02980;2265,12;12;188,76;5064,68;0;0,03726987687277379;173;17/01/2026;0;5;0,2;0,4;2;0;0,0;1;5311,92;5311,92;723,0;1;1;0;3,0;619
C02981;789,47;6;131,58;1863,43;0;0,07061172139549111;173;19/01/2026;0;5;0,4;3,6;16;0;0,0;3;2709,64;903,2133333333333;41,0;1;0;0;139,0;607
C02982;1952,21;10;195,22;2508,51;0;0,07782309020095594;263;27/01/2026;0;8;0,25;3,5;17;0;0,0;4;2715,22;678,805;78,0;0;0;0;;739
C02983;2382,61;18;132,37;2124,12;0;0,06231757151196731;323;21/01/2026;0;10;0,6;3,4;26;0;0,0;3;1763,17;587,7233333333334;388,0;1;0;0;108,0;618
C02984;669,72;24;27,9;1640,16;0;0,017010535557506583;383;18/01/2026;0;12;0,5;2,8333333333333335;26;0;0,0;8;7846,84;980,855;374,0;0;0;0;;826
C02987;2532,08;6;422,01;3137,01;0;0,13452618895062496;173;28/04/2025;0;5;0,2;0,2;1;0;0,0;2;1941,6499999999999;970,8249999999999;11,0;0;0;0;;588
C02988;3716,32;18;206,46;1738,99;0;0,11872408697002283;353;31/01/2026;1;11;0,2727272727272727;4,181818181818182;25;0;0,0;0;0,0;;;0;0;0;;606
C02989;1216,95;12;101,41;5136,38;0;0,019743476923436348;353;10/09/2025;0;11;0,09090909090909091;0,9090909090909091;10;0;0,0;0;0,0;;;0;0;0;;732
C02990;2514,96;18;139,72;2914,2;0;0,04794454738864869;143;20/01/2026;0;4;0,25;5,75;23;0;0,0;4;8023,5599999999995;2005,8899999999999;77,0;0;0;0;;683
C02991;1697,12;18;94,28;1989,44;0;0,047390220363519385;293;19/01/2026;0;9;0,5555555555555556;6,333333333333333;25;0;0,0;6;3845,29;640,8816666666667;88,0;0;0;0;;622
C02992;3656,26;12;304,69;3301,22;0;0,09229618141172052;323;17/01/2026;1;10;0,4;4,1;15;0;0,0;2;1063,26;531,63;98,0;1;1;0;149,0;543
C02993;1399,93;18;77,77;4279,41;0;0,018173065913291785;173;08/01/2026;0;5;0,0;0,0;0;0;0,0;2;1590,1;795,05;317,0;0;0;0;;601
C02994;1195,12;24;49,8;2312,6;0;0,0215342039263167;263;02/02/2026;0;8;0,0;0,0;0;0;0,0;3;1992,34;664,1133333333333;349,0;0;0;0;;779
C02995;3748,47;18;208,25;2500,06;0;0,08329800084797966;143;19/01/2026;1;4;0,75;3,75;12;0;0,0;0;0,0;;;1;1;0;21,0;535
C02996;1408,79;10;140,88;2408,94;0;0,058482153976437766;113;28/01/2026;0;3;0,6666666666666666;10,333333333333334;17;0;0,0;4;9601,68;2400,42;70,0;1;0;0;51,0;854
C02997;1542,44;18;85,69;1482,09;0;0,05781700166656546;173;08/01/2026;0;5;0,2;3,4;17;0;0,0;1;673,58;673,58;229,0;2;1;0;20,0;769
C02998;1983,1;24;82,63;2646,59;0;0,03122130741822496;203;14/01/2026;0;6;0,0;0,0;0;0;0,0;4;2451,6800000000003;612,9200000000001;82,0;0;0;0;;780
C02999;2662,9;12;221,91;6136,51;0;0,03616224857451548;203;18/01/2026;0;6;0,6666666666666666;3,3333333333333335;15;0;0,0;2;852,54;426,27;738,0;1;0;0;172,0;634
C03000;5891,56;18;327,31;1691,11;0;0,19354743334259747;83;18/01/2026;1;2;0,5;10,5;21;0;0,0;2;3406,0;1703,0;315,0;0;0;0;;657
C03001;1932,67;12;161,06;1695,35;0;0,09500103223523167;113;27/01/2026;1;3;0,0;0,0;0;0;0,0;1;790,6;790,6;606,0;0;0;0;;832
C03002;2086,54;12;173,88;3993,67;0;0,04353890030974016;353;16/12/2025;0;11;0,45454545454545453;6,909090909090909;26;1;173,88;0;0,0;;;3;2;0;49,0;563
C03004;2907,67;6;484,61;1452,56;0;0,33362477281489233;173;05/01/2025;1;5;0,6;1,8;5;0;0,0;2;2209,1499999999996;1104,5749999999998;469,0;0;0;0;;483
C03005;1317,98;10;131,8;1390,9;0;0,09475878927313251;293;18/06/2025;0;9;0,4444444444444444;1,5555555555555556;10;0;0,0;4;2118,27;529,5675;177,0;1;0;0;84,0;681
C03006;1981,66;10;198,17;3497,84;0;0,05665496420648171;293;08/06/2025;0;9;0,5555555555555556;6,0;26;0;0,0;3;2224,16;741,3866666666667;20,0;0;0;0;;794
C03007;2267,63;6;377,94;1632,14;0;0,23156101804992218;173;20/02/2025;0;5;0,6;5,0;23;0;0,0;1;754,45;754,45;715,0;1;1;0;109,0;598
C03008;1213,1;12;101,09;3939,44;0;0,025661007655910485;293;04/02/2026;1;9;0,3333333333333333;1,8888888888888888;13;0;0,0;2;2333,08;1166,54;566,0;0;0;0;;772
C03009;1705,51;12;142,13;2587,07;0;0,05493859849173002;143;16/01/2026;1;4;0,75;5,25;18;0;0,0;2;1229,8899999999999;614,9449999999999;701,0;2;1;0;76,0;658
C03010;2406,54;12;200,54;3054,31;0;0,06565803733085378;173;28/01/2026;0;5;0,2;0,4;2;0;0,0;1;603,67;603,67;891,0;0;0;0;;1000
C03011;2807,19;12;233,93;5562,76;0;0,04205286584357405;83;24/01/2026;0;2;0,0;0,0;0;0;0,0;7;5703,45;814,7785714285714;61,0;0;0;0;;730
C03012;721,87;12;60,16;2977,02;0;0,020208127590677926;143;11/01/2026;1;4;0,25;5,75;23;0;0,0;2;1823,0;911,5;274,0;0;0;0;;616
C03013;2363,19;24;98,47;4318,23;0;0,02280332451027389;383;05/02/2026;0;12;0,4166666666666667;3,5;25;0;0,0;4;5422,15;1355,5375;138,0;0;0;0;;693
C03014;2730,1;6;455,02;3244,98;0;0,14022274405389246;173;19/01/2026;1;5;1,0;11,4;22;0;0,0;2;3055,3900000000003;1527,6950000000002;507,0;2;2;0;99,0;724
C03016;1486,42;24;61,93;2120,96;0;0,02919904194327097;563;14/01/2026;0;18;0,2222222222222222;1,6111111111111112;24;0;0,0;4;2657,62;664,405;372,0;0;0;0;;620
C03017;1888,31;12;157,36;2518,85;0;0,062472953927387505;173;05/02/2026;0;5;0,4;5,4;21;0;0,0;1;353,44;353,44;581,0;1;0;0;66,0;655
C03018;1691,05;12;140,92;2040,59;0;0,06905845858305686;353;16/12/2025;0;11;0,36363636363636365;3,090909090909091;22;0;0,0;1;280,96;280,96;294,0;0;0;0;;615
C03019;572,19;10;57,22;3145,69;0;0,0181899678607873;233;31/01/2026;0;7;0,2857142857142857;0,5714285714285714;2;0;0,0;0;0,0;;;0;0;0;;773
C03020;1851,26;10;185,13;2132,23;0;0,08682459209372347;293;03/06/2025;1;9;0,5555555555555556;3,6666666666666665;18;0;0,0;2;961,53;480,765;431,0;0;0;0;;679
C03021;869,86;24;36,24;3018,94;0;0,01200421339940509;233;18/01/2026;0;7;0,42857142857142855;0,8571428571428571;2;0;0,0;7;6819,83;974,2614285714286;117,0;1;0;0;95,0;732
C03022;2275,12;10;227,51;4719,26;0;0,048208829350364246;173;03/02/2026;1;5;0,2;2,0;10;0;0,0;2;1597,35;798,675;116,0;0;0;0;;726
C03023;1999,43;24;83,31;1721,06;0;0,048406214774615645;563;02/02/2026;1;18;0,4444444444444444;4,722222222222222;20;0;0,0;4;1991,03;497,7575;62,0;2;1;0;62,0;643
C03024;1111,75;6;185,29;2277,22;0;0,08136675420029686;173;23/12/2024;0;5;0,2;5,2;26;0;0,0;1;2449,95;2449,95;167,0;2;0;0;96,0;742
C03025;1860,18;10;186,02;2306,52;0;0,08064963668210118;83;21/01/2026;0;2;0,0;0,0;0;0;0,0;3;2616,8100000000004;872,2700000000001;85,0;0;0;0;;810
C03026;4396,73;12;366,39;1992,48;0;0,18388641291255117;353;02/09/2025;1;11;1,0;16,818181818181817;26;1;366,39;4;1418,99;354,7475;490,0;0;0;0;;597
C03027;1048,17;6;174,7;2657,26;0;0,06574441341833316;173;01/11/2025;0;5;0,0;0,0;0;0;0,0;4;1972,1100000000001;493,02750000000003;328,0;0;0;0;;889
C03028;2203,33;12;183,61;5526,14;0;0,03322572356111137;173;23/01/2026;0;5;0,0;0,0;0;0;0,0;1;1454,31;1454,31;234,0;1;0;0;147,0;771
C03029;983,02;12;81,92;3978,34;0;0,020591502988683723;173;19/01/2026;0;5;0,4;9,4;24;1;81,92;5;3565,52;713,104;34,0;0;0;0;;670
C03030;9385,39;10;938,54;2466,34;0;0,3805395849720638;293;06/10/2025;1;9;0,8888888888888888;15,88888888888889;26;0;0,0;2;1584,02;792,01;554,0;1;0;0;176,0;514
C03031;1661,77;24;69,24;1542,21;0;0,04489660941116968;563;31/01/2026;1;18;0,6666666666666666;6,277777777777778;23;0;0,0;3;1216,8600000000001;405,62000000000006;123,0;2;1;0;155,0;511
C03032;3508,92;24;146,21;2336,22;0;0,06258400321887495;83;27/01/2026;0;2;1,0;1,5;2;0;0,0;4;7738,93;1934,7325;236,0;0;0;0;;873
C03033;3748,93;12;312,41;1541,11;0;0,202717521786245;263;27/01/2026;1;8;0,875;13,875;23;1;312,41;4;4092,31;1023,0775;58,0;1;1;0;174,0;577
C03034;2289,93;10;228,99;4421,21;0;0,05179351354041088;263;06/02/2026;0;8;0,25;0,375;2;0;0,0;2;2445,08;1222,54;243,0;1;1;0;180,0;642
C03036;4082,18;24;170,09;5085,77;0;0,03344429653720085;113;30/01/2026;0;3;0,6666666666666666;1,0;2;0;0,0;7;6425,16;917,88;248,0;0;0;0;;846
C03037;6112,78;18;339,6;3321,76;0;0,1022349597803574;263;01/02/2026;1;8;0,75;4,25;11;0;0,0;2;2039,8000000000002;1019,9000000000001;237,0;0;0;0;;623
C03038;1286,34;24;53,6;4297,87;0;0,01247129392001154;413;16/01/2026;0;13;0,38461538461538464;5,3076923076923075;25;0;0,0;4;1986,85;496,7125;285,0;3;1;0;48,0;665
C03039;2525,82;12;210,48;3900,53;0;0,053961897485726294;83;01/02/2026;0;2;0,0;0,0;0;0;0,0;0;0,0;;;0;0;0;;748
C03040;2940,87;10;294,09;9103,61;0;0,03230476701001031;293;27/10/2025;0;9;0,2222222222222222;0,4444444444444444;2;0;0,0;1;633,68;633,68;225,0;2;0;0;119,0;771
C03041;1882,79;18;104,6;1669,88;0;0,06263923156154932;83;04/02/2026;0;2;0,5;0,5;1;0;0,0;2;5307,79;2653,895;568,0;0;0;0;;653
C03042;567,92;12;47,33;3199,92;0;0,01479099477486937;353;17/09/2025;0;11;0,36363636363636365;4,181818181818182;22;0;0,0;0;0,0;;;0;0;0;;703
C03043;1942,96;6;323,83;3197,03;0;0,10129088560320046;173;29/03/2025;0;5;0,6;2,6;11;0;0,0;0;0,0;;;0;0;0;;684
C03045;2280,27;18;126,68;5374,05;0;0,023572538402136193;143;31/01/2026;0;4;0,5;6,75;25;0;0,0;4;3470,7599999999998;867,6899999999999;46,0;0;0;0;;738
C03046;1781,33;24;74,22;5434,51;0;0,013657165043398575;413;02/02/2026;1;13;0,46153846153846156;7,0;26;0;0,0;2;2244,7799999999997;1122,3899999999999;305,0;0;0;0;;609
C03048;5039,08;6;839,85;1753,6;0;0,47892906021897813;173;07/08/2025;1;5;1,0;12,2;26;0;0,0;5;4691,18;938,2360000000001;267,0;3;3;0;58,0;336
C03049;1777,55;24;74,06;2448,26;0;0,030250055141202322;83;02/02/2026;0;2;1,0;1,0;1;0;0,0;5;2472,25;494,45;153,0;1;0;0;53,0;662
C03050;3192,07;6;532,01;2773,54;0;0,19181623484788393;173;11/02/2025;1;5;0,2;0,2;1;0;0,0;2;2376,36;1188,18;219,0;1;1;0;81,0;761
C03051;2395,71;12;199,64;1303,33;0;0,15317686234491648;353;12/09/2025;0;11;0,18181818181818182;0,2727272727272727;2;0;0,0;2;1796,76;898,38;535,0;0;0;0;;810
C03052;2051,82;10;205,18;2878,39;0;0,071282904679352;293;20/10/2025;0;9;0,7777777777777778;9,555555555555555;21;0;0,0;6;5453,0599999999995;908,8433333333332;194,0;3;0;0;30,0;723
C03053;888,68;12;74,06;12407,33;0;0,005969052165131419;83;24/01/2026;1;2;0,0;0,0;0;0;0,0;4;4816,99;1204,2475;260,0;0;0;0;;842
C03054;2026,59;10;202,66;1964,15;0;0,10317949240129318;203;04/02/2026;1;6;0,5;5,833333333333333;22;0;0,0;5;4573,25;914,65;296,0;2;0;0;44,0;709
C03055;1204,86;12;100,4;2403,47;0;0,04177293662912373;353;03/07/2025;1;11;0,2727272727272727;2,272727272727273;22;0;0,0;4;1213,2;303,3;31,0;0;0;0;;758
C03056;2519,74;10;251,97;2986,64;0;0,08436570862239842;293;14/05/2025;1;9;1,0;11,88888888888889;23;0;0,0;2;1057,77;528,885;331,0;1;1;0;142,0;592
C03057;1901,6;12;158,47;1118,3;0;0,14170616113744075;113;17/01/2026;1;3;0,6666666666666666;13,0;22;0;0,0;5;4971,04;994,208;86,0;0;0;0;;740
C03058;3851,34;10;385,13;2673,13;0;0,1440745493111072;293;12/07/2025;0;9;0,7777777777777778;9,444444444444445;25;0;0,0;2;2790,71;1395,355;538,0;1;0;0;89,0;681
C03059;1401,45;18;77,86;1975,04;0;0,03942198639014906;443;04/02/2026;1;14;0,5;5,785714285714286;22;0;0,0;3;2898,01;966,0033333333334;146,0;1;1;0;166,0;738
C03060;1703,95;10;170,4;2912,46;0;0,058507241301168085;83;28/01/2026;1;2;0,5;3,0;6;0;0,0;4;2564,5099999999998;641,1274999999999;169,0;0;0;0;;606
C03061;1473,92;12;122,83;2214,99;0;0,05545397496151225;233;16/01/2026;0;7;0,14285714285714285;0,14285714285714285;1;0;0,0;2;2097,77;1048,885;61,0;0;0;0;;654
C03062;1282,73;12;106,89;4747,13;0;0,022516762759814877;113;15/01/2026;0;3;0,6666666666666666;5,0;13;0;0,0;1;200,05;200,05;45,0;1;0;0;49,0;679
C03064;2667,23;6;444,54;4092,44;0;0,10862468356286226;173;02/02/2026;1;5;0,8;13,4;26;0;0,0;2;2051,0699999999997;1025,5349999999999;195,0;0;0;0;;562
C03065;1042,02;24;43,42;3127,56;0;0,013883027024261725;143;14/01/2026;1;4;0,5;2,0;7;0;0,0;4;1995,17;498,7925;388,0;0;0;0;;847
C03066;1526,18;12;127,18;6402,9;0;0,019862874634931048;353;13/08/2025;0;11;0,18181818181818182;0,2727272727272727;2;0;0,0;5;2867,55;573,51;42,0;1;0;0;299,0;854
C03067;3007,06;6;501,18;3159,82;0;0,15861030058674228;173;05/02/2026;1;5;0,4;0,6;2;0;0,0;2;2120,2200000000003;1060,1100000000001;6,0;0;0;0;;868
C03068;1110,01;6;185,0;3044,32;0;0,06076890734219793;173;05/09/2025;0;5;0,8;12,0;26;0;0,0;0;0,0;;;0;0;0;;726
C03070;1280,88;18;71,16;5318,16;0;0,0133805677151496;83;24/01/2026;1;2;0,5;10,0;20;0;0,0;0;0,0;;;2;2;0;32,0;752
C03071;1885,04;24;78,54;3746,7;0;0,020962446953318923;233;10/01/2026;0;7;0,0;0,0;0;0;0,0;2;2677,75;1338,875;28,0;1;0;0;217,0;772
C03072;1548,09;12;129,01;5580,22;0;0,023119160176480493;353;04/02/2026;1;11;0,2727272727272727;3,090909090909091;24;0;0,0;2;1428,26;714,13;61,0;0;0;0;;727
C03073;3047,12;10;304,71;1504,25;0;0,20256606282200432;293;15/08/2025;1;9;0,5555555555555556;5,222222222222222;21;0;0,0;2;1444,1;722,05;332,0;1;1;0;113,0;693
C03074;2073,38;18;115,19;3410,85;0;0,03377164050016858;473;28/01/2026;1;15;0,6666666666666666;5,866666666666666;26;0;0,0;4;1053,11;263,2775;126,0;1;1;0;67,0;518
C03076;3721,55;12;310,13;3376,13;0;0,09185961441058253;233;16/01/2026;0;7;0,5714285714285714;4,571428571428571;15;0;0,0;3;1732,31;577,4366666666666;109,0;3;1;0;17,0;728
C03078;1918,35;24;79,93;4047,84;0;0,019746333847187637;353;11/01/2026;1;11;0,9090909090909091;13,181818181818182;26;0;0,0;2;2636,21;1318,105;56,0;1;0;0;288,0;786
C03080;796,69;6;132,78;1363,07;0;0,09741245864115564;173;15/01/2025;0;5;0,2;0,4;2;0;0,0;1;689,65;689,65;348,0;0;0;0;;769
C03081;4728,84;24;197,04;1182,51;0;0,16662861202019433;113;17/01/2026;1;3;1,0;17,0;24;0;0,0;4;8023,5599999999995;2005,8899999999999;74,0;3;1;0;7,0;616
C03082;4774,63;24;198,94;5523,86;0;0,036014670900421084;203;28/01/2026;1;6;0,5;9,833333333333334;23;0;0,0;6;5794,91;965,8183333333333;116,0;3;3;0;57,0;893
C03083;2266,46;12;188,87;2113,83;0;0,08934966388025528;353;30/01/2026;0;11;0,36363636363636365;0,6363636363636364;2;0;0,0;6;5250,259999999999;875,0433333333332;92,0;0;0;0;;888
C03084;1569,79;6;261,63;3359,09;0;0,0778871658693277;173;23/11/2025;0;5;0,4;2,4;11;0;0,0;2;2945,65;1472,825;116,0;2;0;0;27,0;738
C03085;1008,82;18;56,05;3120,75;0;0,01796042617960426;533;01/12/2025;0;17;0,5882352941176471;1,5294117647058822;10;0;0,0;3;3395,06;1131,6866666666667;192,0;0;0;0;;692
C03086;2786,2;18;154,79;1650,36;0;0,09379165757774062;203;14/01/2026;0;6;0,8333333333333334;7,166666666666667;26;0;0,0;0;0,0;;;1;1;0;191,0;581
C03087;1557,77;18;86,54;3046,89;0;0,028402731966037504;113;28/01/2026;1;3;0,0;0,0;0;0;0,0;1;152,08;152,08;763,0;0;0;0;;863
C03088;1899,62;12;158,3;3638,67;0;0,04350490701272718;293;01/02/2026;0;9;0,2222222222222222;0,3333333333333333;2;0;0,0;1;1216,22;1216,22;889,0;0;0;0;;720
C03089;3982,13;24;165,92;5214,35;0;0,0318198816726917;383;30/01/2026;1;12;0,5833333333333334;6,416666666666667;23;1;165,92;0;0,0;;;1;1;0;170,0;696
C03090;792,2;6;132,03;2530,27;0;0,052180202112818;173;10/01/2026;0;5;0,0;0,0;0;0;0,0;7;5981,79;854,5414285714286;45,0;0;0;0;;779
C03091;2993,74;18;166,32;2212,08;0;0,07518715417163936;323;19/01/2026;1;10;0,5;6,4;25;0;0,0;1;1855,68;1855,68;279,0;1;0;0;136,0;695
C03092;1254,78;12;104,56;2877,54;0;0,03633659306212946;203;29/01/2026;0;6;0,3333333333333333;1,0;4;0;0,0;2;3488,77;1744,385;417,0;0;0;0;;779
C03093;2487,67;18;138,2;3140,47;0;0,044006151945409445;413;25/01/2026;0;13;0,3076923076923077;2,1538461538461537;19;0;0,0;5;6773,0;1354,6;79,0;0;0;0;;740
C03094;2141,66;12;178,47;3599,99;0;0,04957513770871586;353;11/11/2025;0;11;0,5454545454545454;9,363636363636363;26;0;0,0;3;1555,9699999999998;518,6566666666666;191,0;0;0;0;;711
C03095;1889,54;12;157,46;4296,91;0;0,036644937873960594;353;24/09/2025;0;11;0,09090909090909091;0,09090909090909091;1;0;0,0;7;6184,52;883,5028571428572;84,0;0;0;0;;709
C03096;770,22;12;64,18;5452,57;0;0,011770596250942218;353;13/06/2025;0;11;0,36363636363636365;1,1818181818181819;7;0;0,0;1;1975,16;1975,16;282,0;2;1;0;60,0;738
C03098;2832,57;24;118,02;2624,01;0;0,04497696274023345;143;10/01/2026;0;4;0,25;0,25;1;0;0,0;3;1695,04;565,0133333333333;352,0;1;0;0;55,0;780
C03100;4722,33;10;472,23;1032,3;0;0,4574542284219704;113;29/01/2026;1;3;1,0;19,666666666666668;23;0;0,0;4;5890,7;1472,675;121,0;0;0;0;;429
C03102;2616,08;10;261,61;6057,15;0;0,043190279256746164;293;03/08/2025;0;9;0,5555555555555556;5,666666666666667;19;0;0,0;4;2385,6000000000004;596,4000000000001;180,0;3;2;0;54,0;785
C03103;1820,87;12;151,74;2004,99;0;0,07568117546720932;353;13/06/2025;1;11;0,45454545454545453;6,818181818181818;22;0;0,0;0;0,0;;;1;1;0;127,0;785
C03104;2775,0;18;154,17;3203,44;0;0,048126389131683434;443;24/01/2026;1;14;0,7142857142857143;6,785714285714286;26;0;0,0;1;959,11;959,11;282,0;2;2;0;15,0;601
C03105;2422,02;24;100,92;3070,08;0;0,03287210756722952;443;29/01/2026;0;14;0,2857142857142857;2,2142857142857144;26;0;0,0;1;643,46;643,46;841,0;0;0;0;;789
C03106;664,52;12;55,38;4487,2;0;0,012341772151898736;353;17/10/2025;0;11;0,2727272727272727;3,0;16;0;0,0;2;2196,7599999999998;1098,3799999999999;130,0;1;1;0;149,0;924
C03107;1861,77;18;103,43;2161,47;0;0,04785169352338918;503;12/01/2026;0;16;0,25;2,9375;24;0;0,0;3;4336,18;1445,3933333333334;22,0;1;1;0;3,0;656
C03108;2341,86;18;130,1;3739,56;0;0,034790189220122156;323;04/02/2026;0;10;0,3;0,5;2;0;0,0;3;1379,38;459,79333333333335;355,0;0;0;0;;795
C03109;2213,08;18;122,95;6148,49;0;0,01999677969712889;83;22/01/2026;1;2;1,0;17,5;18;0;0,0;1;744,04;744,04;710,0;0;0;0;;634
C03110;2401,63;12;200,14;3908,66;0;0,0512042490265206;353;10/07/2025;1;11;0,45454545454545453;4,090909090909091;17;0;0,0;2;3147,93;1573,965;226,0;1;0;0;233,0;891
C03112;1572,44;10;157,24;8266,98;0;0,01902024681322563;293;04/10/2025;1;9;0,2222222222222222;2,111111111111111;17;0;0,0;1;908,9;908,9;464,0;3;3;0;2,0;610
C03113;3840,94;10;384,09;2094,34;0;0,18339429128030785;293;25/07/2025;0;9;0,8888888888888888;17,444444444444443;26;0;0,0;5;4747,79;949,558;96,0;1;1;0;24,0;603
C03114;925,6;6;154,27;3331,71;0;0,04630354982876661;83;11/01/2026;1;2;0,0;0,0;0;0;0,0;4;2593,26;648,315;225,0;0;0;0;;710
C03115;1817,93;18;101,0;2973,73;0;0,03396407878321166;533;23/12/2025;1;17;0,5882352941176471;8,588235294117647;24;0;0,0;2;2379,16;1189,58;122,0;3;2;0;43,0;631
C03116;2218,25;6;369,71;1922,82;0;0,19227488792502678;113;11/01/2026;0;3;0,3333333333333333;0,6666666666666666;2;0;0,0;2;2321,42;1160,71;383,0;0;0;0;;731
C03117;1790,08;10;179,01;2078,94;0;0,08610638113654073;293;13/10/2025;0;9;0,3333333333333333;0,6666666666666666;2;0;0,0;1;220,73;220,73;562,0;0;0;0;;677
C03118;572,55;12;47,71;2904,79;0;0,016424595237521475;353;23/10/2025;1;11;0,36363636363636365;4,636363636363637;20;0;0,0;0;0,0;;;0;0;0;;940
C03119;1952,21;12;162,68;3270,42;0;0,04974284648454939;203;12/01/2026;0;6;0,6666666666666666;10,833333333333334;24;0;0,0;2;1407,73;703,865;526,0;0;0;0;;785
C03120;2673,29;10;267,33;1681,04;0;0,15902655498976823;293;02/02/2026;0;9;0,3333333333333333;3,4444444444444446;26;0;0,0;3;3289,61;1096,5366666666666;25,0;0;0;0;;597
C03121;3016,81;12;251,4;4947,8;0;0,05081046121508549;353;26/11/2025;0;11;0,18181818181818182;0,18181818181818182;1;0;0,0;3;2327,13;775,71;425,0;0;0;0;;704
C03122;2635,09;10;263,51;2159,34;0;0,12203265812702029;113;03/02/2026;0;3;0,6666666666666666;6,666666666666667;17;0;0,0;1;545,07;545,07;265,0;0;0;0;;943
C03124;1775,81;12;147,98;3531,09;0;0,041907739536517045;353;21/12/2025;0;11;0,45454545454545453;2,090909090909091;12;0;0,0;1;694,56;694,56;636,0;0;0;0;;678
C03125;2495,53;12;207,96;3149,76;0;0,06602407802499238;353;21/12/2025;0;11;0,18181818181818182;0,18181818181818182;1;0;0,0;5;5135,78;1027,156;88,0;0;0;0;;808
C03126;475,7;12;39,64;3191,14;0;0,012421893116566494;353;19/07/2025;0;11;0,45454545454545453;1,0909090909090908;5;0;0,0;0;0,0;;;1;0;0;143,0;580
C03127;795,77;12;66,31;3164,73;0;0,02095281430011407;323;22/01/2026;0;10;0,3;0,3;1;0;0,0;1;2240,53;2240,53;143,0;0;0;0;;663
C03128;1528,74;6;254,79;3421,04;0;0,0744773519163763;173;04/06/2025;0;5;0,2;0,2;1;0;0,0;0;0,0;;;0;0;0;;784
C03130;1346,58;6;224,43;2525,91;0;0,08885114671544117;173;14/01/2026;0;5;0,4;5,8;18;0;0,0;0;0,0;;;0;0;0;;868
C03131;1764,88;12;147,07;3038,23;0;0,04840647350595577;293;04/02/2026;0;9;0,2222222222222222;2,4444444444444446;20;0;0,0;5;3643,83;728,766;2,0;0;0;0;;650
C03132;1919,27;12;159,94;1081,07;0;0,14794601644666858;353;02/01/2026;0;11;0,45454545454545453;4,545454545454546;23;0;0,0;5;2449,73;489,946;22,0;0;0;0;;556
C03134;1334,33;12;111,19;5570,84;0;0,019959288006835593;113;28/01/2026;0;3;0,3333333333333333;0,6666666666666666;2;0;0,0;6;4798,72;799,7866666666667;57,0;0;0;0;;901
C03135;5167,27;12;430,61;5739,29;0;0,07502844428492027;353;14/01/2026;0;11;0,2727272727272727;0,36363636363636365;2;0;0,0;1;665,76;665,76;689,0;0;0;0;;623
C03136;2407,64;10;240,76;1934,3;0;0,12446880008271725;293;02/09/2025;0;9;0,4444444444444444;3,4444444444444446;25;0;0,0;6;4438,049999999999;739,6749999999998;67,0;2;2;0;6,0;737
C03137;4992,6;10;499,26;1976,28;0;0,25262614609265893;293;14/06/2025;0;9;0,2222222222222222;1,3333333333333333;10;0;0,0;1;462,32;462,32;172,0;3;1;0;59,0;813
C03138;1510,7;10;151,07;3896,78;0;0,03876790580941187;293;03/01/2026;0;9;0,0;0,0;0;0;0,0;3;3517,7;1172,5666666666666;427,0;0;0;0;;756
C03139;5531,4;24;230,48;2725,08;0;0,08457733350947495;593;03/02/2026;1;19;0,7368421052631579;7,7894736842105265;24;1;230,48;1;514,16;514,16;805,0;2;2;0;130,0;541
C03140;2561,52;6;426,92;3506,43;0;0,12175346434978027;173;05/11/2025;0;5;0,4;4,4;21;0;0,0;6;8158,91;1359,8183333333334;114,0;0;0;0;;657
C03141;1239,33;10;123,93;2464,98;0;0,0502762699900202;293;28/04/2025;0;9;0,1111111111111111;0,2222222222222222;2;0;0,0;2;861,0;430,5;77,0;0;0;0;;876
C03142;1620,24;18;90,01;3343,12;0;0,026923951279044726;173;13/01/2026;0;5;0,4;0,8;2;0;0,0;1;689,51;689,51;53,0;0;0;0;;839
C03143;1964,84;12;163,74;2037,48;0;0,08036397903292303;113;18/01/2026;0;3;0,6666666666666666;2,6666666666666665;7;0;0,0;3;3909,1099999999997;1303,0366666666666;196,0;0;0;0;;671
C03144;2884,17;12;240,35;1351,44;0;0,1778473332149411;233;28/01/2026;0;7;0,5714285714285714;2,142857142857143;6;0;0,0;1;318,02;318,02;306,0;1;1;0;137,0;696
C03145;1512,67;18;84,04;2887,84;0;0,029101335254030695;503;18/01/2026;0;16;0,3125;1,8125;15;0;0,0;6;5215,07;869,1783333333333;107,0;0;0;0;;824
C03146;1464,46;12;122,04;3401,42;0;0,035879132832758086;353;18/10/2025;0;11;0,2727272727272727;0,5454545454545454;2;0;0,0;5;3958,5899999999997;791,718;161,0;1;1;0;72,0;787
C03147;4963,69;12;413,64;3238,51;0;0,12772540458420692;83;08/01/2026;1;2;0,0;0,0;0;0;0,0;0;0,0;;;0;0;0;;843
C03148;789,5;10;78,95;1233,18;0;0,06402147293987902;203;01/02/2026;1;6;0,16666666666666666;0,3333333333333333;2;0;0,0;4;3081,75;770,4375;60,0;0;0;0;;540
C03149;1380,84;12;115,07;5601,4;0;0,020543078516085264;353;07/08/2025;1;11;0,09090909090909091;0,09090909090909091;1;0;0,0;3;2317,16;772,3866666666667;89,0;1;0;0;37,0;705
C03150;2198,62;18;122,15;3024,66;0;0,040384704396527214;173;17/01/2026;0;5;0,2;0,2;1;0;0,0;0;0,0;;;1;0;0;159,0;513
C03151;1843,77;12;153,65;2370,62;0;0,06481426799740153;353;03/12/2025;0;11;0,36363636363636365;3,272727272727273;23;0;0,0;1;112,45;112,45;585,0;2;1;0;88,0;699
C03152;1359,87;6;226,64;4442,84;0;0,051012415481988996;173;18/12/2024;0;5;0,4;1,4;6;0;0,0;0;0,0;;;0;0;0;;695
C03154;1595,23;10;159,52;3935,92;0;0,0405292790503872;293;13/12/2025;0;9;0,4444444444444444;3,0;22;0;0,0;2;1193,26;596,63;426,0;0;0;0;;829
C03155;1410,87;10;141,09;2953,29;0;0,04777383866806172;293;26/04/2025;0;9;0,4444444444444444;2,4444444444444446;17;0;0,0;2;1842,6100000000001;921,3050000000001;235,0;1;1;0;23,0;583
C03156;1984,77;6;330,8;3177,04;0;0,10412207589454335;173;25/06/2025;0;5;0,4;2,0;8;0;0,0;5;7382,660000000001;1476,5320000000002;6,0;0;0;0;;602
C03157;2570,1;18;142,78;1489,94;0;0,09582936225619823;113;24/01/2026;1;3;0,6666666666666666;11,666666666666666;18;0;0,0;4;5045,530000000001;1261,3825000000002;101,0;0;0;0;;727
C03158;1562,54;18;86,81;2808,08;0;0,030914361414204724;83;22/01/2026;1;2;0,0;0,0;0;0;0,0;4;2564,5099999999998;641,1274999999999;163,0;2;2;0;10,0;659
C03161;1064,23;12;88,69;2523,36;0;0,03514758100310696;353;02/08/2025;1;11;0,45454545454545453;4,2727272727272725;21;0;0,0;1;1262,37;1262,37;853,0;2;2;0;78,0;705
C03162;953,94;6;158,99;3365,39;0;0,04724266726887523;173;29/05/2025;1;5;1,0;9,0;20;0;0,0;4;3019,84;754,96;13,0;0;0;0;;535
C03163;2886,42;12;240,54;4700,74;0;0,051170666746086786;353;22/09/2025;1;11;0,09090909090909091;0,18181818181818182;2;0;0,0;1;384,33;384,33;525,0;0;0;0;;745
C03164;1036,93;12;86,41;1275,03;0;0,06777095440891587;203;25/01/2026;1;6;0,16666666666666666;3,1666666666666665;19;0;0,0;1;380,31;380,31;666,0;2;1;0;5,0;739
C03165;6022,66;6;1003,78;3050,09;0;0,3290984856184571;173;30/12/2025;1;5;0,8;16,8;26;0;0,0;1;1650,26;1650,26;631,0;0;0;0;;504
C03168;1650,07;18;91,67;3919,59;0;0,02338765023892805;83;21/01/2026;0;2;0,5;4,0;8;0;0,0;0;0,0;;;0;0;0;;736
C03169;1111,57;18;61,75;6239,01;0;0,009897403594480535;473;16/01/2026;1;15;0,26666666666666666;1,2;15;0;0,0;1;183,8;183,8;509,0;3;2;0;69,0;616
C03170;9598,01;10;959,8;4188,12;0;0,22917203900556812;293;05/09/2025;1;9;0,4444444444444444;1,2222222222222223;7;0;0,0;5;4184,44;836,8879999999999;44,0;0;0;0;;766
C03171;840,95;18;46,72;2110,18;0;0,02214029134955312;383;30/01/2026;0;12;0,16666666666666666;1,3333333333333333;14;0;0,0;0;0,0;;;1;1;0;194,0;743
C03172;966,01;24;40,25;1364,27;0;0,02950295762568993;413;25/01/2026;1;13;0,23076923076923078;1,3076923076923077;14;0;0,0;2;2986,29;1493,145;154,0;3;2;0;3,0;668
C03173;949,53;10;94,95;4014,74;0;0,023650348465903148;83;27/01/2026;1;2;0,5;0,5;1;0;0,0;5;3270,51;654,1020000000001;263,0;0;0;0;;452
C03174;2350,62;24;97,94;1635,1;0;0,05989847715736041;173;11/01/2026;1;5;0,4;8,0;21;0;0,0;1;938,36;938,36;331,0;2;2;0;57,0;742
C03175;1831,72;18;101,76;2862,03;0;0,035555182859718454;473;24/01/2026;0;15;0,4;3,7333333333333334;22;0;0,0;5;6206,200000000001;1241,2400000000002;113,0;0;0;0;;716
C03176;1742,18;12;145,18;2003,5;0;0,07246318941851759;353;18/09/2025;0;11;0,2727272727272727;2,090909090909091;19;0;0,0;6;4422,85;737,1416666666668;114,0;1;1;0;24,0;795
C03178;1495,06;12;124,59;2448,2;0;0,050890450126623646;83;05/02/2026;0;2;0,5;0,5;1;0;0,0;0;0,0;;;0;0;0;;760
C03180;1573,75;24;65,57;1920,89;0;0,034135218570558436;353;17/01/2026;1;11;0,18181818181818182;2,727272727272727;20;0;0,0;1;2020,66;2020,66;457,0;2;2;0;70,0;726
C03181;2874,14;6;479,02;1274,53;0;0,37584050591198326;173;18/09/2025;1;5;0,8;8,6;16;0;0,0;10;8427,62;842,7620000000001;221,0;1;0;0;104,0;552
C03182;1720,06;12;143,34;3177,48;0;0,04511122021224367;323;28/01/2026;0;10;0,2;2,0;19;0;0,0;0;0,0;;;1;0;0;32,0;791
C03183;1478,73;24;61,61;1596,88;0;0,038581483893592505;83;28/01/2026;0;2;0,5;0,5;1;0;0,0;0;0,0;;;1;0;0;43,0;648
C03184;3224,68;12;268,72;1725,97;0;0,15569216150918036;353;04/10/2025;1;11;0,8181818181818182;8,636363636363637;21;0;0,0;1;231,71;231,71;118,0;0;0;0;;522
C03185;869,25;10;86,92;3439,32;0;0,02527243757486945;293;27/06/2025;1;9;0,8888888888888888;12,555555555555555;24;1;86,92;3;3553,1;1184,3666666666666;176,0;5;3;0;5,0;568
C03186;858,66;6;143,11;3852,28;0;0,03714942839045968;173;20/05/2025;0;5;0,0;0,0;0;0;0,0;2;1078,95;539,475;140,0;1;1;0;173,0;810
C03187;1626,72;12;135,56;3800,6;0;0,03566805241277693;263;08/01/2026;1;8;0,625;8,625;25;0;0,0;0;0,0;;;1;1;0;194,0;827
C03188;1750,91;18;97,27;2838,03;0;0,03427377441394206;293;26/01/2026;1;9;0,4444444444444444;5,444444444444445;25;0;0,0;0;0,0;;;2;1;0;100,0;621
C03189;2732,99;12;227,75;3233,07;0;0,07044388151199943;353;23/07/2025;0;11;0,45454545454545453;1,1818181818181819;7;0;0,0;3;821,19;273,73;40,0;0;0;0;;660
C03190;3385,87;24;141,08;1764,69;0;0,07994605284780897;383;09/01/2026;0;12;0,4166666666666667;2,4166666666666665;17;0;0,0;0;0,0;;;1;1;0;200,0;710
C03191;5635,39;12;469,62;4070,3;0;0,11537724492052183;353;31/12/2025;1;11;0,9090909090909091;12,0;25;0;0,0;7;8062,77;1151,8242857142857;198,0;0;0;0;;542
C03192;1529,98;24;63,75;4939,18;0;0,012907000757210711;293;10/01/2026;0;9;0,2222222222222222;0,5555555555555556;4;0;0,0;3;2565,06;855,02;167,0;0;0;0;;912
C03193;2295,55;12;191,3;4130,16;0;0,04631781819590525;83;30/01/2026;0;2;0,0;0,0;0;0;0,0;0;0,0;;;0;0;0;;796
C03194;869,28;12;72,44;4868,53;0;0,014879234594425833;173;29/01/2026;0;5;0,2;0,4;2;0;0,0;4;2938,2;734,55;95,0;0;0;0;;643
C03195;2535,59;18;140,87;5110,52;0;0,02756470965772563;233;23/01/2026;0;7;0,2857142857142857;0,42857142857142855;2;0;0,0;1;200,28;200,28;788,0;0;0;0;;810
C03196;949,06;18;52,73;2314,65;0;0,02278098200591882;533;15/12/2025;0;17;0,23529411764705882;0,7647058823529411;10;0;0,0;1;1387,93;1387,93;616,0;2;1;0;179,0;665
C03197;807,68;10;80,77;2863,74;0;0,02820437609559527;173;24/01/2026;0;5;0,2;0,4;2;0;0,0;2;1178,9;589,45;120,0;0;0;0;;871
C03198;3049,35;18;169,41;1836,34;0;0,09225415772678262;113;24/01/2026;0;3;0,3333333333333333;2,6666666666666665;8;0;0,0;1;643,3;643,3;160,0;0;0;0;;797
C03199;1518,15;12;126,51;4661,45;0;0,027139623936757878;353;03/11/2025;0;11;0,36363636363636365;2,5454545454545454;22;0;0,0;3;4848,55;1616,1833333333334;198,0;1;1;0;3,0;637
C03200;1551,0;10;155,1;3921,37;0;0,03955250333429388;293;08/06/2025;0;9;0,6666666666666666;8,11111111111111;22;0;0,0;4;4273,04;1068,26;54,0;1;1;0;47,0;613
C03202;2848,58;6;474,76;2224,03;0;0,21346834350256064;173;26/12/2025;0;5;0,8;18,0;26;0;0,0;6;6040,400000000001;1006,7333333333335;48,0;4;3;0;45,0;553
C03203;1664,33;18;92,46;2359,64;0;0,03918394331338679;413;20/01/2026;0;13;0,38461538461538464;4,538461538461538;22;0;0,0;1;740,14;740,14;552,0;2;2;0;180,0;596
C03204;5221,48;10;522,15;2627,72;0;0,19870838597719698;293;17/04/2025;1;9;0,6666666666666666;12,444444444444445;26;0;0,0;0;0,0;;;1;0;0;204,0;552
C03205;4033,04;18;224,06;3130,6;0;0,0715709448667987;533;24/12/2025;1;17;0,6470588235294118;7,882352941176471;19;0;0,0;0;0,0;;;1;1;0;161,0;697
C03206;2038,51;10;203,85;2783,44;0;0,07323671428160837;293;11/05/2025;1;9;0,5555555555555556;7,888888888888889;24;0;0,0;6;2813,84;468,97333333333336;137,0;0;0;0;;621
C03207;2997,83;6;499,64;3413,34;0;0,1463786203542571;173;22/01/2026;1;5;1,0;10,4;23;0;0,0;1;1135,69;1135,69;208,0;0;0;0;;522
C03208;2823,03;10;282,3;3142,72;0;0,08982664698095918;293;20/04/2025;0;9;0,2222222222222222;0,3333333333333333;2;0;0,0;1;422,35;422,35;136,0;0;0;0;;759
C03209;3968,41;10;396,84;4837,21;0;0,08203902662898654;233;11/01/2026;0;7;0,42857142857142855;7,428571428571429;24;0;0,0;2;4212,12;2106,06;274,0;2;0;0;3,0;780
C03210;3052,11;10;305,21;3017,16;0;0,10115804266263638;293;07/08/2025;1;9;0,7777777777777778;10,0;25;0;0,0;4;5256,219999999999;1314,0549999999998;194,0;4;2;0;32,0;630
C03211;2686,26;24;111,93;3783,3;0;0,029585282689715327;533;10/01/2026;0;17;0,23529411764705882;2,176470588235294;22;0;0,0;1;282,47;282,47;784,0;1;0;0;165,0;905
C03212;3593,13;12;299,43;2990,35;0;0,10013209156118849;353;10/01/2026;0;11;0,2727272727272727;0,36363636363636365;2;0;0,0;6;9575,18;1595,8633333333335;95,0;0;0;0;;682
C03213;1951,21;24;81,3;2423,03;0;0,033553030709483574;563;26/01/2026;0;18;0,5555555555555556;6,166666666666667;24;0;0,0;5;6773,0;1354,6;80,0;0;0;0;;747
C03214;1604,6;10;160,46;2868,58;0;0,0559370838533351;293;13/01/2026;0;9;0,4444444444444444;6,333333333333333;26;0;0,0;1;900,9;900,9;396,0;0;0;0;;721
C03215;1869,63;10;186,96;1379,41;0;0,13553620750900747;293;30/10/2025;0;9;0,3333333333333333;0,4444444444444444;2;0;0,0;5;4601,99;920,3979999999999;368,0;0;0;0;;920
C03216;873,83;12;72,82;2300,02;0;0,03166059425570212;353;22/07/2025;0;11;0,18181818181818182;0,9090909090909091;6;0;0,0;1;580,43;580,43;637,0;0;0;0;;801
C03217;1302,85;6;217,14;2165,89;0;0,10025439888452323;173;12/07/2025;0;5;0,4;0,6;2;0;0,0;2;3406,0;1703,0;125,0;0;0;0;;826
C03218;1047,6;12;87,3;1501,16;0;0,05815502677929068;353;11/09/2025;0;11;0,6363636363636364;8,090909090909092;22;0;0,0;2;6110,74;3055,37;305,0;1;1;0;193,0;563
C03219;1891,41;18;105,08;2877,95;0;0,03651210062718255;473;26/01/2026;1;15;0,4666666666666667;3,4;23;0;0,0;1;390,41;390,41;394,0;0;0;0;;531
C03220;1037,44;12;86,45;2477,75;0;0,034890525678539;353;29/06/2025;0;11;0,45454545454545453;0,6363636363636364;2;0;0,0;2;2445,08;1222,54;21,0;1;0;0;257,0;634
C03221;1688,17;10;168,82;2313,47;0;0,07297263418155411;293;16/06/2025;0;9;0,7777777777777778;12,222222222222221;26;0;0,0;2;1551,3400000000001;775,6700000000001;196,0;0;0;0;;756
C03222;2628,08;10;262,81;3578,12;0;0,07344918560584889;113;25/01/2026;1;3;0,6666666666666666;1,3333333333333333;2;0;0,0;2;2677,75;1338,875;43,0;0;0;0;;646
C03223;1624,86;6;270,81;2649,39;0;0,10221598179203516;143;12/01/2026;1;4;0,5;8,75;23;1;270,81;5;3315,73;663,146;183,0;0;0;0;;575
C03224;1595,06;18;88,61;1678,1;0;0,05280376616411418;533;30/01/2026;0;17;0,47058823529411764;4,9411764705882355;26;0;0,0;2;3234,6899999999996;1617,3449999999998;513,0;1;0;0;44,0;509
C03225;1233,02;12;102,75;3769,1;0;0,027261149876628372;263;03/02/2026;0;8;0,375;3,125;19;0;0,0;2;1393,4099999999999;696,7049999999999;139,0;0;0;0;;645
C03226;1441,55;18;80,09;2331,15;0;0,03435643351993651;83;28/01/2026;0;2;0,0;0,0;0;0;0,0;2;1362,06;681,03;27,0;0;0;0;;664
C03227;1053,94;18;58,55;1627,87;0;0,035967245541720164;83;25/01/2026;0;2;0,0;0,0;0;0;0,0;8;5718,889999999999;714,8612499999999;22,0;0;0;0;;747
C03228;2257,49;12;188,12;3207,27;0;0,05865424488739645;293;11/01/2026;0;9;0,2222222222222222;3,0;26;0;0,0;3;1144,5;381,5;103,0;2;2;0;196,0;919
C03229;1049,33;10;104,93;1804,63;0;0,05814488288458022;233;20/01/2026;1;7;0,7142857142857143;10,142857142857142;26;0;0,0;8;8469,71;1058,71375;20,0;0;0;0;;555
C03230;1450,38;6;241,73;1721,81;0;0,14039295857266482;173;19/04/2025;0;5;0,4;0,6;2;0;0,0;2;2164,16;1082,08;145,0;2;0;0;21,0;683
C03231;3098,87;12;258,24;4437,48;0;0,05819519186565349;353;10/08/2025;1;11;0,8181818181818182;12,0;25;0;0,0;5;8070,84;1614,1680000000001;246,0;4;3;0;69,0;504
C03232;4418,01;24;184,08;900,0;0;0,20453333333333334;203;12/01/2026;1;6;1,0;12,0;23;1;184,08;3;5846,79;1948,93;850,0;2;1;0;86,0;672
C03233;988,69;12;82,39;2701,12;0;0,030502162066105912;263;14/01/2026;1;8;0,375;7,125;26;0;0,0;4;2547,12;636,78;296,0;0;0;0;;747
C03235;1915,68;24;79,82;2564,54;0;0,031124490161978366;563;19/01/2026;0;18;0,2777777777777778;1,7222222222222223;20;0;0,0;2;961,72;480,86;354,0;0;0;0;;636
C03237;1128,18;6;188,03;4505,31;0;0,04173519691208818;83;02/02/2026;1;2;1,0;4,5;7;0;0,0;0;0,0;;;0;0;0;;794
C03239;1657,15;12;138,1;5766,3;0;0,02394949967917035;113;05/02/2026;0;3;0,0;0,0;0;0;0,0;1;610,56;610,56;80,0;0;0;0;;953
C03241;2768,41;24;115,35;4141,58;0;0,027851689451851708;533;09/01/2026;1;17;0,35294117647058826;2,588235294117647;23;0;0,0;0;0,0;;;0;0;0;;704
C03242;2995,77;12;249,65;2132,86;0;0,11704940783736391;353;01/10/2025;0;11;0,5454545454545454;6,454545454545454;26;0;0,0;3;3354,86;1118,2866666666666;104,0;2;1;0;68,0;711
C03243;2227,16;10;222,72;2476,63;0;0,08992865304869924;203;03/02/2026;1;6;0,5;2,1666666666666665;10;0;0,0;0;0,0;;;0;0;0;;594
C03244;3801,47;12;316,79;3985,28;0;0,07949002328569134;353;11/01/2026;1;11;0,18181818181818182;0,18181818181818182;1;0;0,0;1;557,12;557,12;695,0;1;0;0;110,0;632
C03245;1339,51;24;55,81;3655,77;0;0,015266277692524421;563;02/02/2026;0;18;0,6666666666666666;8,11111111111111;26;0;0,0;2;1501,48;750,74;229,0;1;0;0;295,0;637
C03246;1416,6;10;141,66;1653,56;0;0,08566970657248603;293;21/05/2025;0;9;0,1111111111111111;0,2222222222222222;2;0;0,0;6;3427,07;571,1783333333334;203,0;1;0;0;65,0;723
C03247;1347,76;10;134,78;2276,11;0;0,05921506429829841;293;10/05/2025;1;9;0,5555555555555556;7,111111111111111;18;0;0,0;3;4398,05;1466,0166666666667;73,0;1;1;0;114,0;583
C03248;2832,02;18;157,33;2424,0;0;0,06490511551155116;443;05/02/2026;0;14;0,7142857142857143;8,214285714285714;26;0;0,0;2;1611,1699999999998;805,5849999999999;291,0;1;1;0;9,0;551
C03249;2951,33;10;295,13;2913,82;0;0,10128628398459753;293;27/08/2025;1;9;0,7777777777777778;14,333333333333334;24;0;0,0;0;0,0;;;2;2;0;114,0;608
C03250;443,84;12;36,99;3401,34;0;0,010875125685759142;233;06/02/2026;0;7;0,5714285714285714;6,142857142857143;26;0;0,0;6;6119,32;1019,8866666666667;142,0;2;1;0;43,0;761
C03251;1785,89;12;148,82;5768,25;0;0,02579985264161574;353;31/07/2025;0;11;0,36363636363636365;0,45454545454545453;2;0;0,0;2;840,9599999999999;420,47999999999996;378,0;0;0;0;;824
C03252;1766,36;18;98,13;2797,0;0;0,03508401859134787;353;21/01/2026;0;11;0,2727272727272727;2,1818181818181817;22;0;0,0;2;3662,54;1831,27;254,0;0;0;0;;525
C03253;843,46;10;84,35;3390,85;0;0,024875768612589763;293;14/09/2025;0;9;0,2222222222222222;0,4444444444444444;2;0;0,0;1;1401,91;1401,91;590,0;0;0;0;;740
C03254;2046,63;12;170,55;2480,39;0;0,06875934832828709;353;30/06/2025;0;11;0,18181818181818182;0,2727272727272727;2;0;0,0;3;2670,57;890,19;63,0;1;1;0;44,0;871
C03255;1742,82;10;174,28;915,81;0;0,19030148174839762;233;12/01/2026;1;7;0,2857142857142857;1,0;4;0;0,0;0;0,0;;;2;0;0;134,0;677
C03256;4654,14;12;387,84;4803,79;0;0,08073625200102419;353;10/09/2025;1;11;0,6363636363636364;8,363636363636363;22;0;0,0;1;634,56;634,56;173,0;0;0;0;;629
C03257;1616,05;12;134,67;1391,82;0;0,09675820149157219;353;12/08/2025;0;11;0,09090909090909091;0,9090909090909091;10;0;0,0;3;2999,3900000000003;999,7966666666667;89,0;0;0;0;;664
C03258;2055,26;12;171,27;5751,74;0;0,02977707615434634;83;23/01/2026;0;2;0,0;0,0;0;0;0,0;5;5099,72;1019,9440000000001;202,0;0;0;0;;746
C03259;2273,95;12;189,5;5536,9;0;0,034224927305893195;353;20/01/2026;0;11;0,2727272727272727;0,36363636363636365;2;0;0,0;1;647,22;647,22;770,0;2;1;0;105,0;717
C03260;2876,02;24;119,83;2977,1;0;0,040250579422928354;173;05/02/2026;0;5;0,0;0,0;0;0;0,0;1;488,71;488,71;738,0;1;0;0;8,0;742
C03261;746,86;10;74,69;2615,62;0;0,028555371193063214;293;15/06/2025;1;9;0,3333333333333333;4,222222222222222;16;0;0,0;0;0,0;;;5;1;0;27,0;647
C03262;1843,29;12;153,61;2510,77;0;0,06118043468736683;143;09/01/2026;0;4;1,0;8,0;22;0;0,0;1;1331,5;1331,5;318,0;0;0;0;;777
C03263;1173,59;6;195,6;2566,12;0;0,07622402693560706;173;16/01/2026;0;5;0,4;5,4;26;0;0,0;1;1712,14;1712,14;569,0;0;0;0;;729
C03264;5343,32;12;445,28;1758,04;0;0,2532820641168574;353;21/07/2025;1;11;0,7272727272727273;6,909090909090909;20;0;0,0;2;2025,2599999999998;1012,6299999999999;100,0;1;1;0;162,0;453
C03266;1708,15;12;142,35;5401,34;0;0,02635457127305446;353;04/02/2026;0;11;0,5454545454545454;7,090909090909091;26;0;0,0;2;1940,11;970,055;508,0;2;1;0;174,0;855
C03267;2168,37;12;180,7;1915,54;0;0,09433371268676195;323;21/01/2026;1;10;0,8;5,1;20;0;0,0;6;7477,389999999999;1246,2316666666666;44,0;1;1;0;129,0;701
C03268;2983,9;18;165,77;3499,47;0;0,04737003031887686;293;25/01/2026;0;9;0,1111111111111111;0,2222222222222222;2;0;0,0;4;2840,4;710,1;56,0;0;0;0;;601
C03269;1664,53;18;92,47;2763,11;0;0,03346591340916576;83;27/01/2026;1;2;1,0;17,0;20;0;0,0;3;1138,29;379,43;181,0;0;0;0;;644
C03270;2835,19;24;118,13;2035,61;0;0,058031744784118766;83;08/01/2026;1;2;0,5;11,0;22;0;0,0;4;3306,8599999999997;826,7149999999999;179,0;0;0;0;;489
C03271;2157,27;12;179,77;3196,77;0;0,05623488708915562;353;01/07/2025;0;11;0,36363636363636365;2,909090909090909;23;0;0,0;5;3663,47;732,694;43,0;2;1;0;16,0;709
C03273;2005,45;12;167,12;4302,54;0;0,03884217229822384;83;04/02/2026;1;2;1,0;12,0;12;0;0,0;0;0,0;;;0;0;0;;699
C03274;1141,74;6;190,29;2777,17;0;0,068519392042979;173;31/01/2025;0;5;0,0;0,0;0;0;0,0;1;228,66;228,66;23,0;2;0;0;14,0;696
C03276;8009,17;10;800,92;5542,6;0;0,1445025800165987;83;27/01/2026;1;2;1,0;11,5;21;0;0,0;2;2505,19;1252,595;84,0;0;0;0;;450
C03278;2550,55;12;212,55;2277,45;0;0,09332806428242114;293;20/01/2026;0;9;0,4444444444444444;1,3333333333333333;7;0;0,0;4;2715,22;678,805;71,0;0;0;0;;859
C03280;4839,05;10;483,9;2786,83;0;0,1736381480032869;293;27/08/2025;1;9;0,4444444444444444;5,666666666666667;24;0;0,0;2;1188,27;594,135;513,0;3;1;0;115,0;738
C03282;1114,75;24;46,45;2091,49;0;0,02220904713864279;203;26/01/2026;1;6;0,8333333333333334;10,666666666666666;25;0;0,0;2;1520,75;760,375;671,0;2;2;0;5,0;637
C03283;8241,07;10;824,11;2800,23;0;0,29430082528935125;143;20/01/2026;1;4;1,0;23,0;26;0;0,0;0;0,0;;;1;1;0;103,0;658
C03284;1464,09;6;244,02;4197,78;0;0,05813072624101311;173;16/08/2025;0;5;0,4;0,8;2;0;0,0;8;11893,0;1486,625;52,0;3;1;0;78,0;751
C03286;1468,08;18;81,56;3272,49;0;0,024922918022667755;503;15/01/2026;1;16;0,3125;4,0625;26;0;0,0;2;821,44;410,72;543,0;1;0;0;32,0;719
C03287;2191,99;12;182,67;2161,76;0;0,08450059211013247;233;22/01/2026;1;7;0,42857142857142855;4,428571428571429;19;0;0,0;2;3565,3;1782,65;56,0;1;1;0;86,0;772
C03288;1871,12;12;155,93;3276,93;0;0,04758417177052913;143;16/01/2026;0;4;0,25;0,25;1;0;0,0;4;3915,77;978,9425;193,0;1;0;0;9,0;872
C03289;1060,26;12;88,36;3989,28;0;0,022149360285565314;143;03/02/2026;1;4;0,25;6,5;26;0;0,0;1;805,81;805,81;186,0;1;1;0;108,0;628
C03290;899,04;12;74,92;3480,7;0;0,02152440601028529;173;02/02/2026;0;5;0,0;0,0;0;0;0,0;6;4042,32;673,72;116,0;1;0;0;29,0;791
C03291;753,31;18;41,85;2404,25;0;0,017406675678486014;203;02/02/2026;0;6;0,6666666666666666;3,6666666666666665;10;0;0,0;2;1290,55;645,275;154,0;0;0;0;;731
C03292;1049,86;12;87,49;3586,39;0;0,02439500444736908;233;17/01/2026;0;7;0,2857142857142857;1,7142857142857142;10;0;0,0;1;514,35;514,35;860,0;0;0;0;;667
C03293;2343,56;12;195,3;4323,22;0;0,045174661479175246;113;13/01/2026;1;3;0,3333333333333333;0,3333333333333333;1;0;0,0;0;0,0;;;1;1;0;15,0;601
C03294;1819,79;6;303,3;2897,9;0;0,1046619966182408;173;18/03/2025;0;5;0,6;1,2;2;0;0,0;1;1713,02;1713,02;773,0;0;0;0;;653
C03295;2193,24;10;219,32;5269,05;0;0,04162420170618992;293;20/12/2025;0;9;0,5555555555555556;1,4444444444444444;8;0;0,0;2;1599,0300000000002;799,5150000000001;230,0;0;0;0;;772
C03296;1289,76;12;107,48;3089,74;0;0,03478609850667047;293;30/01/2026;0;9;0,3333333333333333;0,5555555555555556;2;0;0,0;4;5351,87;1337,9675;329,0;1;0;0;77,0;902
C03297;898,96;10;89,9;2796,1;0;0,03215192589678481;293;23/04/2025;0;9;0,4444444444444444;7,333333333333333;22;0;0,0;3;1581,39;527,13;375,0;3;2;0;11,0;616
C03298;1564,96;24;65,21;4664,64;0;0,013979642587638058;413;16/01/2026;0;13;0,07692307692307693;0,15384615384615385;2;0;0,0;2;712,5999999999999;356,29999999999995;262,0;1;0;0;102,0;765
C03299;3496,42;10;349,64;2833,52;0;0,12339422343939693;293;12/08/2025;1;9;0,8888888888888888;11,333333333333334;18;0;0,0;2;2445,08;1222,54;65,0;1;1;0;157,0;418
C03300;1302,07;18;72,34;3994,33;0;0,018110671877386197;203;27/01/2026;0;6;0,3333333333333333;1,8333333333333333;6;0;0,0;1;1133,99;1133,99;505,0;1;1;0;134,0;725
C03301;3809,47;6;634,91;989,16;0;0,6418678474665372;173;15/01/2025;1;5;1,0;17,2;26;0;0,0;4;3352,89;838,2225;110,0;2;2;0;128,0;386
C03302;2648,51;18;147,14;4912,5;0;0,02995216284987277;173;03/02/2026;0;5;0,0;0,0;0;0;0,0;1;2761,44;2761,44;839,0;1;0;0;129,0;518
C03306;3752,54;6;625,42;1991,8;0;0,31399738929611404;173;04/08/2025;1;5;1,0;11,0;18;0;0,0;4;3335,6000000000004;833,9000000000001;182,0;0;0;0;;600
C03307;766,28;10;76,63;3957,4;0;0,01936372365694648;293;03/06/2025;0;9;0,4444444444444444;0,7777777777777778;2;0;0,0;1;799,48;799,48;123,0;2;0;0;130,0;876
C03308;3506,29;18;194,79;5324,5;0;0,036583716780918395;533;31/01/2026;0;17;0,35294117647058826;1,0;10;0;0,0;3;4234,55;1411,5166666666667;367,0;0;0;0;;792
C03309;1337,22;12;111,44;1796,55;0;0,062030001948178454;353;06/12/2025;0;11;0,36363636363636365;4,181818181818182;26;0;0,0;5;5072,75;1014,55;359,0;0;0;0;;618
C03310;2447,55;12;203,96;3681,39;0;0,055402986371995366;83;13/01/2026;0;2;0,0;0,0;0;0;0,0;5;3114,9700000000003;622,994;150,0;1;0;0;46,0;780
C03311;1900,19;10;190,02;3237,47;0;0,05869398017587808;203;21/01/2026;0;6;0,0;0,0;0;0;0,0;7;6844,370000000001;977,767142857143;0,0;0;0;0;;819
C03312;2006,37;18;111,46;3196,44;0;0,03487004292275156;533;17/01/2026;1;17;0,5294117647058824;7,705882352941177;26;0;0,0;2;1311,1399999999999;655,5699999999999;373,0;1;1;0;179,0;692
C03313;4902,72;12;408,56;5833,31;0;0,07003913729940633;353;08/12/2025;0;11;0,45454545454545453;2,909090909090909;23;1;408,56;2;2003,74;1001,87;279,0;1;0;0;111,0;785
C03314;1041,22;24;43,38;2412,26;0;0,017983136146186563;563;17/01/2026;1;18;0,5;7,166666666666667;26;0;0,0;3;1566,62;522,2066666666666;645,0;1;0;0;234,0;718
C03315;1643,09;12;136,92;3775,74;0;0,03626309014921578;353;20/09/2025;0;11;0,09090909090909091;2,272727272727273;25;0;0,0;0;0,0;;;2;1;0;71,0;652
C03316;2165,32;18;120,3;6486,25;0;0,018546926190017344;233;14/01/2026;0;7;0,14285714285714285;0,14285714285714285;1;0;0,0;2;875,18;437,59;119,0;2;0;0;29,0;711
C03317;1536,84;12;128,07;1931,13;0;0,06631868387938668;353;10/10/2025;1;11;0,5454545454545454;5,7272727272727275;26;0;0,0;0;0,0;;;2;0;0;91,0;637
C03318;3165,89;18;175,88;2280,08;0;0,07713764429318269;293;23/01/2026;0;9;0,3333333333333333;1,2222222222222223;6;0;0,0;3;4621,73;1540,5766666666666;161,0;0;0;0;;746
C03319;3419,0;18;189,94;3775,9;0;0,05030323896289626;443;08/01/2026;0;14;0,35714285714285715;3,7142857142857144;26;0;0,0;1;316,84;316,84;721,0;4;1;0;112,0;650
C03320;2341,24;24;97,55;6166,3;0;0,015819859559217032;443;11/01/2026;1;14;0,8571428571428571;13,214285714285714;25;0;0,0;2;2922,96;1461,48;33,0;0;0;0;;588
C03321;1251,7;18;69,54;2048,54;0;0,033946127485916806;353;24/01/2026;0;11;0,36363636363636365;3,5454545454545454;18;0;0,0;4;4502,12;1125,53;264,0;0;0;0;;673
C03322;1424,69;10;142,47;3599,45;0;0,03958104710441873;203;30/01/2026;0;6;0,5;0,8333333333333334;2;0;0,0;6;4693,89;782,315;97,0;0;0;0;;777
C03324;2583,47;18;143,53;2343,13;0;0,06125567083345781;323;11/01/2026;0;10;0,3;2,7;24;0;0,0;0;0,0;;;0;0;0;;802
C03325;2367,39;24;98,64;2180,19;0;0,04524376315825685;203;19/01/2026;0;6;0,3333333333333333;2,6666666666666665;10;0;0,0;2;2872,45;1436,225;722,0;2;0;0;64,0;829
C03326;4031,95;24;168,0;3857,94;0;0,04354655593399586;353;03/02/2026;0;11;0,09090909090909091;0,18181818181818182;2;0;0,0;8;6604,34;825,5425;19,0;0;0;0;;641
C03327;2029,36;12;169,11;3258,89;0;0,051891901843879366;353;31/12/2025;0;11;0,18181818181818182;0,2727272727272727;2;0;0,0;7;5981,79;854,5414285714286;35,0;0;0;0;;900
C03328;3444,95;18;191,39;3109,58;0;0,0615485049427897;533;08/12/2025;1;17;0,17647058823529413;0,4117647058823529;4;0;0,0;0;0,0;;;0;0;0;;802
C03329;1797,42;10;179,74;5508,92;0;0,03262708480065058;293;26/06/2025;0;9;0,1111111111111111;0,2222222222222222;2;0;0,0;1;2371,49;2371,49;742,0;1;0;0;93,0;806
C03331;2351,85;24;97,99;2008,43;0;0,048789352877620824;83;22/01/2026;1;2;1,0;11,0;13;0;0,0;0;0,0;;;0;0;0;;677
C03332;2156,19;24;89,84;1927,51;0;0,04660935611228995;563;03/02/2026;1;18;0,2777777777777778;0,3333333333333333;2;0;0,0;3;4237,95;1412,6499999999999;376,0;2;0;0;34,0;782
C03333;2964,65;10;296,47;2907,0;0;0,10198486412108704;293;18/05/2025;1;9;0,5555555555555556;4,888888888888889;26;0;0,0;1;270,68;270,68;420,0;1;1;0;100,0;648
C03334;3543,27;18;196,85;1865,96;0;0,10549529464725932;113;18/01/2026;0;3;0,6666666666666666;1,6666666666666667;4;0;0,0;3;2654,84;884,9466666666667;549,0;1;1;0;90,0;750
C03336;6296,43;18;349,8;2996,75;0;0,11672645365812964;503;17/01/2026;0;16;0,4375;2,75;22;0;0,0;0;0,0;;;0;0;0;;517
C03337;2145,6;12;178,8;3118,86;0;0,05732863931051731;353;27/08/2025;0;11;0,18181818181818182;2,1818181818181817;23;0;0,0;1;156,36;156,36;64,0;1;1;0;139,0;803
C03338;14000,0;18;777,78;2519,47;0;0,308707783779922;533;12/01/2026;0;17;0,35294117647058826;1,9411764705882353;16;0;0,0;4;3565,07;891,2675;207,0;2;1;0;59,0;782
C03339;2885,12;12;240,43;3655,64;0;0,06576960532218709;353;14/12/2025;0;11;0,45454545454545453;2,8181818181818183;25;0;0,0;2;1035,44;517,72;586,0;1;0;0;174,0;759
C03340;1170,06;12;97,5;3378,71;0;0,028857167380449935;293;02/02/2026;0;9;0,3333333333333333;3,111111111111111;25;0;0,0;5;7992,829999999999;1598,5659999999998;123,0;0;0;0;;710
C03341;1754,79;18;97,49;4050,31;0;0,02406976256138419;353;03/02/2026;0;11;0,45454545454545453;4,909090909090909;21;0;0,0;5;4202,6900000000005;840,5380000000001;129,0;2;0;0;173,0;720
C03342;4201,44;12;350,12;4129,37;0;0,08478775212683776;203;25/01/2026;1;6;0,8333333333333334;5,333333333333333;13;0;0,0;0;0,0;;;4;4;0;15,0;649
C03343;2100,4;10;210,04;1756,84;0;0,11955556567473419;173;05/02/2026;0;5;0,8;4,6;20;0;0,0;5;1509,5700000000002;301,91400000000004;222,0;0;0;0;;775
C03344;984,53;10;98,45;3832,57;0;0,02568772390328161;113;02/02/2026;0;3;0,3333333333333333;0,6666666666666666;2;0;0,0;1;269,56;269,56;781,0;0;0;0;;934
C03345;766,82;18;42,6;2150,73;0;0,019807228243433627;383;25/01/2026;1;12;0,6666666666666666;5,25;26;0;0,0;3;2313,9;771,3000000000001;265,0;1;0;0;137,0;709
C03346;1682,6;10;168,26;1788,16;0;0,09409672512526843;293;27/12/2025;0;9;0,4444444444444444;4,666666666666667;23;0;0,0;1;591,59;591,59;534,0;2;2;0;95,0;731
C03349;2898,69;10;289,87;2372,87;0;0,12216008462326214;173;18/01/2026;1;5;0,4;1,6;6;0;0,0;3;2432,57;810,8566666666667;503,0;0;0;0;;624
C03350;1680,43;12;140,04;4744,8;0;0,0295144157814871;263;29/01/2026;0;8;0,625;6,125;20;0;0,0;7;6618,68;945,5257142857143;124,0;1;0;0;232,0;823
C03351;1317,38;12;109,78;6257,68;0;0,017543242863169738;173;10/01/2026;0;5;0,4;4,6;21;0;0,0;5;3269,12;653,824;66,0;0;0;0;;674
C03352;4398,25;10;439,82;2085,63;0;0,2108811246481878;293;01/09/2025;1;9;0,8888888888888888;12,11111111111111;24;0;0,0;3;1531,28;510,4266666666667;59,0;0;0;0;;561
C03353;3272,96;6;545,49;4084,22;0;0,13356038607126944;173;20/12/2024;1;5;0,8;12,8;24;0;0,0;1;357,7;357,7;824,0;2;0;0;3,0;709
C03354;2319,23;12;193,27;3048,07;0;0,0634073364456853;353;07/08/2025;1;11;0,36363636363636365;3,727272727272727;15;0;0,0;1;3447,03;3447,03;225,0;0;0;0;;690
C03355;1740,08;12;145,01;1591,47;0;0,09111701760008042;173;21/01/2026;0;5;0,6;7,0;19;0;0,0;1;572,65;572,65;877,0;1;1;0;158,0;845
C03356;1613,87;12;134,49;2996,88;0;0,044876671738608154;233;05/02/2026;0;7;0,2857142857142857;0,2857142857142857;1;0;0,0;2;1082,01;541,005;338,0;1;0;0;171,0;637
C03357;3772,44;24;157,18;4862,69;0;0,03232367269967858;383;08/01/2026;1;12;0,6666666666666666;5,666666666666667;23;0;0,0;0;0,0;;;3;2;0;15,0;597
C03358;1298,28;10;129,83;2247,34;0;0,0577705198145363;293;03/01/2026;0;9;0,4444444444444444;1,3333333333333333;6;0;0,0;3;3966,97;1322,3233333333333;19,0;1;0;0;97,0;652
C03359;1934,04;12;161,17;3321,09;0;0,04852924792763821;353;26/07/2025;0;11;0,2727272727272727;2,8181818181818183;11;0;0,0;0;0,0;;;3;2;0;2,0;767
C03360;5007,21;10;500,72;4518,23;0;0,11082215823452991;263;20/01/2026;0;8;0,375;0,5;2;0;0,0;4;1991,03;497,7575;49,0;0;0;0;;746
C03361;964,49;10;96,45;3007,44;0;0,03207046524618945;83;19/01/2026;0;2;0,5;0,5;1;0;0,0;7;4603,57;657,6528571428571;368,0;1;0;0;52,0;710
C03362;1665,65;6;277,61;4782,3;0;0,05804947410241934;173;20/03/2025;0;5;0,6;0,6;1;0;0,0;1;340,01;340,01;108,0;1;0;0;97,0;891
C03363;2741,58;18;152,31;2814,86;0;0,054109262982883696;533;06/02/2026;0;17;0,47058823529411764;4,411764705882353;24;0;0,0;4;2727,92;681,98;217,0;2;1;0;146,0;659
C03364;1238,07;18;68,78;2200,35;0;0,03125866339445997;353;11/01/2026;0;11;0,45454545454545453;0,7272727272727273;2;0;0,0;0;0,0;;;2;0;0;15,0;753
C03365;749,13;10;74,91;1225,55;0;0,06112357716943413;293;17/04/2025;0;9;0,5555555555555556;3,111111111111111;9;0;0,0;0;0,0;;;1;1;0;47,0;602
C03366;1043,63;12;86,97;2711,84;0;0,03207047613428521;173;27/01/2026;1;5;0,0;0,0;0;0;0,0;3;3785,04;1261,68;745,0;0;0;0;;846
C03367;4219,19;18;234,4;1982,33;0;0,118244691852517;413;08/01/2026;1;13;0,9230769230769231;15,538461538461538;25;0;0,0;0;0,0;;;0;0;0;;710
C03368;902,43;12;75,2;4060,63;0;0,018519293804163395;353;05/09/2025;0;11;0,5454545454545454;4,0;20;0;0,0;4;2551,8;637,95;164,0;1;0;0;98,0;766
C03369;3811,07;12;317,59;2367,83;0;0,13412702770046836;353;03/02/2026;1;11;0,7272727272727273;2,272727272727273;8;0;0,0;3;1225,1000000000001;408,36666666666673;48,0;2;2;0;61,0;784
C03370;3099,41;12;258,28;2501,73;0;0,10324055753418633;353;29/01/2026;1;11;0,18181818181818182;2,3636363636363638;25;0;0,0;7;7635,3;1090,757142857143;37,0;0;0;0;;824
C03371;1208,44;12;100,7;2142,76;0;0,04699546379435868;353;17/12/2025;0;11;0,45454545454545453;5,454545454545454;24;0;0,0;2;2483,28;1241,64;16,0;1;0;0;122,0;521
C03372;1983,29;18;110,18;3191,32;0;0,034524898787962346;353;19/01/2026;0;11;0,5454545454545454;5,636363636363637;25;0;0,0;2;1353,53;676,765;71,0;1;0;0;180,0;764
C03373;4365,07;12;363,76;1686,26;0;0,21571999573019582;293;30/01/2026;1;9;1,0;11,222222222222221;23;0;0,0;0;0,0;;;1;0;0;245,0;585
C03374;3500,05;10;350,0;1438,74;0;0,24326841541904723;293;11/09/2025;1;9;0,8888888888888888;13,222222222222221;21;0;0,0;2;846,6500000000001;423,32500000000005;192,0;1;1;0;134,0;550
C03376;1918,24;12;159,85;3519,73;0;0,0454154153869757;353;12/12/2025;0;11;0,18181818181818182;0,2727272727272727;2;0;0,0;3;2331,4399999999996;777,1466666666665;302,0;1;0;0;52,0;820
C03378;3691,1;10;369,11;2244,85;0;0,16442523999376352;293;11/12/2025;1;9;1,0;11,444444444444445;25;0;0,0;1;740,3;740,3;159,0;1;0;0;277,0;515
C03379;4213,28;10;421,33;3038,03;0;0,13868526643910692;113;29/01/2026;0;3;0,0;0,0;0;0;0,0;1;304,52;304,52;315,0;1;1;0;33,0;567
C03380;1205,23;12;100,44;2793,66;0;0,03595283606451752;173;20/01/2026;1;5;0,6;6,2;24;0;0,0;4;1485,3;371,325;224,0;0;0;0;;642
C03381;1002,88;18;55,72;4496,27;0;0,012392494222989277;233;30/01/2026;0;7;0,42857142857142855;2,7142857142857144;16;0;0,0;1;652,38;652,38;527,0;0;0;0;;947
C03382;1571,56;10;157,16;4887,05;0;0,032158459602418636;263;18/01/2026;1;8;0,5;8,25;26;0;0,0;1;277,79;277,79;516,0;1;0;0;47,0;668
C03383;1522,2;24;63,42;3469,47;0;0,018279449022473176;203;16/01/2026;0;6;0,16666666666666666;0,3333333333333333;2;0;0,0;1;141,35;141,35;1043,0;3;1;0;42,0;803
C03384;2278,42;18;126,58;3075,72;0;0,041154591445255094;293;16/01/2026;0;9;0,7777777777777778;6,777777777777778;18;0;0,0;4;4801,93;1200,4825;225,0;0;0;0;;789
C03385;1692,58;6;282,1;3502,74;0;0,0805369510725889;173;24/07/2025;1;5;0,6;4,4;18;0;0,0;2;3008,2;1504,1;776,0;0;0;0;;637
C03386;2167,29;12;180,61;1736,35;0;0,10401704725429782;353;08/10/2025;1;11;1,0;8,181818181818182;19;0;0,0;1;866,88;866,88;359,0;2;1;0;71,0;580
C03387;1233,8;12;102,82;5801,93;0;0,017721689162054695;203;26/01/2026;1;6;0,3333333333333333;5,0;26;0;0,0;6;5133,349999999999;855,5583333333333;157,0;0;0;0;;606
C03388;2748,35;18;152,69;4172,16;0;0,036597350053689214;413;13/01/2026;1;13;0,46153846153846156;5,0;24;0;0,0;2;2503,4;1251,7;512,0;2;1;0;1,0;737
C03389;2503,66;10;250,37;1409,05;0;0,17768709414144282;233;03/02/2026;1;7;1,0;6,142857142857143;20;0;0,0;1;775,89;775,89;878,0;2;1;0;57,0;485
C03390;951,15;10;95,12;3484,48;0;0,027298190834787402;113;10/01/2026;1;3;0,6666666666666666;5,666666666666667;10;0;0,0;0;0,0;;;0;0;0;;578
C03391;1766,07;12;147,17;2863,45;0;0,05139604323455971;233;08/01/2026;0;7;0,42857142857142855;4,142857142857143;26;0;0,0;2;2246,6800000000003;1123,3400000000001;14,0;1;0;0;192,0;741
C03392;1575,59;12;131,3;1464,06;0;0,08968211685313444;353;22/08/2025;0;11;0,36363636363636365;0,6363636363636364;2;0;0,0;2;2646,04;1323,02;775,0;0;0;0;;795
C03393;3620,17;24;150,84;1695,59;0;0,08896018495037127;113;08/01/2026;0;3;0,3333333333333333;0,3333333333333333;1;0;0,0;3;1635,77;545,2566666666667;326,0;0;0;0;;509
C03394;4940,95;6;823,49;2703,11;0;0,30464538993973606;173;22/02/2025;0;5;1,0;18,8;25;0;0,0;1;1036,87;1036,87;758,0;3;3;0;6,0;522
C03396;3373,57;6;562,26;3150,87;0;0,17844595302249855;173;11/01/2026;1;5;1,0;16,2;25;0;0,0;0;0,0;;;3;1;0;52,0;687
C03397;1423,85;24;59,33;1836,79;0;0,03230091627241002;173;11/01/2026;0;5;0,6;4,2;18;0;0,0;5;5072,75;1014,55;395,0;2;2;0;67,0;627
C03398;1188,45;12;99,04;2068,65;0;0,04787663452009765;83;14/01/2026;0;2;0,0;0,0;0;0;0,0;1;161,28;161,28;591,0;0;0;0;;760
C03400;681,87;12;56,82;3451,2;0;0,01646383866481224;113;04/02/2026;1;3;0,3333333333333333;6,666666666666667;20;0;0,0;1;215,21;215,21;816,0;0;0;0;;661
